id,name,team_id,pos_id,price,eo,xp_6,xp_7,xp_8,xp_9,xp_10,xp_11,xp_12,xp_13,var_6,var_7,var_8,var_9,var_10,var_11,var_12,var_13,cap_xp_6,cap_xp_7,cap_xp_8,cap_xp_9,cap_xp_10,cap_xp_11,cap_xp_12,cap_xp_13,horizon_xp,next_gw_xp,in_xi,is_captain,is_vice,season,bank,free_transfers
98,Janelt,4,3,5.0,0.025,4.323914083209046,4.885084801338188,4.464847113676018,3.8358336608631767,3.7697362179907286,4.6031048255045235,4.722055035352514,4.828990731144195,2.687407401608982,3.0854233115122325,2.9556404394602636,2.087291783414048,2.436430880091202,2.81558416076919,2.983731053822452,3.1328354965255465,5.364462387364269,6.063255962128763,5.567598862740349,4.640872287701849,4.679258540423313,5.663636584361383,5.932448164145948,5.9984949153434055,35.43356646907839,4.323914083209046,0,0,0,2026-2027,3.8,5
127,Gomez,5,3,5.0,0.04,5.563427629133131,3.9961845592156418,5.055279666146651,3.9016829585009556,4.558832881533358,4.993605501393933,5.242225757058692,5.052668806855654,3.7430189008916432,2.265798653989945,3.4247725805285882,2.8454351329495893,3.105736027708285,3.443977327710029,3.636032726285713,3.458071068649659,6.966474940616286,4.877127500078705,6.355133990057433,4.994021918528679,5.756260968716167,6.344190521023094,6.592941580441194,6.3875090942492925,38.36390775983802,5.563427629133131,1,0,1,2026-2027,3.8,5
566,Silva,3,2,5.0,0.004,4.7660995149076335,5.758031524228121,4.266320088334028,4.202260528153633,4.281254634967012,4.728298525011853,6.122867977534907,2.498051668917739,2.668394532034877,2.7064742359161373,2.3077087061002963,2.39918732798855,2.2910117305201965,2.5764694040579768,3.0904016932992158,1.6942479688531877,5.76656587088191,6.798331183901599,5.185968373499214,5.095949686621648,5.117364076440565,5.757800237954572,7.301339302507387,3.1498686080302405,36.62318446205492,4.7660995149076335,1,0,0,2026-2027,3.8,5
138,Kostoulas,5,4,5.6,0.040999999999999995,5.5745913689110544,2.8393392100072306,3.866820793538516,3.0847865941022627,3.183987435394858,3.717102519795581,3.9339922446175315,3.642200350450011,3.176248220954546,1.5763087371055593,2.3638388668411605,1.7884366321415388,1.8971068722087276,2.2526248660341266,2.4519522406934957,2.442662164958581,6.825260162934327,3.447986726351802,4.798659394683152,3.7523644765559414,3.9174599409869164,4.542393729891701,4.887051416886027,4.557382284201994,29.842820516817046,5.5745913689110544,1,0,0,2026-2027,3.8,5
12,Saka,1,3,9.5,0.13699999999999998,5.078825962343441,4.128058696710016,5.164830083686824,3.6905848548174878,5.136479576876679,4.368727808655677,5.142884530431761,3.6242981925936535,3.3199844192190406,2.465919693498924,3.0057949393856154,2.18972082716397,3.051857653048444,2.7033433457097864,3.043560987108465,2.0547686674473757,6.434315452382064,5.067003098802017,6.271851224472978,4.562755951016967,6.292704345844746,5.376240107423033,6.280787674778695,4.436494564004402,36.33468970611554,5.078825962343441,1,0,0,2026-2027,3.8,5
124,Groß,5,3,5.8,0.28800000000000003,6.01746461023793,4.3311632174106425,5.5808862491528375,4.627105359170282,5.273547796127337,5.472737424469182,5.680761186487902,5.583172498528349,3.931060207065069,2.440281456926783,3.6452118528143327,2.8170792986166857,3.3909517333467,3.5053906692803607,3.813204475970912,3.542350574143174,7.523252662834539,5.2876749849154105,7.045698219004279,5.711171898418802,6.593209934962807,6.813959996657067,7.170165883644772,6.933477964563079,42.56683834158446,6.01746461023793,1,1,0,2026-2027,3.8,5
110,Rushworth,7,1,4.5,0.008,4.31397810263385,7.347198008149726,4.83835824021216,3.647718045901507,4.557917186562019,4.12922961230688,4.630673518415467,2.8217750926553036,2.2841657078728166,1.5846136921457858,2.295432195726283,2.195289815885182,2.3730457875347066,2.2393013526331624,2.443662168172662,1.5381532299433847,5.188409119109917,7.9513439619961135,5.697892019309731,4.519548604724461,5.4365261771236675,5.013866986163866,5.603103499761448,3.4284395970431736,36.28684780683692,4.31397810263385,0,0,0,2026-2027,3.8,5
304,O'Shea,12,2,4.0,0.027000000000000003,5.967880945242964,2.4048045823486994,4.678662558713012,4.198685872909368,4.703564410786609,6.283994963640569,6.249993725570031,6.4522066117924455,2.4268938515908305,1.3263596294153612,2.4199547223186118,2.0877457727680677,2.476456827072246,2.7513896203507646,2.6497300139098705,2.789473865877866,6.946414041681125,2.909190330266657,5.622650849951684,5.002595157500911,5.639563552396262,7.356949287483397,7.2687003256351685,7.520064326749113,40.9397936710037,5.967880945242964,1,0,0,2026-2027,3.8,5
368,Szoboszlai,14,3,7.0,0.32799999999999996,4.373314094967448,3.6660896792632904,5.154599304432115,5.210052711556848,4.669626654849525,3.7237641394262506,4.133418704556496,4.143607522779126,2.6401266214726973,2.099194963961141,3.03155769203613,3.2274886496768698,2.945809506445468,2.107654140723635,2.681681923824573,2.121443737170932,5.4181750804876945,4.436604362755502,6.278123921641183,6.439213252375425,5.796593580002659,4.549690849385473,5.156267718631049,4.989928044183774,35.0744728118311,4.373314094967448,1,0,0,2026-2027,3.8,5
379,Isak,14,4,9.1,0.22399999999999998,3.1864551330458335,3.7126562208250737,4.397124752540159,4.63909202140976,4.150600809797684,3.6280276862103555,3.850858141244507,3.610761394037238,2.3867839877724393,2.145445420602002,2.514311443949579,2.7310788252525255,2.336413281102763,2.029513026651437,2.1677564608593074,1.928043787833671,4.062859859664537,4.574339854292414,5.37170197977921,5.667201149214805,5.017630699699177,4.370585404782133,4.675264146785278,4.364130136992154,31.175576159110612,3.1864551330458335,0,0,0,2026-2027,3.8,5
411,Haaland,15,4,15.6,0.738,3.7598816820669416,3.980372620188683,3.66027013782408,4.543076434223675,3.984761954831898,3.886117804893944,3.4539009275772186,4.139450664914852,2.079001593781648,2.185242301975748,1.973894917669122,2.2692509393400035,2.11982704727222,2.0428967878324014,1.7916795811330042,2.3521736868069367,4.574436418383488,4.82513755942776,4.414959259911528,5.434717746253357,4.7620347295988665,4.648389696443509,4.152876720351957,5.091239201781082,31.407832226521293,3.7598816820669416,0,0,0,2026-2027,3.8,5
418,Maguire,16,2,4.8,0.086,5.939747318249349,4.112427776116289,5.813657678234428,5.6574634954400755,6.28910136862751,4.106365611914081,2.117249408442375,4.170478596229864,2.8754972817015734,2.7688949257582665,3.103278244652971,2.9010766145405316,2.9619842946161836,2.7441234406382313,1.6322109516606682,2.9660024153862614,7.0287681787967635,5.1693218766824724,7.060132747942794,6.728991405910765,7.402379125544543,5.133438576681277,2.756311709891183,5.348679477664583,38.20649125325397,5.939747318249349,1,0,0,2026-2027,3.8,5
447,Botman,17,2,5.0,0.006999999999999999,5.703109160386422,5.310306690178813,3.9221539475755893,2.2925900810343545,5.694697202549685,2.9230579945161153,1.9709039548420402,4.02372030671787,2.635561044558108,2.680785230421341,2.3141827149771554,1.5379404464413677,2.6467253996465967,1.3063142874454006,1.2768589190715867,2.274663379435628,6.764013875416033,6.332672016928766,4.820684576111807,2.887057773454984,6.697284871031296,3.4271736040468244,2.4609937031407227,4.893527409892223,31.84053933780089,5.703109160386422,1,0,0,2026-2027,3.8,5
449,Hall,17,2,5.3,0.17300000000000001,6.545739420324445,6.0644764843143495,4.681066453358214,3.177295154428287,6.842729758392449,3.5936334949993527,2.3905133552910285,4.591514550322587,2.8107807243240757,2.8893775323102293,2.5790041291505372,2.14075732866952,3.0379418206139235,1.6884661070897669,1.6149760732527751,2.52497130669442,7.608616392216346,7.258587105450589,5.65927094903541,3.9888296981974976,7.99167015397055,4.269998841997037,3.0120705348134598,5.552509005678097,37.88696867143071,6.545739420324445,1,0,0,2026-2027,3.8,5
567,Horníček,17,1,5.0,0.015,7.419728724589115,5.262835187054448,3.8746600617743576,2.3892585733053266,7.383841046848939,2.4318189886930117,1.698505451053735,3.8196520236549345,1.029788762475139,1.8610729360785143,1.6774380797949129,0.9383097882432943,1.2120595112572958,1.002562640733997,0.5001140142699152,1.574181386233742,7.8308562213036454,5.947140192289614,4.48893765225083,2.7401854972976927,7.834132816989776,2.800165438617393,1.8931502515927998,4.425871200618238,34.280300056973864,7.419728724589115,1,0,0,2026-2027,3.8,5
