id,event,finished,kickoff_time,team_h,team_a,team_h_score,team_a_score
1,1,True,2025-08-15T19:00:00Z,12,4,4.0,2.0
2,1,True,2025-08-16T11:30:00Z,2,15,0.0,0.0
3,1,True,2025-08-16T14:00:00Z,6,10,1.0,1.0
6,1,True,2025-08-16T14:00:00Z,18,3,3.0,0.0
5,1,True,2025-08-16T14:00:00Z,17,19,3.0,0.0
7,1,True,2025-08-16T16:30:00Z,20,13,0.0,4.0
8,1,True,2025-08-17T13:00:00Z,7,8,0.0,0.0
4,1,True,2025-08-17T13:00:00Z,16,5,3.0,1.0
9,1,True,2025-08-17T15:30:00Z,14,1,0.0,1.0
10,1,True,2025-08-18T19:00:00Z,11,9,1.0,0.0
20,2,True,2025-08-22T19:00:00Z,19,7,1.0,5.0
18,2,True,2025-08-23T11:30:00Z,13,18,0.0,2.0
12,2,True,2025-08-23T14:00:00Z,4,20,1.0,0.0
13,2,True,2025-08-23T14:00:00Z,5,2,1.0,0.0
14,2,True,2025-08-23T14:00:00Z,3,17,2.0,0.0
11,2,True,2025-08-23T16:30:00Z,1,11,5.0,0.0
15,2,True,2025-08-24T13:00:00Z,8,16,1.0,1.0
16,2,True,2025-08-24T13:00:00Z,9,6,2.0,0.0
17,2,True,2025-08-24T15:30:00Z,10,14,1.0,1.0
19,2,True,2025-08-25T19:00:00Z,15,12,2.0,3.0
23,3,True,2025-08-30T11:30:00Z,7,10,2.0,0.0
26,3,True,2025-08-30T14:00:00Z,14,3,3.0,2.0
29,3,True,2025-08-30T14:00:00Z,18,4,0.0,1.0
28,3,True,2025-08-30T14:00:00Z,17,5,2.0,1.0
30,3,True,2025-08-30T14:00:00Z,20,9,2.0,3.0
24,3,True,2025-08-30T16:30:00Z,11,15,0.0,0.0
22,3,True,2025-08-31T13:00:00Z,6,13,2.0,1.0
27,3,True,2025-08-31T13:00:00Z,16,19,0.0,3.0
25,3,True,2025-08-31T15:30:00Z,12,1,1.0,0.0
21,3,True,2025-08-31T18:00:00Z,2,8,0.0,3.0
31,4,True,2025-09-13T11:30:00Z,1,16,3.0,0.0
32,4,True,2025-09-13T14:00:00Z,4,6,2.0,1.0
35,4,True,2025-09-13T14:00:00Z,8,17,0.0,0.0
36,4,True,2025-09-13T14:00:00Z,9,2,0.0,0.0
37,4,True,2025-09-13T14:00:00Z,10,11,1.0,0.0
39,4,True,2025-09-13T14:00:00Z,15,20,1.0,0.0
40,4,True,2025-09-13T16:30:00Z,19,18,0.0,3.0
33,4,True,2025-09-13T19:00:00Z,5,7,2.0,2.0
34,4,True,2025-09-14T13:00:00Z,3,12,0.0,1.0
38,4,True,2025-09-14T15:30:00Z,13,14,3.0,0.0
46,5,True,2025-09-20T11:30:00Z,12,9,2.0,1.0
43,5,True,2025-09-20T14:00:00Z,6,18,2.0,2.0
44,5,True,2025-09-20T14:00:00Z,3,16,1.0,1.0
49,5,True,2025-09-20T14:00:00Z,19,8,1.0,2.0
50,5,True,2025-09-20T14:00:00Z,20,11,1.0,3.0
47,5,True,2025-09-20T16:30:00Z,14,7,2.0,1.0
45,5,True,2025-09-20T19:00:00Z,10,5,3.0,1.0
42,5,True,2025-09-21T13:00:00Z,4,15,0.0,0.0
48,5,True,2025-09-21T13:00:00Z,17,2,1.0,1.0
41,5,True,2025-09-21T15:30:00Z,1,13,1.0,1.0
52,6,True,2025-09-27T11:30:00Z,5,14,3.0,1.0
53,6,True,2025-09-27T14:00:00Z,7,6,1.0,3.0
54,6,True,2025-09-27T14:00:00Z,8,12,2.0,1.0
56,6,True,2025-09-27T14:00:00Z,11,4,2.0,2.0
57,6,True,2025-09-27T14:00:00Z,13,3,5.0,1.0
59,6,True,2025-09-27T16:30:00Z,16,17,0.0,1.0
60,6,True,2025-09-27T19:00:00Z,18,20,1.0,1.0
51,6,True,2025-09-28T13:00:00Z,2,10,3.0,1.0
58,6,True,2025-09-28T15:30:00Z,15,1,1.0,2.0
55,6,True,2025-09-29T19:00:00Z,9,19,1.0,1.0
63,7,True,2025-10-03T19:00:00Z,4,10,3.0,1.0
67,7,True,2025-10-04T11:30:00Z,11,18,1.0,2.0
61,7,True,2025-10-04T14:00:00Z,1,19,2.0,0.0
68,7,True,2025-10-04T14:00:00Z,14,17,2.0,0.0
65,7,True,2025-10-04T16:30:00Z,7,12,2.0,1.0
62,7,True,2025-10-05T13:00:00Z,2,3,2.0,1.0
66,7,True,2025-10-05T13:00:00Z,9,8,2.0,1.0
69,7,True,2025-10-05T13:00:00Z,15,16,2.0,0.0
70,7,True,2025-10-05T13:00:00Z,20,6,1.0,1.0
64,7,True,2025-10-05T15:30:00Z,5,13,0.0,1.0
77,8,True,2025-10-18T11:30:00Z,16,7,0.0,3.0
71,8,True,2025-10-18T14:00:00Z,6,15,2.0,1.0
72,8,True,2025-10-18T14:00:00Z,3,11,2.0,0.0
73,8,True,2025-10-18T14:00:00Z,8,4,3.0,3.0
76,8,True,2025-10-18T14:00:00Z,13,9,2.0,0.0
78,8,True,2025-10-18T14:00:00Z,17,20,2.0,0.0
74,8,True,2025-10-18T16:30:00Z,10,1,0.0,1.0
79,8,True,2025-10-19T13:00:00Z,18,2,1.0,2.0
75,8,True,2025-10-19T15:30:00Z,12,14,1.0,2.0
80,8,True,2025-10-20T19:00:00Z,19,5,0.0,2.0
87,9,True,2025-10-24T19:00:00Z,11,19,2.0,1.0
85,9,True,2025-10-25T14:00:00Z,7,17,1.0,2.0
89,9,True,2025-10-25T14:00:00Z,15,10,2.0,1.0
88,9,True,2025-10-25T16:30:00Z,14,6,4.0,2.0
84,9,True,2025-10-25T19:00:00Z,5,12,3.0,2.0
81,9,True,2025-10-26T14:00:00Z,1,8,1.0,0.0
82,9,True,2025-10-26T14:00:00Z,2,13,1.0,0.0
83,9,True,2025-10-26T14:00:00Z,4,16,2.0,0.0
90,9,True,2025-10-26T14:00:00Z,20,3,2.0,3.0
86,9,True,2025-10-26T16:30:00Z,9,18,0.0,3.0
91,10,True,2025-11-01T15:00:00Z,6,11,3.0,0.0
92,10,True,2025-11-01T15:00:00Z,3,1,0.0,2.0
93,10,True,2025-11-01T15:00:00Z,8,5,2.0,0.0
94,10,True,2025-11-01T15:00:00Z,10,20,3.0,0.0
97,10,True,2025-11-01T15:00:00Z,16,14,2.0,2.0
99,10,True,2025-11-01T17:30:00Z,18,7,0.0,1.0
95,10,True,2025-11-01T20:00:00Z,12,2,2.0,0.0
100,10,True,2025-11-02T14:00:00Z,19,15,3.0,1.0
96,10,True,2025-11-02T16:30:00Z,13,4,3.0,1.0
98,10,True,2025-11-03T20:00:00Z,17,9,1.0,1.0
109,11,True,2025-11-08T12:30:00Z,18,14,2.0,2.0
105,11,True,2025-11-08T15:00:00Z,9,10,2.0,0.0
110,11,True,2025-11-08T15:00:00Z,19,3,3.0,2.0
108,11,True,2025-11-08T17:30:00Z,17,1,2.0,2.0
103,11,True,2025-11-08T20:00:00Z,7,20,3.0,0.0
101,11,True,2025-11-09T14:00:00Z,2,4,4.0,0.0
102,11,True,2025-11-09T14:00:00Z,5,15,3.0,1.0
104,11,True,2025-11-09T14:00:00Z,8,6,0.0,0.0
107,11,True,2025-11-09T14:00:00Z,16,11,3.0,1.0
106,11,True,2025-11-09T16:30:00Z,13,12,3.0,0.0
114,12,True,2025-11-22T12:30:00Z,3,7,0.0,2.0
112,12,True,2025-11-22T15:00:00Z,4,19,2.0,2.0
113,12,True,2025-11-22T15:00:00Z,6,5,2.0,1.0
115,12,True,2025-11-22T15:00:00Z,10,17,1.0,0.0
117,12,True,2025-11-22T15:00:00Z,12,16,0.0,3.0
120,12,True,2025-11-22T15:00:00Z,20,8,0.0,2.0
119,12,True,2025-11-22T17:30:00Z,15,13,2.0,1.0
116,12,True,2025-11-23T14:00:00Z,11,2,1.0,2.0
111,12,True,2025-11-23T16:30:00Z,1,18,4.0,1.0
118,12,True,2025-11-24T20:00:00Z,14,9,0.0,1.0
122,13,True,2025-11-29T15:00:00Z,5,3,3.0,1.0
126,13,True,2025-11-29T15:00:00Z,13,11,3.0,2.0
128,13,True,2025-11-29T15:00:00Z,17,4,3.0,2.0
125,13,True,2025-11-29T17:30:00Z,9,15,1.0,4.0
129,13,True,2025-11-29T20:00:00Z,18,10,1.0,2.0
124,13,True,2025-11-30T12:00:00Z,8,14,1.0,2.0
121,13,True,2025-11-30T14:05:00Z,2,20,1.0,0.0
127,13,True,2025-11-30T14:05:00Z,16,6,0.0,2.0
130,13,True,2025-11-30T14:05:00Z,19,12,0.0,2.0
123,13,True,2025-11-30T16:30:00Z,7,1,1.0,1.0
132,14,True,2025-12-02T19:30:00Z,4,9,0.0,1.0
135,14,True,2025-12-02T19:30:00Z,10,13,4.0,5.0
139,14,True,2025-12-02T20:15:00Z,15,18,2.0,2.0
131,14,True,2025-12-03T19:30:00Z,1,5,2.0,0.0
133,14,True,2025-12-03T19:30:00Z,6,2,3.0,4.0
134,14,True,2025-12-03T19:30:00Z,3,8,0.0,1.0
140,14,True,2025-12-03T19:30:00Z,20,16,0.0,1.0
136,14,True,2025-12-03T20:15:00Z,11,7,3.0,1.0
137,14,True,2025-12-03T20:15:00Z,12,17,1.0,1.0
138,14,True,2025-12-04T20:00:00Z,14,19,1.0,1.0
141,15,True,2025-12-06T12:30:00Z,2,1,2.0,1.0
142,15,True,2025-12-06T15:00:00Z,4,7,0.0,0.0
144,15,True,2025-12-06T15:00:00Z,9,16,3.0,0.0
147,15,True,2025-12-06T15:00:00Z,13,17,3.0,0.0
148,15,True,2025-12-06T15:00:00Z,15,3,2.0,1.0
149,15,True,2025-12-06T15:00:00Z,18,5,2.0,0.0
146,15,True,2025-12-06T17:30:00Z,11,12,3.0,3.0
143,15,True,2025-12-07T14:00:00Z,6,19,1.0,1.0
145,15,True,2025-12-07T16:30:00Z,10,8,1.0,2.0
150,15,True,2025-12-08T20:00:00Z,20,14,1.0,4.0
154,16,True,2025-12-13T15:00:00Z,7,9,2.0,0.0
156,16,True,2025-12-13T15:00:00Z,12,6,2.0,0.0
153,16,True,2025-12-13T17:30:00Z,3,10,2.0,3.0
151,16,True,2025-12-13T20:00:00Z,1,20,2.0,1.0
155,16,True,2025-12-14T14:00:00Z,8,13,0.0,3.0
158,16,True,2025-12-14T14:00:00Z,16,18,3.0,0.0
159,16,True,2025-12-14T14:00:00Z,17,15,1.0,0.0
160,16,True,2025-12-14T14:00:00Z,19,2,2.0,3.0
152,16,True,2025-12-14T16:30:00Z,5,11,1.0,1.0
157,16,True,2025-12-15T20:00:00Z,14,4,4.0,4.0
168,17,True,2025-12-20T12:30:00Z,15,7,2.0,2.0
162,17,True,2025-12-20T15:00:00Z,4,3,1.0,1.0
163,17,True,2025-12-20T15:00:00Z,6,17,0.0,0.0
167,17,True,2025-12-20T15:00:00Z,13,19,3.0,0.0
170,17,True,2025-12-20T15:00:00Z,20,5,0.0,2.0
169,17,True,2025-12-20T17:30:00Z,18,12,1.0,2.0
164,17,True,2025-12-20T20:00:00Z,9,1,0.0,1.0
166,17,True,2025-12-20T20:00:00Z,11,8,4.0,1.0
161,17,True,2025-12-21T16:30:00Z,2,14,2.0,1.0
165,17,True,2025-12-22T20:00:00Z,10,16,1.0,0.0
177,18,True,2025-12-26T20:00:00Z,14,15,1.0,0.0
178,18,True,2025-12-27T12:30:00Z,16,13,1.0,2.0
171,18,True,2025-12-27T15:00:00Z,1,6,2.0,1.0
172,18,True,2025-12-27T15:00:00Z,5,4,4.0,1.0
173,18,True,2025-12-27T15:00:00Z,3,9,0.0,0.0
176,18,True,2025-12-27T15:00:00Z,12,20,2.0,1.0
180,18,True,2025-12-27T15:00:00Z,19,10,0.0,1.0
174,18,True,2025-12-27T17:30:00Z,7,2,1.0,2.0
179,18,True,2025-12-28T14:00:00Z,17,11,1.0,1.0
175,18,True,2025-12-28T16:30:00Z,8,18,0.0,1.0
183,19,True,2025-12-30T19:30:00Z,3,15,1.0,3.0
184,19,True,2025-12-30T19:30:00Z,7,4,2.0,2.0
188,19,True,2025-12-30T19:30:00Z,16,9,0.0,2.0
190,19,True,2025-12-30T19:30:00Z,19,6,2.0,2.0
181,19,True,2025-12-30T20:15:00Z,1,2,4.0,1.0
187,19,True,2025-12-30T20:15:00Z,14,20,1.0,1.0
185,19,True,2026-01-01T17:30:00Z,8,10,1.0,1.0
186,19,True,2026-01-01T17:30:00Z,12,11,0.0,0.0
182,19,True,2026-01-01T20:00:00Z,5,18,0.0,0.0
189,19,True,2026-01-01T20:00:00Z,17,13,0.0,0.0
191,20,True,2026-01-03T12:30:00Z,2,16,3.0,1.0
193,20,True,2026-01-03T15:00:00Z,6,3,2.0,0.0
200,20,True,2026-01-03T15:00:00Z,20,19,3.0,0.0
192,20,True,2026-01-03T17:30:00Z,4,1,2.0,3.0
196,20,True,2026-01-04T12:30:00Z,11,14,1.0,1.0
194,20,True,2026-01-04T15:00:00Z,9,5,2.0,4.0
198,20,True,2026-01-04T15:00:00Z,15,8,2.0,0.0
199,20,True,2026-01-04T15:00:00Z,18,17,1.0,1.0
195,20,True,2026-01-04T15:15:00Z,10,12,2.0,2.0
197,20,True,2026-01-04T17:30:00Z,13,7,1.0,1.0
210,21,True,2026-01-06T20:00:00Z,19,16,1.0,2.0
202,21,True,2026-01-07T19:30:00Z,4,18,3.0,2.0
203,21,True,2026-01-07T19:30:00Z,5,17,3.0,0.0
205,21,True,2026-01-07T19:30:00Z,8,2,0.0,0.0
206,21,True,2026-01-07T19:30:00Z,9,20,1.0,1.0
207,21,True,2026-01-07T19:30:00Z,10,7,2.0,1.0
208,21,True,2026-01-07T19:30:00Z,13,6,1.0,1.0
204,21,True,2026-01-07T20:15:00Z,3,14,2.0,2.0
209,21,True,2026-01-07T20:15:00Z,15,11,4.0,3.0
201,21,True,2026-01-08T20:00:00Z,1,12,0.0,0.0
216,22,True,2026-01-17T12:30:00Z,14,13,2.0,0.0
213,22,True,2026-01-17T15:00:00Z,7,5,2.0,0.0
214,22,True,2026-01-17T15:00:00Z,11,10,1.0,0.0
215,22,True,2026-01-17T15:00:00Z,12,3,1.0,1.0
219,22,True,2026-01-17T15:00:00Z,18,19,1.0,2.0
218,22,True,2026-01-17T15:00:00Z,17,8,2.0,1.0
217,22,True,2026-01-17T17:30:00Z,16,1,0.0,0.0
220,22,True,2026-01-18T14:00:00Z,20,15,0.0,0.0
211,22,True,2026-01-18T16:30:00Z,2,9,0.0,1.0
212,22,True,2026-01-19T20:00:00Z,6,4,1.0,1.0
230,23,True,2026-01-24T12:30:00Z,19,17,3.0,1.0
224,23,True,2026-01-24T15:00:00Z,3,18,2.0,2.0
227,23,True,2026-01-24T15:00:00Z,10,6,2.0,1.0
228,23,True,2026-01-24T15:00:00Z,13,20,2.0,0.0
222,23,True,2026-01-24T17:30:00Z,4,12,3.0,2.0
223,23,True,2026-01-25T14:00:00Z,5,16,0.0,2.0
225,23,True,2026-01-25T14:00:00Z,8,7,1.0,3.0
229,23,True,2026-01-25T14:00:00Z,15,2,0.0,2.0
221,23,True,2026-01-25T16:30:00Z,1,14,2.0,3.0
226,23,True,2026-01-26T20:00:00Z,9,11,1.0,1.0
232,24,True,2026-01-31T15:00:00Z,6,9,1.0,1.0
234,24,True,2026-01-31T15:00:00Z,11,1,0.0,4.0
240,24,True,2026-01-31T15:00:00Z,20,4,0.0,2.0
233,24,True,2026-01-31T17:30:00Z,7,19,3.0,2.0
235,24,True,2026-01-31T20:00:00Z,12,15,4.0,1.0
231,24,True,2026-02-01T14:00:00Z,2,5,0.0,1.0
236,24,True,2026-02-01T14:00:00Z,14,10,3.0,2.0
237,24,True,2026-02-01T14:00:00Z,16,8,1.0,1.0
239,24,True,2026-02-01T16:30:00Z,18,13,2.0,2.0
238,24,True,2026-02-02T20:00:00Z,17,3,3.0,0.0
246,25,True,2026-02-06T20:00:00Z,11,16,3.0,1.0
248,25,True,2026-02-07T12:30:00Z,14,18,2.0,0.0
241,25,True,2026-02-07T15:00:00Z,1,17,3.0,0.0
242,25,True,2026-02-07T15:00:00Z,4,2,1.0,1.0
244,25,True,2026-02-07T15:00:00Z,3,19,0.0,2.0
245,25,True,2026-02-07T15:00:00Z,10,9,1.0,2.0
250,25,True,2026-02-07T15:00:00Z,20,7,1.0,3.0
249,25,True,2026-02-07T17:30:00Z,15,5,2.0,3.0
243,25,True,2026-02-08T14:00:00Z,6,8,0.0,1.0
247,25,True,2026-02-08T16:30:00Z,12,13,1.0,2.0
253,26,True,2026-02-10T19:30:00Z,7,11,2.0,2.0
255,26,True,2026-02-10T19:30:00Z,9,4,1.0,2.0
259,26,True,2026-02-10T19:30:00Z,18,15,1.0,2.0
260,26,True,2026-02-10T20:15:00Z,19,14,1.0,1.0
251,26,True,2026-02-11T19:30:00Z,2,6,1.0,0.0
256,26,True,2026-02-11T19:30:00Z,13,10,3.0,0.0
257,26,True,2026-02-11T19:30:00Z,16,20,0.0,0.0
254,26,True,2026-02-11T19:40:00Z,8,3,2.0,3.0
258,26,True,2026-02-11T20:15:00Z,17,12,0.0,1.0
252,26,True,2026-02-12T20:00:00Z,5,1,1.0,1.0
310,26,True,2026-02-18T20:00:00Z,20,1,2.0,2.0
261,27,True,2026-02-21T15:00:00Z,2,11,1.0,1.0
262,27,True,2026-02-21T15:00:00Z,5,6,0.0,2.0
263,27,True,2026-02-21T15:00:00Z,7,3,1.0,1.0
270,27,True,2026-02-21T17:30:00Z,19,4,0.0,0.0
266,27,True,2026-02-21T20:00:00Z,13,15,2.0,1.0
264,27,True,2026-02-22T14:00:00Z,8,20,1.0,0.0
267,27,True,2026-02-22T14:00:00Z,16,12,0.0,1.0
268,27,True,2026-02-22T14:00:00Z,17,10,1.0,3.0
269,27,True,2026-02-22T16:30:00Z,18,1,1.0,4.0
265,27,True,2026-02-23T20:00:00Z,9,14,0.0,1.0
280,28,True,2026-02-27T20:00:00Z,20,2,2.0,0.0
272,28,True,2026-02-28T12:30:00Z,4,17,1.0,1.0
274,28,True,2026-02-28T15:00:00Z,3,5,3.0,4.0
277,28,True,2026-02-28T15:00:00Z,12,19,5.0,2.0
279,28,True,2026-02-28T15:00:00Z,15,9,2.0,3.0
276,28,True,2026-02-28T17:30:00Z,11,13,0.0,1.0
273,28,True,2026-03-01T14:00:00Z,6,16,2.0,1.0
275,28,True,2026-03-01T14:00:00Z,10,18,2.0,1.0
278,28,True,2026-03-01T14:00:00Z,14,8,2.0,1.0
271,28,True,2026-03-01T16:30:00Z,1,7,2.0,1.0
282,29,True,2026-03-03T19:30:00Z,4,5,0.0,0.0
284,29,True,2026-03-03T19:30:00Z,9,3,2.0,0.0
286,29,True,2026-03-03T19:30:00Z,11,17,0.0,1.0
290,29,True,2026-03-03T20:15:00Z,20,12,2.0,1.0
281,29,True,2026-03-04T19:30:00Z,2,7,1.0,4.0
283,29,True,2026-03-04T19:30:00Z,6,1,0.0,1.0
285,29,True,2026-03-04T19:30:00Z,10,19,0.0,1.0
287,29,True,2026-03-04T19:30:00Z,13,16,2.0,2.0
288,29,True,2026-03-04T20:15:00Z,15,14,2.0,1.0
289,29,True,2026-03-05T20:00:00Z,18,8,1.0,3.0
293,30,True,2026-03-14T15:00:00Z,3,4,0.0,0.0
299,30,True,2026-03-14T15:00:00Z,17,6,0.0,1.0
291,30,True,2026-03-14T17:30:00Z,1,9,2.0,0.0
294,30,True,2026-03-14T17:30:00Z,7,15,0.0,1.0
300,30,True,2026-03-14T20:00:00Z,19,13,1.0,1.0
295,30,True,2026-03-15T14:00:00Z,8,11,0.0,0.0
297,30,True,2026-03-15T14:00:00Z,14,2,3.0,1.0
298,30,True,2026-03-15T14:00:00Z,16,10,0.0,0.0
296,30,True,2026-03-15T16:30:00Z,12,18,1.0,1.0
292,30,True,2026-03-16T20:00:00Z,5,20,2.0,2.0
302,31,True,2026-03-20T20:00:00Z,4,14,2.0,2.0
303,31,True,2026-03-21T12:45:00Z,6,12,2.0,1.0
305,31,True,2026-03-21T15:00:00Z,10,3,3.0,1.0
304,31,True,2026-03-21T17:30:00Z,9,7,3.0,0.0
306,31,True,2026-03-21T20:00:00Z,11,5,0.0,0.0
308,31,True,2026-03-22T12:00:00Z,15,17,1.0,2.0
301,31,True,2026-03-22T14:15:00Z,2,19,2.0,0.0
309,31,True,2026-03-22T14:15:00Z,18,16,0.0,3.0
320,32,True,2026-04-10T19:00:00Z,19,20,4.0,0.0
311,32,True,2026-04-11T11:30:00Z,1,4,1.0,2.0
312,32,True,2026-04-11T14:00:00Z,5,9,2.0,2.0
313,32,True,2026-04-11T14:00:00Z,3,6,0.0,2.0
316,32,True,2026-04-11T16:30:00Z,12,10,2.0,0.0
315,32,True,2026-04-12T13:00:00Z,8,15,2.0,1.0
318,32,True,2026-04-12T13:00:00Z,16,2,1.0,1.0
319,32,True,2026-04-12T13:00:00Z,17,18,1.0,0.0
314,32,True,2026-04-12T15:30:00Z,7,13,0.0,3.0
317,32,True,2026-04-13T19:00:00Z,14,11,1.0,2.0
322,33,True,2026-04-18T11:30:00Z,5,10,0.0,0.0
326,33,True,2026-04-18T14:00:00Z,11,20,3.0,0.0
328,33,True,2026-04-18T14:00:00Z,15,4,1.0,2.0
330,33,True,2026-04-18T16:30:00Z,18,6,2.0,2.0
323,33,True,2026-04-18T19:00:00Z,7,14,0.0,1.0
321,33,True,2026-04-19T13:00:00Z,2,17,4.0,3.0
325,33,True,2026-04-19T13:00:00Z,9,12,1.0,2.0
329,33,True,2026-04-19T13:00:00Z,16,3,4.0,1.0
327,33,True,2026-04-19T15:30:00Z,13,1,2.0,1.0
324,33,True,2026-04-20T19:00:00Z,8,19,0.0,0.0
333,33,True,2026-04-21T19:00:00Z,6,7,3.0,0.0
332,33,True,2026-04-22T19:00:00Z,4,11,2.0,2.0
334,33,True,2026-04-22T19:00:00Z,3,13,0.0,1.0
338,34,False,2026-04-24T19:00:00Z,17,16,,
335,34,False,2026-04-25T11:30:00Z,10,2,,
336,34,False,2026-04-25T14:00:00Z,12,8,,
339,34,False,2026-04-25T14:00:00Z,19,9,,
340,34,False,2026-04-25T14:00:00Z,20,18,,
331,34,False,2026-04-25T16:30:00Z,1,15,,
337,34,False,2026-04-27T19:00:00Z,14,5,,
347,35,False,2026-05-01T19:00:00Z,11,3,,
344,35,False,2026-05-02T14:00:00Z,5,19,,
349,35,False,2026-05-02T14:00:00Z,15,6,,
350,35,False,2026-05-02T14:00:00Z,20,17,,
341,35,False,2026-05-02T16:30:00Z,1,10,,
343,35,False,2026-05-03T13:00:00Z,4,8,,
348,35,False,2026-05-03T14:30:00Z,14,12,,
342,35,False,2026-05-03T18:00:00Z,2,18,,
345,35,False,2026-05-04T14:00:00Z,7,16,,
346,35,False,2026-05-04T19:00:00Z,9,13,,
355,36,False,2026-05-09T11:30:00Z,12,7,,
351,36,False,2026-05-09T14:00:00Z,6,20,,
354,36,False,2026-05-09T14:00:00Z,10,4,,
358,36,False,2026-05-09T14:00:00Z,17,14,,
356,36,False,2026-05-09T16:30:00Z,13,5,,
352,36,False,2026-05-10T13:00:00Z,3,2,,
353,36,False,2026-05-10T13:00:00Z,8,9,,
357,36,False,2026-05-10T13:00:00Z,16,15,,
360,36,False,2026-05-10T15:30:00Z,19,1,,
359,36,False,2026-05-11T19:00:00Z,18,11,,
361,37,False,2026-05-17T14:00:00Z,1,3,,
362,37,False,2026-05-17T14:00:00Z,2,12,,
363,37,False,2026-05-17T14:00:00Z,4,13,,
364,37,False,2026-05-17T14:00:00Z,5,8,,
365,37,False,2026-05-17T14:00:00Z,7,18,,
366,37,False,2026-05-17T14:00:00Z,9,17,,
367,37,False,2026-05-17T14:00:00Z,11,6,,
368,37,False,2026-05-17T14:00:00Z,14,16,,
369,37,False,2026-05-17T14:00:00Z,15,19,,
370,37,False,2026-05-17T14:00:00Z,20,10,,
371,38,False,2026-05-24T15:00:00Z,6,14,,
372,38,False,2026-05-24T15:00:00Z,3,20,,
373,38,False,2026-05-24T15:00:00Z,8,1,,
374,38,False,2026-05-24T15:00:00Z,10,15,,
375,38,False,2026-05-24T15:00:00Z,12,5,,
376,38,False,2026-05-24T15:00:00Z,13,2,,
377,38,False,2026-05-24T15:00:00Z,16,4,,
379,38,False,2026-05-24T15:00:00Z,18,9,,
378,38,False,2026-05-24T15:00:00Z,17,7,,
380,38,False,2026-05-24T15:00:00Z,19,11,,
