id,lambda_h,lambda_a,cs_h_p,cs_a_p
1,1.3694134,0.8667336,0.42032227,0.25425607
2,1.0596397,1.1775715,0.30802587,0.34658065
3,1.4941047,1.0525672,0.34904054,0.22444944
4,1.2951497,1.0509342,0.34961098,0.27385688
5,1.583831,1.020867,0.36028242,0.20518754
6,1.0353285,1.1535534,0.31551367,0.3551097
7,1.778698,1.1849768,0.3057533,0.16885786
8,2.9048135,0.8286061,0.4366575,0.054759
9,2.5444558,0.4875203,0.61414737,0.07851577
10,0.45717955,1.4176626,0.24227966,0.63306665
11,1.0897967,1.0862206,0.33748958,0.33628485
12,2.210468,0.30815277,0.7348031,0.109649315
13,1.558773,0.98996973,0.37158793,0.21039404
14,1.428734,1.8034047,0.16473706,0.23961209
15,0.9820011,1.1924064,0.30349007,0.3745608
16,1.5052469,0.8714671,0.41833735,0.2219625
17,2.1561947,1.4775722,0.22819103,0.115764804
18,0.45490614,2.49047,0.08287102,0.6345075
19,0.84068555,0.228075,0.7960645,0.43141466
20,1.0387225,0.9691545,0.37940368,0.35390648
21,2.0819335,0.96877015,0.37954953,0.12468889
22,1.8700227,1.3157457,0.2682742,0.15412018
23,0.75024563,1.1059698,0.33088985,0.47225052
24,0.99280024,1.0870907,0.33719608,0.37053764
25,2.0284941,0.9064939,0.40393803,0.13153344
26,2.009031,0.46503556,0.6281128,0.13411856
27,2.1784966,0.95129186,0.3862417,0.11321161
28,0.72453064,0.7428025,0.47577864,0.48455194
29,1.7968289,1.4502143,0.23452003,0.16582389
30,2.1215646,1.5546242,0.21126877,0.119843975
31,1.1662515,1.2504824,0.2863666,0.3115325
32,2.8308525,1.3037176,0.27152053,0.05896257
33,1.4041755,1.1869389,0.30515397,0.24556945
34,0.89994067,0.9965759,0.36914125,0.40659377
35,1.4346707,1.670324,0.18818608,0.23819378
36,0.6894219,2.650949,0.0705842,0.5018661
37,0.6609973,1.1406804,0.3196015,0.51633614
38,2.3968945,1.624059,0.19709705,0.09100012
39,0.78525645,0.6809541,0.50613385,0.4560027
40,1.0659556,0.60121936,0.54814285,0.3443986
41,1.4764766,1.0659009,0.34441742,0.22844118
42,2.4401865,1.7970946,0.16577984,0.087144606
43,1.1122645,1.6590528,0.19031915,0.32881352
44,1.7393528,1.073247,0.3418966,0.17563403
45,1.407064,1.1385347,0.32028803,0.24486116
46,0.5294004,1.7813656,0.16840802,0.588958
47,1.553254,0.5405403,0.5824335,0.21155843
48,2.0260437,1.0953131,0.33443487,0.13185616
49,1.2462,0.9179311,0.39934438,0.2875956
50,1.3640492,1.0465378,0.3511514,0.2556236
51,2.879091,2.440399,0.08712609,0.056185808
52,1.0373733,1.1601682,0.31343347,0.3543843
53,1.7064621,1.2179556,0.29583436,0.1815068
54,1.0055866,0.7217459,0.48590314,0.36582997
55,1.7136564,1.7002866,0.18263116,0.18020567
56,1.217545,0.59422135,0.55199224,0.29595587
57,1.3973159,1.3053787,0.27106985,0.24725975
58,2.2605293,0.728435,0.48266378,0.10429526
59,2.5242047,1.224147,0.2940084,0.080122
60,1.2674265,1.257893,0.28425235,0.28155527
61,1.6519353,0.9156858,0.40024206,0.19167858
62,1.9589703,1.8093143,0.1637664,0.14100353
63,0.803514,1.4868127,0.22609212,0.44775277
64,1.9449248,1.2453907,0.28782845,0.14299798
65,2.0154228,0.48025882,0.61862326,0.13326405
66,1.1321698,1.8088118,0.16384871,0.3223331
67,1.3117136,1.3312106,0.2641573,0.2693581
68,1.3028499,1.2031584,0.30024445,0.27175623
69,1.3982781,1.3587391,0.2569846,0.24702193
70,2.582203,0.7132959,0.49002647,0.07560726
71,1.8071784,1.6029177,0.20130831,0.16411656
72,0.7173176,0.46334842,0.6291734,0.4880597
73,1.1442103,2.7499075,0.063933775,0.31847534
74,0.98626614,1.3492236,0.2594416,0.3729667
75,1.150443,1.5619178,0.20973347,0.31649655
76,1.4401364,0.6788049,0.5072229,0.23689544
77,1.8761786,0.77414787,0.46109653,0.15317433
78,2.3304768,0.9808417,0.37499532,0.097249374
79,1.3555454,1.0142702,0.362667,0.25780666
80,1.9815004,0.5209096,0.5939801,0.13786224
81,0.66660094,1.3811088,0.25129977,0.51345086
82,2.1336727,0.78102076,0.45793828,0.11840164
83,2.0230796,2.6673076,0.06943893,0.13224757
84,1.9016992,0.6992633,0.4969513,0.14931469
85,2.1002016,0.9342792,0.39286897,0.12243175
86,1.9988022,1.0455087,0.35151294,0.1354975
87,1.3794445,0.78306323,0.45700395,0.25171834
88,2.2724323,2.123808,0.11957542,0.10306121
89,1.4876443,1.5858989,0.20476365,0.22590418
90,2.1043649,2.0027232,0.13496724,0.12192309
91,1.2233454,1.187998,0.3048309,0.29424417
92,0.8289009,2.1939478,0.111475796,0.43652883
93,2.1578689,3.1165545,0.044309575,0.11557116
94,0.9209688,0.3928278,0.67514503,0.39813316
95,2.1379457,1.6374588,0.1944736,0.117896795
96,1.3289522,1.06129,0.34600917,0.26475453
97,1.1083864,1.7471412,0.17427143,0.33009118
98,1.2653115,1.5874157,0.20445329,0.2821514
99,1.7289339,0.9602734,0.3827882,0.17747349
100,1.6093249,1.1677294,0.31107247,0.2000226
101,0.88924897,2.065846,0.12671106,0.41096428
102,0.6057782,3.353469,0.03496286,0.54564965
103,1.1571015,3.6360795,0.026355468,0.31439614
104,0.6423478,0.4346852,0.6474685,0.52605593
105,1.2736231,2.6029048,0.074058145,0.279816
106,2.0455637,4.960262,0.007011092,0.12930727
107,1.098484,1.1772625,0.30812106,0.33337608
108,0.91027427,0.51466155,0.59770286,0.40241382
109,1.2660002,1.3481063,0.25973165,0.28195715
110,2.3416708,0.8615435,0.42250946,0.096166834
111,1.1808692,0.35834223,0.6988339,0.30701175
112,1.0600796,0.7816172,0.45766523,0.34642822
113,1.2886935,0.4177033,0.6585576,0.27563065
114,0.8342482,1.6068109,0.20052609,0.43420076
115,1.7101547,1.9110719,0.14792174,0.18083781
116,1.5200651,1.6922971,0.18409614,0.21869764
117,1.4533465,0.76831996,0.46379158,0.2337866
118,0.7061851,1.6406001,0.19386367,0.49352333
119,0.9032491,2.4631317,0.08516782,0.40525082
120,1.0921408,1.9935864,0.13620605,0.3354975
121,0.99663913,0.43285477,0.6486547,0.3691179
122,1.3118356,1.1096972,0.32965878,0.26932523
123,0.9691298,1.2319224,0.2917312,0.37941304
124,1.4314775,1.3619682,0.25615612,0.23895559
125,1.7783746,1.5440706,0.2135102,0.16891249
126,1.3150845,1.6707644,0.18810321,0.26845166
127,1.8457059,1.6631467,0.18954161,0.15791382
128,1.066002,1.3364954,0.26276493,0.3443826
129,0.7673146,1.4379007,0.23742566,0.4642581
130,2.2655134,0.89619404,0.40812,0.10377674
131,0.7037765,2.125022,0.119430356,0.4947135
132,1.8637047,2.5413842,0.07875731,0.15509698
133,0.5178066,1.9326516,0.14476383,0.595826
134,2.2044384,1.5354784,0.21535265,0.110312454
135,1.7777702,1.4200412,0.24170405,0.1690146
136,1.2944994,2.1030724,0.12208078,0.274035
137,0.57415664,4.180672,0.015288228,0.5631797
138,3.2521868,0.6143537,0.5409905,0.038689513
139,0.84488463,1.0324464,0.35613462,0.42960694
140,2.9384806,1.0189141,0.36098674,0.052946117
141,2.1999202,1.1529962,0.31568947,0.110812
142,1.1987007,1.3616306,0.25624263,0.30158582
143,0.8502415,1.0275147,0.3578953,0.42731175
144,4.563766,0.92574227,0.39623716,0.010422733
145,0.6566764,1.737376,0.17598157,0.518572
146,1.5735892,1.4185715,0.24205957,0.2072998
147,0.9044698,1.898178,0.1498414,0.40475646
148,0.8481026,1.8407235,0.15870257,0.42822668
149,3.207075,1.1941546,0.30295998,0.04047483
150,1.5531591,2.2257168,0.10798998,0.21157852
151,2.1035924,0.8000338,0.44931376,0.1220173
152,1.5757756,1.1443633,0.3184266,0.20684706
153,1.5359613,1.1917077,0.3037022,0.21524869
154,2.7517319,0.7081875,0.49253613,0.06381725
155,1.20334,1.5207632,0.21854503,0.30018988
156,1.1630241,1.0297686,0.35708955,0.3125396
157,1.6292139,2.224129,0.10816159,0.19608365
158,1.5857668,1.5029436,0.22247432,0.2047907
159,0.88286525,1.4913231,0.22507466,0.41359615
160,0.94931895,3.4685037,0.031163624,0.3870045
161,1.5799313,1.146374,0.317787,0.20598926
162,2.5455797,1.7835711,0.168037,0.078427576
163,0.6605868,1.8240179,0.16137606,0.51654816
164,1.9492084,1.0986416,0.33332357,0.14238675
165,2.9195287,0.88419116,0.41304815,0.05395911
166,0.82633847,1.2558752,0.28482646,0.43764883
167,2.052811,1.9236798,0.14606847,0.12837355
168,0.6456402,0.7103664,0.49146405,0.52432674
169,0.6517726,1.0579429,0.34716925,0.5211212
170,2.3023963,0.4577453,0.6327086,0.10001889
171,0.90066177,0.7849075,0.4561619,0.4063007
172,1.681174,1.0406066,0.35324034,0.1861553
173,1.2947971,0.47151068,0.62405884,0.27395344
174,0.50758976,1.2106246,0.2980111,0.6019447
175,1.5476228,1.5280524,0.2169578,0.21275312
176,0.79692984,1.3391548,0.26206708,0.45071056
177,1.3481107,3.2433224,0.039033994,0.25973052
178,1.9656006,1.4159197,0.2427023,0.14007173
179,1.1364067,1.9047042,0.14886667,0.32097033
180,1.5493668,0.4620818,0.62997085,0.21238242
181,1.5975167,0.51699644,0.59630895,0.20239852
182,1.799893,1.0015686,0.36730283,0.16531658
183,1.2544118,0.80470055,0.44722182,0.2852436
184,1.2408566,1.4350071,0.23811369,0.2891364
185,0.74273276,1.892996,0.15061988,0.47581187
186,1.7858591,0.9719929,0.3783283,0.16765296
187,1.506099,0.48453876,0.6159813,0.22177345
188,1.3879478,0.53149104,0.587728,0.249587
189,0.9841221,1.2183452,0.29571912,0.37376723
190,2.042634,1.0129763,0.36313656,0.12968665
191,1.7002888,1.3337908,0.26347658,0.18263078
192,0.67459244,1.056112,0.34780544,0.509364
193,2.13883,1.637166,0.19453055,0.117792584
194,0.72443604,0.9212654,0.39801505,0.4845978
195,3.7755454,1.4162172,0.2426301,0.022924583
196,0.6272805,1.1497976,0.31670088,0.5340422
197,1.577421,1.1106386,0.32934856,0.20650701
198,1.8773586,1.462732,0.2316027,0.1529937
199,1.1569116,0.9474595,0.38772476,0.31445584
200,1.5205886,0.56982714,0.5656232,0.21858317
201,3.7216678,0.5535492,0.5749058,0.024193585
202,3.3620872,1.885625,0.1517342,0.03466283
203,0.5983672,0.71836686,0.48754779,0.5497085
204,0.53592974,1.4099332,0.2441596,0.585125
205,2.606719,1.3358711,0.26292905,0.07377621
206,1.2309226,1.2949191,0.27392,0.29202303
207,0.45817906,3.1098344,0.04460834,0.6324342
208,1.1192602,1.6125132,0.19938588,0.32652128
209,1.9601834,1.1212268,0.32587978,0.14083259
210,2.0408018,1.5407933,0.2142111,0.12992449
211,1.3592502,0.7932981,0.4523504,0.2568533
212,2.1691725,0.46778923,0.62638557,0.11427214
213,1.343026,1.0198344,0.36065462,0.26105452
214,3.2231388,0.9073868,0.4035775,0.039829843
215,0.52433455,1.5490638,0.21244678,0.59194916
216,1.2025974,0.745348,0.47456917,0.3004129
217,1.8029906,1.6732236,0.1876412,0.1648053
218,1.7540143,1.5756534,0.20687233,0.17307776
219,2.807652,1.990757,0.13659199,0.060346518
220,1.1584729,1.118553,0.32675225,0.31396526
221,1.1418695,0.9189426,0.39894068,0.31922168
222,1.2735776,1.4045362,0.24548085,0.27982873
223,1.2265434,1.980946,0.1379387,0.29330468
224,0.34815612,1.313907,0.26876792,0.70598865
225,0.85913664,1.169755,0.31044298,0.42352754
226,1.8497778,0.6260656,0.53469133,0.1572721
227,0.86239463,1.5523522,0.2117493,0.42215
228,1.7790008,0.5503816,0.57672966,0.16880675
229,2.0206838,0.54059374,0.5824024,0.13256478
230,1.6896198,0.76885766,0.46354225,0.1845897
231,1.7369137,2.2328544,0.10722194,0.17606296
232,1.0419061,0.6629044,0.51535237,0.35278162
233,2.2314763,1.6748269,0.18734062,0.1073698
234,2.1904974,1.0713938,0.34253076,0.1118611
235,0.5560186,1.5625211,0.20960698,0.5734878
236,1.2107844,1.0360471,0.3548546,0.29796347
237,1.3941412,0.6639748,0.514801,0.24804597
238,0.49479106,0.95083916,0.38641658,0.6096983
239,0.5179212,1.0527233,0.34898606,0.5957578
240,0.9885758,2.9467273,0.052511282,0.37210625
241,2.082274,1.0605487,0.3462658,0.124646455
242,1.6566173,0.87585187,0.41650704,0.19078325
243,1.7273245,0.87276393,0.41779515,0.17775936
244,1.7533032,0.86992186,0.4189843,0.17320088
245,1.8784851,1.0980426,0.3335233,0.15282144
246,1.3415663,1.2575287,0.2843559,0.26143587
247,1.297111,1.0483052,0.35053134,0.27332026
248,0.9880899,1.3798468,0.25161707,0.3722871
249,1.0878955,0.2826467,0.753786,0.33692482
250,4.2498317,0.3681869,0.6919879,0.014266635
251,1.2628493,1.0331482,0.35588482,0.28284693
252,1.4901986,0.6251051,0.5352052,0.2253279
253,1.2731729,1.0000756,0.36785161,0.27994198
254,1.7209984,2.3820913,0.092357226,0.17888744
255,2.0526285,0.43664128,0.6462032,0.12839696
256,1.7833688,0.99682844,0.36904803,0.16807099
257,0.5487058,0.85264677,0.42628518,0.577697
258,0.43178713,0.73861516,0.4777751,0.6493476
259,1.5224878,1.1603053,0.3133905,0.21816845
260,1.3606057,0.5390716,0.5832895,0.25650534
261,1.017463,2.0704525,0.1261287,0.36151093
262,2.7639995,0.45482647,0.6345581,0.06303914
263,1.9748762,1.2759514,0.27916524,0.1387785
264,1.1544749,0.65265435,0.5206619,0.315223
265,0.7319014,0.4595185,0.6315877,0.48099354
266,1.1170911,0.9301316,0.39450175,0.3272303
267,1.7890909,1.4020164,0.24610025,0.16711202
268,2.5478408,0.62721044,0.5340796,0.07825044
269,2.1479526,0.976956,0.37645528,0.11672289
270,1.9981112,1.3068023,0.27068424,0.13559113
271,1.7559271,0.98095644,0.37495232,0.17274702
272,2.3094466,1.2424476,0.28867677,0.099316195
273,0.5725411,0.7207932,0.48636636,0.5640902
274,1.1538662,0.9549375,0.38483617,0.31541494
275,1.3688568,0.8847267,0.41282696,0.25439763
276,2.0872436,1.0602449,0.346371,0.12402854
277,1.7434465,1.4674466,0.23051332,0.17491654
278,1.6377238,1.2426991,0.28860417,0.19442207
279,1.9112915,1.6038041,0.20112994,0.14788927
280,1.0688597,1.0595418,0.3466146,0.34339988
281,2.0766675,1.096157,0.3341528,0.12534724
282,1.4288888,1.4903411,0.22529581,0.23957497
283,2.0389497,1.104499,0.33137685,0.13016535
284,1.4355371,1.5938455,0.20314293,0.2379875
285,1.7461213,0.7593977,0.4679482,0.17444928
286,1.9290934,1.171153,0.3100093,0.14527987
287,1.7374761,1.124382,0.32485318,0.17596397
288,2.1977417,0.6681002,0.51268166,0.11105367
289,0.5999321,1.0272701,0.3579829,0.5488489
290,0.93748033,2.0293238,0.13142437,0.3916133
291,1.7084502,1.1701733,0.31031314,0.18114631
292,2.8210876,2.0860534,0.12417625,0.059541147
293,2.061134,0.71001697,0.4916359,0.12730952
294,0.68034124,1.2084332,0.29866487,0.50644416
295,1.1057025,1.5016471,0.22276296,0.33097827
296,1.1932777,0.8726112,0.41785902,0.30322576
297,1.391199,1.6432683,0.19334708,0.24877684
298,2.014616,0.9549433,0.38483396,0.13337162
299,2.2164364,1.6614424,0.18986493,0.10899684
300,2.1433856,1.7346374,0.17646419,0.11725718
301,1.7233484,0.67600566,0.50864464,0.17846756
302,1.7250757,0.39232504,0.67548454,0.17815955
303,1.1527697,0.65935695,0.51718384,0.315761
304,0.8928266,1.9124507,0.14771794,0.40949664
305,2.1226234,0.63877964,0.52793634,0.11971714
306,1.9824541,0.61097264,0.5428226,0.13773082
307,1.5292982,1.6185597,0.19818392,0.2166877
308,1.2903239,1.0120065,0.36348888,0.27518162
309,1.482519,0.4336738,0.6481237,0.227065
310,2.7213109,1.0715812,0.3424666,0.06578846
311,1.331396,0.8279994,0.43692252,0.26410833
312,1.8402529,1.6271119,0.19649626,0.15877727
313,1.5483384,0.98894525,0.3719688,0.21260093
314,1.3113672,1.7334133,0.17668031,0.2694514
315,3.1612725,0.6983312,0.4974147,0.042371787
316,2.0917468,0.96545583,0.38080958,0.12347127
317,1.2336605,0.9979933,0.36861843,0.29122463
318,2.236804,1.0366231,0.35465023,0.10679929
319,2.42851,0.8337999,0.43439546,0.08816811
320,1.7999281,1.09257,0.33535355,0.16531079
321,1.1332495,0.85879755,0.42367125,0.32198527
322,1.1413919,1.7315459,0.17701055,0.3193742
323,1.669519,1.2003514,0.3010884,0.18833764
324,1.0824481,1.7339656,0.17658277,0.33876517
325,2.765557,0.7930731,0.45245224,0.06294103
326,1.2337322,1.2976063,0.27318493,0.2912037
327,2.3736863,1.4238794,0.24077813,0.09313676
328,2.4259427,1.7194618,0.17916253,0.08839475
329,1.3097676,2.3104188,0.09921968,0.26988277
330,1.1665317,1.5205934,0.21858214,0.31144527
331,1.5641776,1.6240673,0.19709541,0.20926003
332,0.94298655,1.4898928,0.2253968,0.38946298
333,1.1967692,1.1665051,0.31145355,0.30216888
334,0.89864296,1.2237674,0.29412,0.40712175
335,2.7323701,3.704117,0.024621947,0.06506489
336,1.8710076,1.3291777,0.26469484,0.15396845
337,1.8883418,0.56467396,0.56854546,0.15132253
338,2.3183043,2.5422585,0.07868848,0.098440364
339,1.8230485,1.3075714,0.27047613,0.16153258
340,1.7372103,0.926655,0.3958757,0.17601074
341,1.7531438,1.1278819,0.32371822,0.1732285
342,1.196092,0.7766467,0.4599458,0.3023736
343,1.9162434,0.91026056,0.40241936,0.14715874
344,2.3719769,0.4286538,0.6513854,0.09329611
345,1.6901016,0.885749,0.41240516,0.18450075
346,2.2350163,2.1856444,0.112405285,0.106990375
347,1.2130147,1.3382982,0.26229167,0.29729965
348,1.7030863,1.103788,0.33161256,0.18212058
349,2.0550008,0.8520279,0.42654905,0.12809272
350,0.8502243,2.5818539,0.07563366,0.42731905
351,1.6501017,0.7245043,0.48456472,0.1920304
352,1.0532463,0.7582467,0.4684871,0.3488036
353,1.3781396,0.948793,0.38720813,0.25204703
354,2.6504989,2.1857808,0.11238995,0.07061598
355,1.7053431,1.5241914,0.2177971,0.18171002
356,0.8452749,0.40739742,0.6653797,0.42943925
357,1.2100676,1.5542771,0.21134211,0.29817712
358,0.9516491,1.2934303,0.2743281,0.38610375
359,2.565952,1.1877261,0.3049138,0.07684599
360,1.7228361,1.1359117,0.32112923,0.178559
361,1.317309,0.80612427,0.44658557,0.26785514
362,1.285514,0.69202375,0.500562,0.27650842
363,1.10768,1.694464,0.18369766,0.33032444
364,2.1760511,0.965936,0.38062677,0.1134888
365,2.6155322,0.97833425,0.37593678,0.073128864
366,1.3399215,1.7104337,0.18078735,0.2618662
367,0.92762035,1.1340381,0.32173145,0.39549372
368,0.82498837,1.0595268,0.3466198,0.4382401
369,1.7539428,1.1439271,0.31856552,0.17309013
370,1.1108519,1.5650969,0.20906775,0.32927832
371,2.9800534,0.95082587,0.38642174,0.05079012
372,1.391856,1.0914986,0.33571303,0.24861345
373,1.1187227,0.62449443,0.5355321,0.32669684
374,0.72707886,0.6720573,0.51065695,0.48331878
375,0.5390556,0.83611697,0.43339014,0.5832989
376,2.1431816,1.3211478,0.2668289,0.11728111
377,1.655014,2.9892108,0.05032714,0.19108938
378,1.230066,1.1634138,0.31241783,0.2922733
379,1.6011474,2.2862175,0.10165022,0.201665
380,1.9715923,0.921133,0.3980678,0.13923497
381,1.5507805,1.2195282,0.29536948,0.21208239
382,1.5348469,1.564876,0.20911396,0.21548867
383,1.57321,0.89467025,0.40874237,0.20737842
384,2.4794426,1.8448545,0.15804832,0.08378992
385,2.1893644,0.6048547,0.5461537,0.111987896
386,0.76814055,0.77528185,0.46057394,0.46387485
387,1.53333,1.0523722,0.3491086,0.21581581
388,1.9213983,0.91939205,0.3987614,0.1464021
389,2.4975328,1.926572,0.14564662,0.082287766
390,1.5234518,0.5688722,0.56616354,0.21795824
391,1.7352029,0.87353086,0.4174749,0.17636442
392,1.84667,0.86030686,0.42303225,0.15776163
393,1.3337749,0.8834168,0.41336808,0.26348075
394,1.3968682,1.2493377,0.28669462,0.24737045
395,0.6483296,1.0222187,0.35979575,0.5229185
396,0.98885006,1.1351814,0.32136384,0.3720042
397,1.379126,1.2039473,0.30000764,0.25179854
398,1.517461,1.2594838,0.28380048,0.21926792
399,2.1906645,1.6992017,0.1828294,0.111842394
400,0.9031712,1.6158164,0.19872838,0.4052824
401,1.0975602,2.0835192,0.124491334,0.33368424
402,1.3070631,1.4810498,0.22739886,0.27061364
403,1.9583505,1.7771815,0.16911411,0.14109096
404,1.156219,1.3080482,0.2703472,0.31467372
405,1.354232,1.3534286,0.25835297,0.2581455
406,0.6370542,2.8416061,0.058331903,0.52884805
407,2.5029304,1.0350529,0.35520753,0.081844814
408,0.8539279,0.9232742,0.3972163,0.42573938
409,2.1458101,1.368758,0.25442275,0.116973236
410,1.2184471,1.0186282,0.3610899,0.295689
411,1.5794663,1.644907,0.1930305,0.20608504
412,1.9201533,1.3221751,0.2665549,0.1465845
413,1.694587,0.8120745,0.44393617,0.18367505
414,1.128955,1.1262256,0.32425484,0.323371
415,2.2632084,0.50429976,0.6039283,0.10401622
416,1.2919914,1.597118,0.20247921,0.27472314
417,2.0465019,2.1267095,0.119228974,0.12918602
418,1.1058204,1.1741517,0.30908108,0.33093926
419,1.6437732,1.4469244,0.23529282,0.1932495
420,1.6925704,1.6052132,0.20084673,0.18404582
421,1.1874615,1.4311901,0.2390243,0.30499452
422,1.2559857,1.5349307,0.21547061,0.28479496
423,1.5338198,1.0020319,0.3671327,0.21571012
424,2.0156202,0.57760364,0.5612417,0.13323773
425,0.75914854,1.2626189,0.28291214,0.4680648
426,0.995511,1.249628,0.2866114,0.36953455
427,1.5579023,0.89077973,0.41033566,0.21057734
428,1.0750221,1.5833093,0.2052946,0.3412902
429,1.8740511,0.8242541,0.438562,0.15350056
430,0.60221297,1.3847536,0.25038546,0.5475985
431,1.0031521,2.1402209,0.117628865,0.36672166
432,0.84129304,2.8176396,0.059746806,0.43115267
433,0.9329738,1.1156368,0.32770655,0.3933821
434,1.080435,1.0665298,0.34420094,0.33944783
435,1.6291124,1.8493792,0.15733482,0.19610356
436,0.44646096,1.4463356,0.23543143,0.63988876
437,1.7625525,1.1697165,0.31045496,0.17160629
438,1.4161723,1.1355243,0.32125366,0.242641
439,1.7872914,0.97524035,0.37710172,0.16741303
440,2.0098853,0.89237887,0.40968,0.13400404
441,0.7990212,0.64510244,0.5246088,0.449769
442,0.5511027,1.5226492,0.21813324,0.576314
443,1.588009,2.5073218,0.08148619,0.20433202
444,0.66255486,1.2329828,0.29142204,0.51553255
445,1.7044231,1.4675527,0.23048887,0.18187727
446,1.8827089,1.2537234,0.28544003,0.15217732
447,0.9314082,2.589696,0.07504285,0.3939985
448,0.6519244,1.2938044,0.27422553,0.5210421
449,2.1980026,0.5363034,0.5849064,0.11102469
450,0.859537,0.8210787,0.4399568,0.42335802
451,0.91701716,0.9885358,0.37212113,0.39970952
452,2.3366761,1.1969445,0.30211592,0.09664835
453,0.57022357,0.87569886,0.41657078,0.56539905
454,1.51833,1.023623,0.35929087,0.21907745
455,1.1770009,1.4883965,0.22573434,0.3082017
456,1.5588975,1.2126558,0.29740638,0.21036787
457,2.1135104,0.7147275,0.4893254,0.120813124
458,0.66828775,0.79489917,0.45162678,0.51258546
459,1.2221123,1.4919845,0.22492586,0.29460722
460,0.82850873,2.2070732,0.11002219,0.43670005
461,1.8831743,1.430177,0.23926657,0.15210651
462,1.9603928,1.6024253,0.20140745,0.1408031
463,1.794478,0.6792937,0.506975,0.16621418
464,1.3691627,0.9418482,0.38990656,0.25431982
465,1.1870441,1.1097379,0.32964537,0.3051218
466,0.9724787,0.9804356,0.37514767,0.3781446
467,0.5740578,2.1731331,0.11382044,0.5632353
468,1.4499696,1.5349153,0.21547392,0.2345774
469,0.9626581,0.7776032,0.45950603,0.38187647
470,1.0321236,1.6372409,0.19451599,0.35624963
471,1.2892994,1.6501026,0.19203019,0.2754637
472,0.6708605,1.1042755,0.33145097,0.5112684
473,2.49754,1.9623606,0.1405263,0.08228718
474,1.3195094,1.6168213,0.19852875,0.2672664
475,1.6567134,1.0824037,0.33878022,0.19076492
476,2.1582894,0.6478613,0.5231635,0.11552256
477,1.4517452,1.3983628,0.24700104,0.23416129
478,0.55329835,3.4275296,0.032467052,0.57504994
479,1.135904,0.7591593,0.46805975,0.3211317
480,2.0440035,0.9692439,0.3793698,0.12950918
481,1.6971847,0.32312045,0.7238866,0.18319856
482,1.7187868,1.261314,0.28328153,0.17928351
483,2.0791192,1.3311945,0.26416153,0.12504031
484,2.2657318,0.5603137,0.57102984,0.10375408
485,1.9786413,0.62922823,0.533003,0.13825695
486,2.3356698,1.6107407,0.19973963,0.09674567
487,1.3198937,1.5300751,0.2165194,0.2671637
488,1.2798729,2.0535293,0.12828137,0.27807266
489,1.5557501,2.5350587,0.07925706,0.21103102
490,1.3250698,0.93142307,0.3939926,0.2657844
491,0.65983766,1.2187151,0.29560977,0.5169352
492,0.53053176,0.8280853,0.436885,0.58829206
493,2.3640213,0.45649305,0.6335014,0.09404129
494,1.563725,1.3417189,0.26139596,0.20935477
495,1.3652662,0.9737231,0.37767428,0.2553127
496,1.0947784,1.3005147,0.27239156,0.33461374
497,2.469186,0.35008574,0.7046277,0.08465373
498,2.487214,1.5022287,0.22263339,0.08314127
499,2.1119733,1.4803774,0.22755177,0.12099896
500,1.2615885,1.9270799,0.14557266,0.28320384
501,0.9432987,2.5204403,0.08042418,0.38934138
502,1.0660447,0.8437212,0.43010703,0.34436792
503,1.1578085,1.1413752,0.31937954,0.3141739
504,1.6609645,1.1605481,0.3133144,0.18995568
505,0.64575976,2.1921268,0.11167898,0.52426404
506,1.1618001,1.7168555,0.1796301,0.3129224
507,1.1900045,0.541884,0.58165133,0.3042199
508,1.341641,0.9961889,0.36928412,0.26141632
509,1.5726843,1.5065057,0.22168323,0.20748748
510,1.0497125,1.156571,0.31456298,0.35003835
511,1.4249204,1.1311944,0.32264766,0.2405276
512,1.1262959,0.4509688,0.6370107,0.324232
513,1.4807425,0.7968712,0.450737,0.22746874
514,1.19219,1.0925429,0.33536264,0.30355573
515,1.7329903,0.9580075,0.38365653,0.17675507
516,1.3842449,0.9693494,0.3793297,0.2505129
517,0.6313597,0.9619693,0.38213956,0.53186816
518,1.95258,0.8414389,0.43108982,0.14190748
519,2.0196238,1.0481068,0.3506009,0.13270539
520,1.9986248,1.0200412,0.36058006,0.13552153
521,1.5785687,1.0888921,0.3365892,0.20627013
522,1.7583485,1.1983172,0.3017015,0.17232923
523,1.1991158,3.831543,0.021676144,0.30146068
524,1.9974698,1.4516428,0.23418525,0.13567814
525,1.2753003,0.9736759,0.37769213,0.27934706
526,0.33198518,1.0000356,0.3678663,0.71749794
527,0.2652034,1.6454252,0.19293049,0.7670499
528,3.1421273,2.2411032,0.10634112,0.043190822
529,1.1014931,1.0341092,0.35554293,0.33237445
530,0.8279814,0.54385555,0.5805058,0.4369304
531,3.9938974,1.3576328,0.25726905,0.018427754
532,0.19931966,1.1459944,0.31790763,0.81928796
533,0.49766532,1.701654,0.18238162,0.60794836
534,1.5934917,1.399997,0.2465977,0.2032148
535,1.4780226,0.93512565,0.39253652,0.22808827
536,1.3069643,1.0720184,0.3423169,0.2706404
537,1.749492,2.362253,0.09420774,0.17386225
538,0.88473165,0.20350462,0.8158664,0.41282493
539,0.35370094,0.2763822,0.7585229,0.70208496
540,0.31846362,0.29462737,0.74480903,0.7272655
541,1.7249957,1.598195,0.20226128,0.17817381
542,1.9995998,0.9197952,0.39860067,0.13538945
543,1.6322765,1.9647133,0.14019607,0.19548404
544,1.1610618,1.7728244,0.16985258,0.3131535
545,2.0062654,1.5063374,0.22172056,0.13449001
546,1.7100471,2.6656644,0.06955313,0.18085726
547,0.37213963,0.3585176,0.69871134,0.689258
548,0.29506972,0.9619829,0.3821344,0.7444796
549,0.42752895,1.4028108,0.2459048,0.65211856
550,0.24247202,4.035073,0.017684393,0.7846857
551,0.5079297,1.3971229,0.24730746,0.6017401
552,2.944135,0.87071294,0.41865295,0.052647583
553,2.4076748,0.4567933,0.6333113,0.090024374
554,1.7498072,2.1767795,0.113406174,0.17380746
555,2.0644453,0.4628405,0.629493,0.12688866
556,1.2560272,0.9060702,0.40410918,0.28478318
557,1.7649784,1.2413265,0.28900063,0.17119049
558,0.4148803,0.6678552,0.51280725,0.6604193
559,0.8096164,1.0969319,0.3338939,0.44502872
560,0.61055803,0.5151907,0.5973866,0.5430478
561,3.163607,2.1234703,0.1196158,0.042272992
562,0.94494236,1.2914034,0.27488476,0.388702
563,1.6736324,1.1034099,0.33173797,0.1875645
564,0.99361295,1.358758,0.25697976,0.37023664
565,1.0972432,1.191853,0.30365804,0.33379003
566,1.0705912,0.7354878,0.4792716,0.34280577
567,1.1176105,2.2186215,0.108758934,0.32706037
568,0.97896796,0.7644246,0.46560174,0.37569863
569,1.0792795,1.2598442,0.28369823,0.3398403
570,1.5942773,1.2831851,0.27715313,0.20305522
571,1.2226615,1.3429166,0.2610831,0.29444546
572,0.5375845,1.1066258,0.33067283,0.5841576
573,1.7161072,0.8858352,0.4123696,0.17976457
574,1.6360568,1.0738597,0.34168714,0.19474646
575,0.5156939,1.5928744,0.20334029,0.59708613
576,1.615351,0.8767064,0.4161513,0.19882087
577,1.068324,0.9296185,0.39470428,0.34358388
578,1.0264299,0.89943475,0.40679953,0.3582838
579,1.1210291,0.8751428,0.41680247,0.32594416
580,0.98408973,0.92198056,0.39773053,0.3737793
581,1.1394805,1.1360275,0.32109204,0.3199852
582,0.7000811,1.2790953,0.27828896,0.49654502
583,1.0138263,0.95038,0.3865941,0.36282805
584,1.125366,1.2917031,0.2748024,0.32453367
585,1.7302879,1.1181113,0.32689664,0.17723335
586,0.48937702,1.018724,0.36105537,0.61300814
587,0.99774957,0.8793153,0.41506702,0.36870825
588,1.1354171,1.0654969,0.3445566,0.32128808
589,1.5268095,1.7923961,0.1665606,0.21722764
590,1.1809393,1.8523393,0.15686977,0.30699024
591,1.1383575,0.85302764,0.4261228,0.32034475
592,1.1483907,1.4361397,0.23784415,0.31714675
593,0.87474996,1.033616,0.35571837,0.4169663
594,1.2446011,1.2940406,0.2741608,0.28805578
595,1.0856686,0.89097947,0.4102537,0.33767596
596,0.5006047,1.1634108,0.31241876,0.606164
597,1.3782222,1.1137223,0.3283345,0.2520262
598,1.8343109,1.3535218,0.25832888,0.15972354
599,0.61513364,1.3521632,0.25868008,0.54056865
600,1.0941049,1.0308255,0.35671237,0.3348392
601,1.3751724,1.1129686,0.32858208,0.25279602
602,1.322562,1.3991061,0.2468175,0.26645178
603,1.0227238,0.7680001,0.46393993,0.35961407
604,0.9832159,0.75221556,0.47132114,0.37410605
605,1.7028997,0.91382736,0.40098655,0.18215457
606,0.6025496,1.420762,0.2415299,0.5474142
607,1.2729893,1.3907183,0.24889643,0.27999339
608,1.7131699,1.2988197,0.27285367,0.18029335
609,1.0725418,1.3613839,0.2563058,0.34213778
610,0.9859738,1.0710179,0.34265956,0.37307572
611,1.2078245,1.2739753,0.27971745,0.29884672
612,1.0613614,0.65529263,0.5192901,0.34598446
613,1.136288,0.6955203,0.49881488,0.32100838
614,1.0583551,1.0842298,0.33816215,0.34702617
615,1.0824387,1.0545396,0.3483528,0.33876836
616,1.29715,1.5745835,0.20709378,0.27330962
617,0.5195965,1.1297084,0.32312748,0.5947605
618,0.5827206,1.7629174,0.17154367,0.5583772
619,1.0362806,1.3603927,0.25656,0.35477173
620,1.0269196,1.776775,0.16918288,0.35810837
621,1.0155671,0.9650015,0.3809826,0.36219692
622,1.5006896,1.1436495,0.318654,0.22297633
623,1.180568,0.8385991,0.4323157,0.30710426
624,1.0537983,0.71541953,0.4889869,0.3486111
625,0.94561875,1.6950511,0.18358985,0.38843915
626,0.9935083,0.7087104,0.49227864,0.37027538
627,1.4661053,1.2332605,0.29134113,0.23082271
628,1.9906306,0.8330223,0.43473342,0.13660926
629,1.0510579,1.3042834,0.27136692,0.34956774
630,0.5427248,1.590155,0.203894,0.5811626
631,1.1307172,1.1560377,0.31473076,0.32280168
632,2.1328397,0.9830915,0.3741526,0.11850031
633,1.0794532,1.7525057,0.17333908,0.33978125
634,1.055634,1.4073595,0.24478881,0.34797174
635,1.635559,1.1089389,0.32990882,0.19484343
636,1.0197897,0.9928971,0.37050173,0.36067075
637,0.47140998,1.4388498,0.23720042,0.62412167
638,1.0635817,1.0029088,0.36681092,0.3452171
639,1.0808362,0.76558363,0.4650624,0.33931166
640,1.7205356,1.1095148,0.3297189,0.17897026
641,0.97061366,1.1850078,0.30574378,0.3788505
642,0.6217896,1.1984129,0.3016726,0.5369826
643,1.2166655,1.2646011,0.28235188,0.29621628
644,1.053817,1.1457168,0.3179959,0.3486046
645,1.5556014,1.4146209,0.24301772,0.21106242
646,1.3736355,1.3060703,0.27088246,0.25318485
647,1.0008062,0.6888668,0.5021448,0.36758298
648,1.4073061,1.1740912,0.30909976,0.24480186
649,1.0420997,0.7628808,0.46632108,0.3527133
650,0.97662556,1.1038914,0.33157828,0.37657967
651,1.0835763,1.8158921,0.16269271,0.3383832
652,0.5635686,1.4985331,0.22345771,0.5691743
653,1.2373155,0.834917,0.43391046,0.29016212
654,1.7919327,1.0466888,0.3510984,0.16663781
655,0.5699026,1.0549107,0.34822357,0.5655805
656,0.95137703,1.2682018,0.28133705,0.38620886
657,0.52169263,2.1412122,0.1175123,0.59351504
658,0.92999846,0.8092708,0.44518256,0.39455432
659,1.4366834,1.0111413,0.3638035,0.23771486
660,1.516943,1.0980873,0.33350837,0.21938151
661,1.7386781,0.89600706,0.40819633,0.17575257
662,1.1238924,1.1461688,0.3178522,0.32501224
663,1.1599239,0.8575261,0.42421022,0.31351003
664,1.1994097,0.8361417,0.4333794,0.30137205
665,1.6682092,0.85117835,0.42691156,0.18858448
666,1.7625009,0.7870908,0.45516706,0.17161512
667,1.0894413,0.83227366,0.435059,0.3364044
668,0.897756,0.60633695,0.5453449,0.407483
669,0.93324494,0.7933823,0.45231232,0.39327547
670,1.6109254,1.0536779,0.34865308,0.1997027
671,1.1367453,1.216374,0.2963026,0.32086164
672,1.2109013,1.1655339,0.3117562,0.29792866
673,1.0274328,1.5199062,0.2187324,0.3579246
674,0.9420152,0.8116389,0.44412962,0.38984144
675,0.5095603,2.068579,0.12636523,0.6007597
676,0.96829396,1.8272107,0.16086164,0.3797303
677,0.58552086,1.4903859,0.2252857,0.5568158
678,1.5009483,1.3074038,0.27052146,0.22291866
679,1.2280904,1.483969,0.22673598,0.29285127
680,0.51317364,1.078681,0.34004375,0.5985929
681,1.1764061,0.8715775,0.41829118,0.30838504
682,1.025224,1.483767,0.22678177,0.35871607
683,1.5854951,1.3868911,0.24985085,0.20484634
684,0.5760498,2.051333,0.12856342,0.5621145
685,1.2440449,1.3272947,0.26519373,0.28821605
686,0.4823712,1.6338326,0.1951801,0.61731786
687,1.0365777,1.2217691,0.2947083,0.35466635
688,0.49700427,1.5409476,0.21417806,0.6083504
689,1.0179427,0.8249737,0.43824652,0.36133754
690,1.0748936,1.1337982,0.32180864,0.34133407
691,1.1225888,1.2207941,0.2949958,0.32543623
692,1.3666613,0.9984035,0.3684672,0.25495675
693,1.4748992,1.4330685,0.23857573,0.2288018
694,1.3424598,0.7614252,0.46700037,0.26120237
695,1.7047907,0.80919564,0.44521603,0.18181042
696,1.0171113,0.917599,0.399477,0.36163807
697,0.9855685,0.8903315,0.41051963,0.37322694
698,0.9575026,0.6141314,0.5411107,0.3838503
699,1.0819944,1.3545334,0.25806767,0.3389189
700,1.1800948,0.8005615,0.44907674,0.3072496
701,1.3659813,1.1668787,0.31133723,0.25513017
702,1.0077095,0.8346402,0.4340306,0.36505416
703,1.7369313,1.1859992,0.3054408,0.17605984
704,1.2243326,0.97819227,0.37599018,0.2939538
705,1.0512348,0.7816991,0.45762777,0.3495059
706,1.2755742,1.1048201,0.33127046,0.27927056
707,1.2816169,1.6521379,0.19163977,0.2775881
708,1.1180112,1.1236486,0.32509148,0.32692933
709,0.5270534,1.1733396,0.30933216,0.5903419
710,0.8930728,0.84643716,0.42894045,0.4093958
711,1.3198634,1.4204499,0.2416053,0.26717177
712,1.5506936,0.80698526,0.44620124,0.2121008
713,1.170001,1.2617648,0.2831539,0.3103666
714,1.0581105,1.1119504,0.32891682,0.34711108
715,1.5436282,2.202439,0.11053323,0.21360469
716,0.8591965,1.0130773,0.3630999,0.42350224
717,0.4911893,1.4568393,0.23297146,0.61189824
718,1.1077685,1.2509335,0.28623748,0.33029518
719,0.9713502,0.8739465,0.41730142,0.37857154
720,1.2104532,0.8624696,0.42211834,0.2980622
721,0.97496253,0.86050117,0.42295006,0.37720647
722,0.6460608,1.7267478,0.17786191,0.5241062
723,1.8172756,0.71482235,0.48927906,0.16246778
724,2.3024209,0.9758883,0.37685743,0.10001642
725,1.0160509,1.0156541,0.36216545,0.36202177
726,1.4735209,1.7957087,0.16600977,0.22911738
727,0.5768131,0.98200244,0.37456033,0.5616855
728,1.297825,1.4189596,0.2419656,0.2731252
729,1.6699675,0.9430554,0.38943613,0.18825316
730,1.1486218,1.1098193,0.3296185,0.3170735
731,1.0371095,0.85503584,0.42526796,0.3544778
732,1.1464946,1.051434,0.34943628,0.31774864
733,0.9569336,0.72644573,0.48362488,0.38406876
734,1.192605,1.4928292,0.22473593,0.3034298
735,1.1568713,0.8739364,0.41730565,0.31446853
736,0.97350335,1.0375005,0.35433924,0.3777573
737,0.5105834,1.518506,0.21903889,0.60014534
738,0.8968319,0.9464316,0.38812354,0.40785974
739,1.4927651,1.3638474,0.2556752,0.22475034
740,1.8945879,1.0303975,0.35686505,0.1503803
741,1.1168752,2.0642376,0.12691501,0.32730097
742,0.6237941,1.4046679,0.24544857,0.53590727
743,1.8205429,1.0025024,0.36696,0.1619378
744,1.8815405,0.9852478,0.3733467,0.15235521
745,1.1697222,0.895846,0.40826204,0.31045318
746,1.6543856,0.95058745,0.3865139,0.1912095
747,0.5778358,1.7298864,0.17730454,0.5611114
748,0.94101757,0.873845,0.41734377,0.39023054
749,1.0160986,1.0453396,0.3515724,0.36200452
750,1.4293456,0.8903555,0.41050977,0.2394656
751,1.1257824,1.6700939,0.18822937,0.32439858
752,1.1541042,1.0154072,0.3622549,0.31533986
753,1.0346837,1.3135167,0.26887283,0.35533875
754,0.5411555,1.3695034,0.25423318,0.58207524
755,1.0244431,2.0193553,0.13274102,0.3589963
756,1.6716624,1.2800816,0.2780146,0.18793437
757,0.46541965,1.2787408,0.27838764,0.6278716
758,0.9709688,0.8832202,0.41344935,0.37871596
759,1.0623298,1.2916138,0.2748269,0.3456496
760,1.1114674,1.8027502,0.16484492,0.32907572
761,1.6129014,1.2396001,0.2895,0.19930848
762,0.6347165,1.6524061,0.19158837,0.53008574
763,1.0361418,0.9023458,0.40561706,0.35482103
764,1.0715485,0.55332017,0.5750374,0.3424778
765,1.0965896,0.8672693,0.42009717,0.33400828
766,1.1512152,0.8467747,0.4287957,0.31625223
767,1.1812606,1.3780042,0.25208116,0.30689165
768,1.0258355,0.7014014,0.49588984,0.35849681
769,1.5268116,1.1012648,0.33245033,0.21722718
770,1.7030187,0.89349294,0.40922385,0.18213288
771,1.1725546,1.0270324,0.358068,0.30957508
772,1.1986971,1.5957705,0.20275225,0.3015869
773,1.0681792,1.1306779,0.32281432,0.34363362
774,0.47596908,1.3913864,0.24873021,0.6212827
775,0.9575793,1.1364919,0.32094297,0.38382083
776,1.0975182,0.8811719,0.41429713,0.3336982
777,0.5534302,1.855462,0.15638068,0.5749742
778,1.3948431,1.5412593,0.21411131,0.24787192
779,1.0793813,1.9216043,0.14637196,0.33980566
780,1.0796872,1.0942281,0.33479792,0.33970177
781,1.389478,2.087519,0.123994395,0.24920535
782,0.7094218,1.7129833,0.18032701,0.49192852
783,0.98469144,0.90762126,0.40348285,0.37355447
784,1.1891878,0.6384148,0.528129,0.30446845
785,1.5146408,0.9232847,0.39721218,0.21988715
786,0.98301005,0.68433505,0.5044255,0.3741831
787,0.9482154,0.8692097,0.4192828,0.38743183
788,1.6072676,1.276857,0.2789125,0.20043452
789,0.95149887,0.71422005,0.4895738,0.38616177
790,1.5366293,1.2577254,0.2843,0.21510495
791,1.4600382,0.75539243,0.46982622,0.23222741
792,1.0306311,1.3311859,0.26416382,0.35678172
793,1.3001455,1.0129365,0.363151,0.2724921
794,0.9528484,1.503791,0.22228587,0.385641
795,1.2391733,1.2044083,0.2998694,0.28962356
796,0.50068134,1.2163963,0.296296,0.60611755
797,0.83227885,0.94490546,0.38871634,0.43505675
798,1.0938528,1.8077224,0.16402729,0.33492362
799,1.4962088,1.0689237,0.3433779,0.2239777
800,1.1496745,1.2696714,0.2809239,0.31673986
801,1.0418143,2.238351,0.10663419,0.352814
802,0.54937166,1.3508296,0.2590253,0.57731247
803,0.97864705,0.60854894,0.54413986,0.3758192
804,0.9621355,1.0586215,0.34693372,0.3820761
805,1.0317692,0.8494764,0.42763877,0.35637587
806,0.9466579,0.84652853,0.42890126,0.3880357
807,0.58076525,1.6782506,0.18670031,0.55947006
808,1.832693,0.97380275,0.37764418,0.15998216
809,0.9233417,0.88443315,0.4129482,0.39718956
810,1.0502242,0.77468157,0.4608505,0.3498593
811,1.4688488,1.742262,0.17512384,0.23019032
812,0.99274,0.6440447,0.52516395,0.37055996
813,1.2814687,1.3308489,0.26425284,0.27762923
814,0.9436321,1.2676425,0.28149447,0.3892116
815,0.8666871,0.83362037,0.43447348,0.4203418
816,0.44663778,1.2809479,0.27777386,0.63977563
817,1.0251583,1.5811985,0.2057284,0.35873964
818,1.1116213,0.9446211,0.38882688,0.3290251
819,1.604178,0.86477673,0.4211456,0.20105475
820,1.3569355,1.0499786,0.34994525,0.25744852
821,1.1055776,1.4643631,0.23122522,0.33101964
822,0.5873378,2.0208664,0.13254058,0.55580497
823,0.95961964,0.56109005,0.57058674,0.38303852
824,2.0561972,1.1559526,0.3147576,0.12793958
825,2.018504,0.76582766,0.46494895,0.13285407
826,0.97544247,1.0225995,0.35965878,0.37702549
827,0.42013898,1.3264779,0.26541042,0.6569555
828,0.97583264,0.8227883,0.43920532,0.37687844
829,1.0013885,0.99826044,0.36851993,0.36736897
830,0.87389493,0.8563102,0.42472637,0.41732293
831,0.93966573,1.1714855,0.3099062,0.39075845
832,1.1547256,1.2164242,0.29628775,0.31514403
833,0.99921155,1.1331362,0.32202178,0.36816958
834,1.0593699,1.1714396,0.30992043,0.3466742
835,0.9747801,0.72579724,0.48393857,0.37727532
836,1.6327269,1.3332001,0.26363227,0.19539602
837,1.0325382,1.6865243,0.18516198,0.35610196
838,1.4124548,1.256124,0.28475562,0.24354467
839,0.9094179,0.7621742,0.46665075,0.40275863
840,1.2595252,1.5706145,0.20791739,0.28378877
841,0.825422,0.67799294,0.5076349,0.43805006
842,0.5594755,1.6050866,0.20087215,0.57150877
843,0.87305,0.6424838,0.5259844,0.4176757
844,1.084321,0.897483,0.40759426,0.3381313
845,0.37842244,1.2517337,0.28600854,0.68494105
846,0.899466,0.94587976,0.3883378,0.40678683
847,0.47653824,1.583133,0.20533077,0.6209292
848,0.8415185,1.0103091,0.3641064,0.43105546
849,1.3115531,1.2060517,0.299377,0.2694013
850,1.698119,0.81922626,0.44077253,0.18302746
851,1.7071375,1.2088429,0.29854256,0.18138427
852,1.0319928,1.1894149,0.30439934,0.3562962
853,0.8421946,1.0655961,0.34452245,0.4307641
854,0.9281681,0.7433564,0.47551522,0.39527714
855,0.96287507,0.73901397,0.4775846,0.3817936
856,1.4465476,1.1290903,0.32332727,0.2353815
857,0.4769454,1.627098,0.196499,0.6206764
858,1.0462188,1.1196864,0.32638216,0.35126346
859,1.5560002,0.9831365,0.3741358,0.21097825
860,1.0297219,1.0311605,0.3565929,0.35710624
861,0.78182775,0.6937086,0.49971932,0.4575689
862,0.5376609,1.1950364,0.30269295,0.58411294
863,1.0561228,0.81052196,0.44462594,0.3478017
864,0.92298436,1.3420917,0.26129854,0.39733145
865,1.2113642,1.5199587,0.21872091,0.29779077
866,0.40035313,1.2374821,0.2901138,0.6700834
867,0.72305775,2.0467083,0.12915936,0.4852662
868,0.7882329,0.6112558,0.54266894,0.45464748
869,1.1792375,1.376061,0.25257146,0.30751312
870,1.5438126,1.7845433,0.16787371,0.21356529
871,1.104079,1.0071307,0.3652655,0.3315161
872,0.8089766,1.3763157,0.25250715,0.44531354
873,0.93663985,0.9694949,0.37927455,0.3919426
874,1.3182877,1.0499701,0.3499482,0.2675931
875,1.354669,0.8877096,0.41159737,0.2580327
876,1.2264819,1.0393006,0.35370198,0.2933227
877,0.4777949,1.1716195,0.3098647,0.62014943
878,0.8161054,0.84454733,0.42975184,0.44215026
879,1.0664483,0.5964453,0.55076593,0.34422895
880,0.7635738,1.4456016,0.2356043,0.46599802
881,1.1301475,1.0013688,0.36737624,0.32298565
882,0.41537806,1.3789862,0.2518337,0.6600907
883,1.7448002,1.0161408,0.3619892,0.17467988
884,0.81212306,1.3975881,0.24719243,0.4439146
885,1.4092444,1.7409291,0.1753574,0.24432781
886,0.42590177,1.2512684,0.28614163,0.65318054
887,0.86049795,1.6005629,0.2017829,0.42295143
888,1.1862352,0.92581177,0.39620963,0.30536878
889,0.96027464,1.3823874,0.25097865,0.3827877
890,0.8984414,1.0156152,0.36217952,0.40720385
891,0.71939063,0.73583335,0.479106,0.48704898
892,1.0096161,1.7555623,0.17281005,0.3643588
