id,code,web_name,first_name,second_name,element_type,team,team_code,now_cost,selected_by_percent,status,chance_of_playing_next_round,chance_of_playing_this_round,penalties_order,direct_freekicks_order,corners_and_indirect_freekicks_order,minutes,total_points,form,ep_next,ep_this,transfers_in_event,transfers_out_event,expected_goals,expected_assists,expected_goal_involvements,expected_goals_conceded,ict_index,bps,bonus
452,208706,Bruno G.,Bruno,Guimarães Rodriguez Moura,3,1,3,67,1.8,a,100.0,100.0,4.0,0.0,4.0,123,9,2.2,2.2,2.2,5334,7359,0.09,0.16,0.25,2.18,6.6,45,1
166,517052,N.Jackson,Nicolas,Jackson,4,2,7,65,1.5,a,,,2.0,0.0,0.0,286,10,2.5,2.5,2.5,33960,7588,0.68,0.6,1.28,2.75,15.4,52,1
667,481283,Wright,James,Wright,1,2,7,40,0.1,a,,,0.0,0.0,0.0,0,0,0.0,1.0,1.0,6871,778,0.0,0.0,0.0,0.0,0.0,0,0
582,690838,Madjo,Brian,Madjo,4,2,7,54,0.2,i,0.0,0.0,0.0,0.0,0.0,0,0,0.0,0.0,0.0,179,1703,0.0,0.0,0.0,0.0,0.0,0,0
596,487992,Ruggeri,Matteo,Ruggeri,2,2,7,45,0.1,a,,,0.0,0.0,0.0,113,5,1.0,1.0,1.0,485,309,0.03,0.02,0.05,2.05,4.1,17,0
100,244858,Carvalho,Fábio,Freitas Gouveia Carvalho,3,4,94,50,0.0,a,100.0,100.0,0.0,0.0,0.0,3,6,1.5,1.5,1.5,595,171,0.43,0.0,0.43,0.13,6.7,23,0
117,550090,Coppola,Diego,Coppola,2,5,36,45,0.0,a,,,0.0,0.0,0.0,0,0,0.0,0.0,0.0,106,90,0.0,0.0,0.0,0.0,0.0,0,0
125,463067,Georginio,Georginio,Rutter,4,5,36,53,0.5,a,100.0,100.0,0.0,0.0,0.0,104,6,0.2,0.2,0.2,2534,3699,0.17,0.45,0.62,1.03,5.1,24,0
128,536916,Buonanotte,Facundo,Buonanotte,3,5,36,50,0.0,u,0.0,0.0,0.0,0.0,0.0,0,0,0.0,0.0,0.0,0,7,0.0,0.0,0.0,0.0,0.0,0,0
130,467779,Wieffer,Mats,Wieffer,2,5,36,49,0.2,i,0.0,0.0,0.0,0.0,0.0,156,7,0.0,0.0,0.0,29,1907,0.12,0.13,0.25,3.18,8.3,38,1
134,556637,Oriola,Nehemiah,Oriola,3,5,36,45,0.2,a,,,0.0,0.0,0.0,0,0,0.0,0.0,0.0,347,1309,0.0,0.0,0.0,0.0,0.0,0,0
298,500957,Destan,Enis,Destan,4,11,88,45,0.2,u,0.0,0.0,0.0,0.0,0.0,0,0,0.0,0.0,0.0,0,1250,0.0,0.0,0.0,0.0,0.0,0,0
606,569577,Rowe,Triston,Rowe,2,2,7,40,0.2,a,,,0.0,0.0,0.0,0,0,0.0,0.0,0.0,303,870,0.0,0.0,0.0,0.0,0.0,0,0
607,571380,Lynch,Luka,Lynch,3,2,7,45,0.1,u,0.0,0.0,0.0,0.0,0.0,0,0,0.0,0.0,0.0,0,688,0.0,0.0,0.0,0.0,0.0,0,0
611,214590,Wan-Bissaka,Aaron,Wan-Bissaka,2,2,7,45,0.2,a,,,0.0,0.0,0.0,152,6,1.5,1.5,1.5,1385,1380,0.0,0.07,0.07,3.27,5.9,24,0
618,119090,Goretzka,Leon,Goretzka,3,2,7,59,0.0,i,0.0,0.0,0.0,0.0,0.0,0,0,0.0,0.0,0.0,22,406,0.0,0.0,0.0,0.0,0.0,0,0
630,245719,Harwood-Bellis,Taylor,Harwood-Bellis,2,2,7,45,0.0,a,,,0.0,0.0,0.0,0,0,0.0,0.0,0.0,179,176,0.0,0.0,0.0,0.0,0.0,0,0
631,638987,Mbaye,Ibrahim,Mbaye,3,2,7,60,0.1,a,,,0.0,0.0,0.0,33,2,0.7,0.7,0.7,861,1088,0.02,0.13,0.15,1.64,4.3,8,0
608,523700,Jebbison,Daniel,Jebbison,4,3,91,50,0.1,a,,,0.0,0.0,0.0,31,3,0.7,0.7,0.7,853,867,0.1,0.0,0.1,0.61,2.6,13,0
92,570241,Ji-soo,Kim,Ji-soo,2,4,94,44,0.0,a,,,0.0,0.0,0.0,0,0,0.0,0.0,0.0,58,85,0.0,0.0,0.0,0.0,0.0,0,0
93,513086,Schuster,Jannik,Schuster,2,4,94,45,0.3,a,,,0.0,0.0,0.0,253,21,5.2,5.2,5.2,14659,2129,0.1,0.54,0.64,4.19,12.0,59,3
95,533463,O.Dango,Dango,Ouattara,3,4,94,63,0.5,a,,,0.0,0.0,4.0,179,7,1.0,1.0,1.0,782,3518,0.09,0.39,0.48,2.81,10.8,34,0
96,440089,Damsgaard,Mikkel,Damsgaard,3,4,94,54,0.4,a,,,0.0,3.0,2.0,283,16,3.8,3.8,3.8,1498,1975,0.17,0.73,0.9,3.06,20.7,74,3
97,207283,Jensen,Mathias,Jensen,3,4,94,54,0.1,i,0.0,0.0,3.0,2.0,1.0,66,6,0.0,0.0,0.0,19,617,0.08,0.34,0.42,0.47,7.2,22,0
98,204580,Janelt,Vitaly,Janelt,3,4,94,50,2.5,a,,,0.0,0.0,3.0,450,28,4.8,4.8,4.8,18743,17205,0.53,0.44,0.97,6.32,30.9,109,3
99,543295,Milambo,Antoni,Milambo,3,4,94,50,0.0,i,0.0,0.0,0.0,0.0,0.0,0,0,0.0,0.0,0.0,6,7,0.0,0.0,0.0,0.0,0.0,0,0
102,508395,Yarmoliuk,Yehor,Yarmoliuk,3,4,94,48,0.6,a,,,0.0,0.0,0.0,216,9,2.0,2.0,2.0,1291,3159,0.1,0.3,0.4,4.58,13.4,50,0
103,183656,Dasilva,Josh,Dasilva,3,4,94,49,0.0,i,0.0,0.0,0.0,0.0,0.0,0,0,0.0,0.0,0.0,9,99,0.0,0.0,0.0,0.0,0.0,0,0
105,444180,Anthony,Jaidon,Anthony,3,4,94,59,0.1,a,,,0.0,0.0,0.0,267,15,3.5,3.5,3.5,2249,586,1.15,0.54,1.69,3.5,21.2,59,2
106,502500,Thiago,Igor Thiago,Nascimento Rodrigues,4,4,94,78,9.1,a,,,1.0,0.0,0.0,442,10,2.5,2.5,2.5,54282,36550,3.13,0.16,3.29,6.25,23.6,37,0
108,75115,Wilson,Callum,Wilson,4,4,94,54,0.3,a,,,0.0,0.0,0.0,13,3,0.5,0.5,0.5,1140,2388,0.07,0.04,0.11,0.15,2.6,9,0
620,613804,Diouf,El Hadji Malick,Diouf,2,4,94,45,0.1,a,,,0.0,0.0,0.0,39,2,0.5,0.5,0.5,454,662,0.0,0.01,0.01,0.63,0.7,7,0
657,626464,Nunes,Gustavo,Nunes Fernandes Gomes,3,4,94,45,0.0,a,,,0.0,0.0,0.0,0,0,0.0,0.0,0.0,331,264,0.0,0.0,0.0,0.0,0.0,0,0
660,612534,Fredrick,Benjamin,Fredrick,2,4,94,40,0.0,a,,,0.0,0.0,0.0,0,0,0.0,1.1,1.1,509,65,0.0,0.0,0.0,0.0,0.0,0,0
661,235448,Balcombe,Ellery,Balcombe,1,4,94,40,0.0,a,,,0.0,0.0,0.0,0,0,0.0,1.0,1.0,2800,524,0.0,0.0,0.0,0.0,0.0,0,0
109,489639,Verbruggen,Bart,Verbruggen,1,5,36,45,21.6,a,,,0.0,0.0,0.0,450,23,4.2,4.2,4.2,69453,69304,0.0,0.2,0.2,8.67,11.7,107,0
115,465730,De Cuyper,Maxim,De Cuyper,2,5,36,50,27.7,a,,,0.0,4.0,2.0,423,38,5.2,5.2,5.2,291448,19956,1.55,0.67,2.22,8.58,33.8,132,5
116,83299,Dunk,Lewis,Dunk,2,5,36,45,1.5,d,75.0,,0.0,3.0,0.0,360,22,4.0,3.0,4.0,7515,9274,0.03,0.09,0.12,7.04,14.3,79,1
118,223434,Igor,Igor Julio,dos Santos de Paulo,2,5,36,45,0.0,u,0.0,0.0,0.0,0.0,0.0,0,0,0.0,0.0,0.0,0,273,0.0,0.0,0.0,0.0,0.0,0,0
119,451490,Costinha,João Pedro,Loureiro da Costa,2,5,36,45,0.0,a,,,0.0,0.0,0.0,68,4,0.8,0.8,0.8,164,129,0.12,0.3,0.42,1.02,5.4,18,0
120,454490,Svoboda,Michael,Svoboda,2,5,36,50,0.1,a,,,0.0,0.0,0.0,4,1,0.2,0.2,0.2,1306,451,0.0,0.0,0.0,0.14,0.2,5,0
121,451340,Mitoma,Mitoma,Kaoru,3,5,36,59,0.0,i,0.0,0.0,0.0,0.0,0.0,0,0,0.0,0.0,0.0,116,165,0.0,0.0,0.0,0.0,0.0,0,0
122,592031,Minteh,Yankuba,Minteh,3,5,36,58,0.0,i,0.0,0.0,0.0,0.0,5.0,0,0,0.0,0.0,0.0,44,207,0.0,0.0,0.0,0.0,0.0,0,0
123,532529,Hinshelwood,Jack,Hinshelwood,3,5,36,59,0.6,i,0.0,0.0,0.0,0.0,0.0,63,16,0.0,0.0,0.0,261,6560,1.41,0.02,1.43,0.19,14.5,54,3
127,514254,Gomez,Diego,Gómez Amarilla,3,5,36,50,4.0,a,,,0.0,5.0,0.0,433,24,4.5,4.5,4.5,11816,37364,0.79,0.78,1.57,8.49,31.4,80,0
129,509416,Ayari,Yasin,Ayari,3,5,36,54,0.4,a,100.0,100.0,0.0,2.0,4.0,333,15,3.2,3.2,3.2,2200,1928,0.7,0.18,0.88,5.64,16.9,71,0
137,608181,Tzimas,Stefanos,Tzimas,4,5,36,54,0.0,i,0.0,0.0,0.0,0.0,0.0,0,0,0.0,0.0,0.0,34,48,0.0,0.0,0.0,0.0,0.0,0,0
557,439509,Tzolis,Christos,Tzolis,3,1,3,63,12.2,a,,,0.0,0.0,3.0,362,16,2.5,2.5,2.5,11514,135971,0.19,0.55,0.74,2.73,21.8,81,1
44,215711,Bailey,Leon,Bailey,3,2,7,54,0.1,u,0.0,0.0,0.0,0.0,0.0,0,0,0.0,0.0,0.0,0,459,0.0,0.0,0.0,0.0,0.0,0,0
45,122806,McGinn,John,McGinn,3,2,7,54,2.2,a,,,0.0,0.0,1.0,434,17,4.0,4.0,4.0,6538,8129,0.77,0.24,1.01,8.29,14.8,65,1
46,88894,Barkley,Ross,Barkley,3,2,7,50,0.3,a,,,0.0,0.0,4.0,308,10,2.0,2.0,2.0,542,1720,0.38,0.14,0.52,7.36,15.6,66,0
47,226944,Kamara,Boubacar,Kamara,3,2,7,50,0.3,a,100.0,100.0,0.0,0.0,0.0,443,15,3.2,3.2,3.2,1252,1518,0.12,0.16,0.28,8.44,14.3,85,0
48,449871,Onana,Amadou,Onana,3,2,7,49,0.0,i,0.0,0.0,0.0,0.0,0.0,0,0,0.0,0.0,0.0,39,92,0.0,0.0,0.0,0.0,0.0,0,0
49,469247,Iling Jr,Samuel,Iling-Junior,3,2,7,50,0.0,u,0.0,0.0,0.0,0.0,0.0,0,0,0.0,0.0,0.0,0,10,0.0,0.0,0.0,0.0,0.0,0,0
50,645618,Burrowes,Bradley,Burrowes,3,2,7,45,0.6,a,,,0.0,0.0,0.0,0,0,0.0,0.0,0.0,613,3284,0.0,0.0,0.0,0.0,0.0,0,0
51,577285,George Hemmings,George,Hemmings,3,2,7,45,1.2,a,,,0.0,0.0,0.0,297,9,1.8,1.8,1.8,3095,9349,0.07,0.16,0.23,6.26,9.1,34,0
52,653481,Alysson,Alysson Edward Franco,da Rocha dos Santos,3,2,7,50,0.0,d,75.0,,0.0,0.0,0.0,87,8,1.8,1.4,1.8,66,755,0.06,0.0,0.06,2.4,7.0,34,0
53,614071,Manzambi,Johan,Manzambi,3,2,7,59,0.4,a,100.0,100.0,0.0,0.0,0.0,98,14,3.5,3.5,3.5,27228,3027,0.44,0.24,0.68,1.54,15.6,48,2
54,448089,Gomes,Joao,Gomes,3,2,7,55,0.0,a,100.0,100.0,0.0,0.0,0.0,129,2,1.0,1.0,1.0,438,185,0.0,0.03,0.03,4.14,4.8,11,0
55,178301,Watkins,Ollie,Watkins,4,2,7,78,2.5,u,0.0,0.0,0.0,0.0,0.0,0,0,0.0,0.0,0.0,0,12042,0.0,0.0,0.0,0.0,0.0,0,0
56,173879,Abraham,Tammy,Abraham,4,2,7,55,0.2,a,100.0,100.0,0.0,0.0,0.0,71,4,1.0,1.0,1.0,1604,1668,0.0,0.0,0.0,2.69,1.1,13,0
160,493105,Garnacho,Alejandro,Garnacho Ferreyra,3,2,7,58,0.3,a,,,0.0,0.0,0.0,31,3,0.5,0.5,0.5,504,2683,0.0,0.0,0.0,0.49,0.5,9,0
597,433969,Suzuki,Zion,Suzuki,1,2,7,50,1.9,a,,,0.0,0.0,0.0,360,16,4.0,4.0,4.0,13050,6189,0.0,0.01,0.01,5.45,11.6,80,3
57,457569,Petrović,Đorđe,Petrović,1,3,91,45,3.0,a,,,0.0,0.0,0.0,450,9,1.3,1.3,1.3,5893,11254,0.0,0.0,0.0,6.95,9.2,45,0
58,40383,Forster,Fraser,Forster,1,3,91,40,3.5,a,,,0.0,0.0,0.0,0,0,0.0,0.0,0.0,7882,6999,0.0,0.0,0.0,0.0,0.0,0,0
59,444172,Dennis,Will,Dennis,1,3,91,40,0.1,u,0.0,0.0,0.0,0.0,0.0,0,0,0.0,0.0,0.0,0,528,0.0,0.0,0.0,0.0,0.0,0,0
60,463981,Hill,James,Hill,2,3,91,55,0.8,a,,,0.0,0.0,0.0,450,12,2.3,2.3,2.3,3004,2984,0.0,0.79,0.79,6.95,19.5,43,0
61,494521,Truffert,Adrien,Truffert,2,3,91,54,3.0,a,,,0.0,0.0,0.0,450,10,1.7,1.7,1.7,4343,11710,0.11,0.29,0.4,6.95,21.5,53,2
62,242882,Diakité,Bafodé,Diakité,2,3,91,49,0.2,a,,,0.0,0.0,0.0,0,0,0.0,0.0,0.0,455,931,0.0,0.0,0.0,0.0,0.0,0,0
63,620487,Milosavljević,Veljko,Milosavljevic,2,3,91,49,0.0,i,0.0,0.0,0.0,0.0,0.0,0,0,0.0,0.0,0.0,27,43,0.0,0.0,0.0,0.0,0.0,0,0
64,54469,Smith,Adam,Smith,2,3,91,45,0.1,a,,,0.0,0.0,0.0,434,4,0.7,0.7,0.7,383,460,0.01,0.09,0.1,6.7,9.1,14,0
65,436893,J.Araujo,Julián,Araujo Zúñiga,2,3,91,44,0.0,i,0.0,0.0,0.0,0.0,0.0,0,0,0.0,0.0,0.0,34,51,0.0,0.0,0.0,0.0,0.0,0,0
66,575901,Soler,Julio,Soler Barreto,2,3,91,40,0.3,a,100.0,100.0,0.0,0.0,0.0,0,0,0.0,0.0,0.0,711,1093,0.0,0.0,0.0,0.0,0.0,0,0
67,499604,Rayan,Rayan Vitor,Simplício Rocha,3,3,91,63,1.6,a,,,0.0,0.0,0.0,434,10,2.0,2.0,2.0,3805,9477,0.87,0.43,1.3,6.35,18.0,45,0
68,201658,Tavernier,Marcus,Tavernier,3,3,91,61,6.8,a,,,3.0,1.0,1.0,424,31,6.7,6.7,6.7,78929,41856,1.7,0.92,2.62,6.54,45.5,153,8
69,503139,Scott,Alex,Scott,3,3,91,61,5.8,a,,,0.0,4.0,2.0,446,30,5.3,5.3,5.3,22783,37278,0.64,0.42,1.06,6.82,30.5,129,5
70,222683,Kluivert,Justin,Kluivert,3,3,91,60,0.9,i,0.0,,2.0,2.0,3.0,294,15,3.0,0.0,3.0,2291,17296,0.99,0.08,1.07,4.48,22.5,64,1
72,496208,Gannon-Doak,Ben,Gannon-Doak,3,3,91,49,0.1,a,,,0.0,0.0,0.0,12,4,1.0,1.0,1.0,135,360,0.12,0.05,0.17,0.6,2.3,15,0
73,200785,Adams,Tyler,Adams,3,3,91,50,0.3,a,100.0,100.0,0.0,0.0,0.0,279,12,3.3,3.3,3.3,1053,1590,0.03,0.07,0.1,2.74,8.5,52,0
74,111317,Brooks,David,Brooks,3,3,91,50,0.1,a,100.0,100.0,0.0,3.0,4.0,45,3,0.7,0.7,0.7,169,315,0.0,0.07,0.07,0.75,3.5,8,0
75,158499,Christie,Ryan,Christie,3,3,91,50,0.0,a,100.0,100.0,0.0,0.0,0.0,102,5,1.3,1.3,1.3,285,240,0.5,0.13,0.63,1.64,5.2,15,0
76,614574,Tóth.A,Alex,Tóth,3,3,91,49,0.0,a,,,0.0,0.0,0.0,17,2,0.3,0.3,0.3,25,54,0.0,0.0,0.0,0.56,0.3,8,0
77,489888,Adli,Amine,Adli,3,3,91,49,0.0,i,0.0,0.0,0.0,0.0,0.0,0,0,0.0,0.0,0.0,22,72,0.0,0.0,0.0,0.0,0.0,0,0
79,444102,Evanilson,Francisco Evanilson,de Lima Barbosa,4,3,91,60,3.2,a,,,0.0,0.0,0.0,424,18,3.0,3.0,3.0,16681,20269,0.87,0.52,1.39,6.45,25.2,66,0
80,168636,Enes Ünal,Enes,Ünal,4,3,91,55,0.0,u,0.0,0.0,0.0,0.0,0.0,0,0,0.0,0.0,0.0,0,48,0.0,0.0,0.0,0.0,0.0,0,0
81,561245,Rodríguez,Álvaro,Rodríguez,4,3,91,60,0.1,a,100.0,100.0,0.0,0.0,0.0,10,2,0.3,0.3,0.3,725,687,0.0,0.0,0.0,0.18,0.1,7,0
566,483067,Silva,António João,Pereira de Albuquerque Tavares da Silva,2,3,91,50,0.4,a,,,0.0,0.0,0.0,450,13,2.3,2.3,2.3,5589,3261,0.85,0.29,1.14,6.95,17.7,30,0
615,230650,Di Gregorio,Michele,Di Gregorio,1,3,91,45,0.0,a,,,0.0,0.0,0.0,0,0,0.0,0.0,0.0,181,186,0.0,0.0,0.0,0.0,0.0,0,0
82,200720,Kelleher,Caoimhín,Kelleher,1,4,94,50,6.1,a,,,0.0,0.0,0.0,450,20,3.2,3.2,3.2,19212,12895,0.0,0.01,0.01,6.32,11.7,97,0
83,507433,Valdimarsson,Hákon Rafn,Valdimarsson,1,4,94,45,0.1,a,,,0.0,0.0,0.0,0,0,0.0,0.0,0.0,284,320,0.0,0.0,0.0,0.0,0.0,0,0
86,249231,Lewis-Potter,Keane,Lewis-Potter,3,4,94,55,1.7,a,,,0.0,1.0,5.0,406,22,3.0,3.0,3.0,3580,11643,1.21,0.79,2.0,5.69,29.5,85,3
87,191866,Ajer,Kristoffer,Ajer,2,4,94,45,3.9,a,,,0.0,0.0,0.0,450,21,3.2,3.2,3.2,10804,21793,0.13,0.08,0.21,6.32,18.8,73,1
88,607464,Kayode,Michael,Kayode,2,4,94,46,7.6,a,,,0.0,0.0,0.0,294,23,2.5,2.5,2.5,12532,20452,0.55,0.43,0.98,3.24,15.3,72,1
89,194010,Henry,Rico,Henry,2,4,94,44,0.2,a,,,0.0,0.0,0.0,2,1,0.2,0.2,0.2,153,571,0.0,0.0,0.0,0.0,0.0,3,0
90,472713,Hickey,Aaron,Hickey,2,4,94,45,0.1,a,,,0.0,0.0,0.0,152,5,1.0,1.0,1.0,177,239,0.03,0.06,0.09,3.07,4.7,17,0
138,647850,Kostoulas,Charalampos,Kostoulas,4,5,36,56,4.1,a,,,0.0,0.0,0.0,353,28,6.8,6.8,6.8,301295,17621,1.35,0.06,1.41,7.67,26.1,105,3
1,154561,Raya,David,Raya Martín,1,1,3,61,42.3,a,,,0.0,0.0,0.0,450,30,6.0,6.0,6.0,122600,45648,0.0,0.01,0.01,4.03,10.6,104,3
2,109745,Arrizabalaga,Kepa,Arrizabalaga Revuelta,1,1,3,49,0.1,a,,,0.0,0.0,0.0,0,0,0.0,0.0,0.0,102,246,0.0,0.0,0.0,0.0,0.0,0,0
3,437495,Meslier,Illan,Meslier,1,1,3,49,0.0,a,,,0.0,0.0,0.0,0,0,0.0,0.0,0.0,45,117,0.0,0.0,0.0,0.0,0.0,0,0
4,226597,Gabriel,Gabriel,dos Santos Magalhães,2,1,3,80,22.7,a,,,0.0,0.0,0.0,450,25,5.0,5.0,5.0,23277,64463,0.51,0.2,0.71,4.03,20.0,90,2
5,445122,J.Timber,Jurriën,Timber,2,1,3,65,0.4,a,100.0,100.0,0.0,0.0,0.0,104,1,0.2,0.2,0.2,11962,3922,0.0,0.03,0.03,2.18,1.5,-3,0
6,462424,Saliba,William,Saliba,2,1,3,59,0.2,i,0.0,0.0,0.0,0.0,0.0,0,0,0.0,0.0,0.0,378,1060,0.0,0.0,0.0,0.0,0.0,0,0
7,499169,Lewis-Skelly,Myles,Lewis-Skelly,3,1,3,54,0.6,a,,,0.0,0.0,0.0,271,9,1.5,1.5,1.5,880,4855,0.16,0.23,0.39,1.02,7.0,37,0
8,466075,Calafiori,Riccardo,Calafiori,2,1,3,58,50.5,a,,,0.0,0.0,0.0,416,29,5.0,5.0,5.0,73135,61301,0.67,0.62,1.29,3.76,19.1,76,2
9,448104,Hincapie,Piero,Hincapié,2,1,3,52,0.9,a,,,0.0,0.0,0.0,32,2,0.2,0.2,0.2,1394,5593,0.0,0.0,0.0,0.28,1.0,6,0
10,198869,White,Benjamin,White,2,1,3,55,4.9,d,75.0,100.0,0.0,0.0,0.0,315,21,2.5,1.9,2.5,3226,65300,0.18,0.29,0.47,1.15,15.2,78,3
11,500040,Mosquera,Cristhian,Mosquera,2,1,3,53,1.6,a,100.0,100.0,0.0,0.0,0.0,168,12,1.5,1.5,1.5,1149,9149,0.0,0.01,0.01,0.53,2.7,52,0
12,223340,Saka,Bukayo,Saka,3,1,3,95,13.7,a,,,1.0,2.0,2.0,416,32,5.8,5.8,5.8,102509,45383,3.22,0.98,4.2,3.58,52.1,137,4
13,204480,Rice,Declan,Rice,3,1,3,74,11.7,d,75.0,,0.0,1.0,1.0,411,20,4.2,3.2,4.2,7474,79426,0.12,0.69,0.81,3.5,23.4,91,0
14,232413,Eze,Eberechi,Eze,3,1,3,62,1.0,a,,,0.0,3.0,0.0,85,4,0.8,0.8,0.8,2172,6597,0.04,0.09,0.13,1.33,1.6,18,0
15,184029,Ødegaard,Martin,Ødegaard,3,1,3,68,19.8,a,,,3.0,4.0,0.0,377,29,4.5,4.5,4.5,73153,85336,1.08,1.32,2.4,3.23,36.2,137,6
16,248857,Madueke,Noni,Madueke,3,1,3,62,0.2,a,,,0.0,0.0,5.0,23,2,0.2,0.2,0.2,721,1530,0.0,0.05,0.05,0.15,5.6,11,0
17,195384,Merino,Mikel,Merino Zazón,3,1,3,58,0.4,a,,,0.0,0.0,0.0,81,4,0.8,0.8,0.8,715,2806,0.14,0.15,0.29,0.96,3.0,19,0
18,444145,Martinelli,Gabriel,Martinelli Silva,3,1,3,63,0.1,u,0.0,0.0,0.0,0.0,0.0,0,0,0.0,0.0,0.0,0,539,0.0,0.0,0.0,0.0,0.0,0,0
19,481655,Zubimendi,Martín,Zubimendi Ibáñez,3,1,3,53,0.6,a,,,0.0,0.0,0.0,89,5,1.0,1.0,1.0,484,3625,0.21,0.04,0.25,1.38,4.8,16,0
20,616077,Dowman,Max,Dowman,3,1,3,53,0.1,a,,,0.0,0.0,0.0,9,1,0.2,0.2,0.2,445,564,0.0,0.08,0.08,0.31,1.7,4,0
22,499175,Nwaneri,Ethan,Nwaneri,3,1,3,54,0.0,u,0.0,0.0,0.0,0.0,0.0,0,0,0.0,0.0,0.0,0,48,0.0,0.0,0.0,0.0,0.0,0,0
23,438098,Fábio Vieira,Fábio,Ferreira Vieira,3,1,3,55,0.0,u,0.0,0.0,0.0,0.0,0.0,0,0,0.0,0.0,0.0,0,38,0.0,0.0,0.0,0.0,0.0,0,0
24,200641,Nelson,Reiss,Nelson,3,1,3,55,0.0,u,0.0,0.0,0.0,0.0,0.0,0,0,0.0,0.0,0.0,0,22,0.0,0.0,0.0,0.0,0.0,0,0
25,224117,Gyökeres,Viktor,Gyökeres,4,1,3,71,3.1,a,,,2.0,0.0,0.0,29,2,0.5,0.5,0.5,9543,16273,0.0,0.23,0.23,0.65,1.4,7,0
26,219847,Havertz,Kai,Havertz,4,1,3,76,8.3,d,75.0,,0.0,0.0,0.0,437,19,3.2,2.4,3.2,50149,57955,1.67,0.37,2.04,3.91,32.6,82,2
27,205651,G.Jesus,Gabriel,Fernando de Jesus,4,1,3,59,0.1,u,0.0,0.0,0.0,0.0,0.0,0,0,0.0,0.0,0.0,0,980,0.0,0.0,0.0,0.0,0.0,0,0
31,199798,Konsa,Ezri,Konsa Ngoyo,2,1,3,46,19.4,a,,,0.0,0.0,0.0,281,12,3.0,3.0,3.0,87771,43778,0.23,0.02,0.25,3.5,7.3,36,0
29,72147,M.Bizot,Marco,Bizot,1,2,7,45,0.1,i,0.0,0.0,0.0,0.0,0.0,90,1,0.0,0.0,0.0,59,988,0.0,0.0,0.0,3.77,2.8,1,0
30,101188,Digne,Lucas,Digne,2,2,7,45,0.0,u,0.0,0.0,0.0,0.0,0.0,0,0,0.0,0.0,0.0,0,216,0.0,0.0,0.0,0.0,0.0,0,0
32,199796,Cash,Matty,Cash,2,2,7,44,4.8,a,100.0,100.0,0.0,0.0,3.0,296,6,1.8,1.8,1.8,2554,24358,0.15,0.04,0.19,5.95,7.2,16,0
33,149484,Mings,Tyrone,Mings,2,2,7,45,0.4,a,,,0.0,0.0,0.0,261,10,2.2,2.2,2.2,1614,1346,0.2,0.02,0.22,4.43,8.2,43,0
34,244954,Pau,Pau,Torres,2,2,7,45,0.3,i,0.0,0.0,0.0,0.0,0.0,187,3,0.8,0.0,0.0,41,3033,0.0,0.01,0.01,4.79,1.5,-4,0
35,515597,Bogarde,Lamare,Bogarde,3,2,7,49,0.1,a,,,0.0,0.0,0.0,16,1,0.0,0.0,0.0,164,433,0.0,0.0,0.0,0.22,0.3,3,0
36,441302,Maatsen,Ian,Maatsen,2,2,7,44,0.5,i,0.0,0.0,0.0,0.0,0.0,335,9,2.2,0.0,0.0,48,5950,0.28,0.45,0.73,6.54,10.2,22,1
37,184667,Lindelöf,Victor,Lindelöf,2,2,7,45,0.3,a,,,0.0,0.0,0.0,450,8,2.5,2.5,2.5,967,1226,0.44,0.17,0.61,9.22,14.9,28,0
38,606798,A.García,Andrés,García,2,2,7,40,1.5,a,,,0.0,0.0,0.0,0,0,0.0,0.0,0.0,1791,5860,0.0,0.0,0.0,0.0,0.0,0,0
39,578545,Nedeljkovic,Kosta,Nedeljkovic,2,2,7,40,0.1,u,0.0,0.0,0.0,0.0,0.0,0,0,0.0,0.0,0.0,0,534,0.0,0.0,0.0,0.0,0.0,0,0
41,195546,Buendía,Emiliano,Buendía Stati,3,2,7,59,1.0,a,,,1.0,1.0,2.0,401,21,4.8,4.8,4.8,11641,3957,0.92,0.24,1.16,7.86,19.6,73,3
78,560262,Kroupi.Jr,Junior,Kroupi,3,3,91,74,0.2,i,0.0,0.0,1.0,0.0,0.0,0,0,0.0,0.0,0.0,178,817,0.0,0.0,0.0,0.0,0.0,0,0
573,494928,Sanchez,Juanlu,Sánchez,2,3,91,44,0.2,a,,,0.0,0.0,0.0,0,0,0.0,0.0,0.0,143,418,0.0,0.0,0.0,0.0,0.0,0,0
84,432830,Collins,Nathan,Collins,2,4,94,54,1.0,i,0.0,0.0,0.0,0.0,0.0,196,10,1.0,0.0,0.0,113,9023,0.51,0.05,0.56,2.13,11.4,39,0
85,444765,Van den Berg,Sepp,van den Berg,2,4,94,49,0.1,i,0.0,0.0,0.0,0.0,0.0,0,0,0.0,0.0,0.0,37,320,0.0,0.0,0.0,0.0,0.0,0,0
94,513418,Schade,Kevin,Schade,3,4,94,62,11.4,a,,,2.0,0.0,0.0,447,39,9.0,9.0,9.0,379029,23023,1.52,0.32,1.84,6.32,35.4,138,6
565,513545,M.Sangaré,Mamadou,Sangaré,3,4,94,56,9.9,a,,,0.0,0.0,0.0,321,22,2.0,2.0,2.0,8148,136001,0.41,0.65,1.06,4.31,17.1,76,3
113,231416,F.Kadıoğlu,Ferdi,Kadıoğlu,2,5,36,44,1.6,a,100.0,100.0,0.0,0.0,3.0,332,13,3.2,3.2,3.2,3829,6636,0.12,0.13,0.25,7.55,12.2,46,0
133,549074,Watson,Tom,Watson,3,5,36,50,0.0,u,0.0,0.0,0.0,0.0,0.0,0,0,0.0,0.0,0.0,0,4,0.0,0.0,0.0,0.0,0.0,0,0
135,700308,Yohanna,Zadok,Yohanna,3,5,36,48,0.0,i,0.0,0.0,0.0,0.0,0.0,12,1,0.0,0.0,0.0,23,380,0.0,0.03,0.03,0.0,0.2,3,0
139,487117,Ferguson,Evan,Ferguson,4,5,36,50,0.0,i,0.0,0.0,0.0,0.0,0.0,0,0,0.0,0.0,0.0,123,249,0.0,0.0,0.0,0.0,0.0,0,0
328,222694,Struijk,Pascal,Struijk,2,5,36,49,0.2,d,75.0,100.0,0.0,0.0,0.0,98,7,1.8,1.4,1.8,638,806,0.16,0.01,0.17,1.7,4.0,31,0
504,610799,Vuskovic,Luka,Vušković,2,5,36,50,3.6,a,,,0.0,0.0,0.0,437,32,6.5,6.5,6.5,53434,12513,0.46,0.07,0.53,8.45,21.8,98,2
600,612855,Osman,Ibrahim,Osman,3,5,36,50,0.0,a,,,0.0,0.0,0.0,40,3,0.5,0.5,0.5,109,124,0.05,0.07,0.12,0.32,4.2,15,0
605,611695,Yalcouyé,Malick,Yalcouyé,3,5,36,45,4.0,a,,,0.0,0.0,0.0,236,20,4.8,4.8,4.8,25323,31976,1.46,0.45,1.91,6.57,29.1,96,1
71,155408,Cook,Lewis,Cook,3,3,91,50,0.2,a,,,0.0,0.0,0.0,180,8,0.7,0.7,0.7,257,1119,0.0,0.01,0.01,4.2,2.8,25,0
107,593174,Furo,Kaye,Furo,4,4,94,45,0.9,i,0.0,0.0,0.0,0.0,0.0,0,0,0.0,0.0,0.0,598,9231,0.0,0.0,0.0,0.0,0.0,0,0
111,49262,Steele,Jason,Steele,1,5,36,40,4.1,a,,,0.0,0.0,0.0,0,0,0.0,0.0,0.0,6905,14296,0.0,0.0,0.0,0.0,0.0,0,0
114,204120,Boscagli,Olivier,Boscagli,2,5,36,45,0.3,a,,,0.0,0.0,0.0,437,19,3.2,3.2,3.2,1931,743,0.07,0.53,0.6,8.45,21.4,93,0
124,60307,Groß,Pascal,Groß,3,5,36,58,28.8,a,,,1.0,1.0,1.0,450,47,11.2,11.2,11.2,771010,11142,1.77,0.86,2.63,8.67,50.8,166,9
126,219249,O'Riley,Matt,O'Riley,3,5,36,54,0.1,a,,,3.0,0.0,0.0,10,2,0.5,0.5,0.5,409,549,0.28,0.01,0.29,0.18,3.8,6,0
132,597320,Howell,Harry,Howell,3,5,36,45,0.0,u,0.0,0.0,0.0,0.0,0.0,0,0,0.0,0.0,0.0,0,195,0.0,0.0,0.0,0.0,0.0,0,0
594,538007,David,Promise,David,4,5,36,59,0.2,a,,,2.0,0.0,0.0,23,1,0.2,0.2,0.2,3050,2137,0.42,0.0,0.42,0.14,0.4,-4,0
614,512123,Hadjam,Jaouen,Hadjam,2,5,36,45,0.0,a,,,0.0,0.0,0.0,0,0,0.0,0.0,0.0,242,244,0.0,0.0,0.0,0.0,0.0,0,0
624,519324,Cozier-Duberry,Amario,Cozier-Duberry,3,5,36,50,0.0,u,0.0,0.0,0.0,0.0,0.0,0,0,0.0,0.0,0.0,0,5,0.0,0.0,0.0,0.0,0.0,0,0
639,592984,Andrés,José María,Andrés Baixauli,3,5,36,55,0.0,a,,,0.0,0.0,0.0,109,12,4.0,4.0,4.0,2665,296,0.52,0.12,0.64,1.7,10.9,37,0
652,471551,Azeez,Femi,Azeez,3,5,36,55,0.0,i,0.0,0.0,0.0,0.0,0.0,0,0,0.0,0.0,0.0,19,41,0.0,0.0,0.0,0.0,0.0,0,0
658,661016,Ibrahim,Younes,Ibrahim,3,5,36,45,0.0,a,,,0.0,0.0,0.0,0,0,0.0,0.0,0.0,300,210,0.0,0.0,0.0,0.0,0.0,0,0
28,98980,Martinez,Emiliano,Martínez Romero,1,6,8,50,4.7,a,,,0.0,0.0,0.0,360,9,2.2,2.2,2.2,7202,21350,0.0,0.01,0.01,7.49,17.5,61,0
40,244850,Rogers,Morgan,Rogers,3,6,8,77,40.5,a,,,0.0,3.0,4.0,437,29,5.2,5.2,5.2,140320,67898,1.72,1.23,2.95,8.73,43.9,135,2
101,56979,Henderson,Jordan,Henderson,3,6,8,49,0.0,a,100.0,50.0,0.0,0.0,3.0,90,2,0.5,0.5,0.2,496,147,0.0,0.08,0.08,2.65,2.7,16,0
136,50175,Welbeck,Danny,Welbeck,4,6,8,59,1.0,a,100.0,100.0,0.0,0.0,0.0,85,4,1.0,1.0,1.0,7116,8971,0.0,0.14,0.14,1.99,6.1,15,0
140,215059,Sánchez,Robert,Lynch Sánchez,1,6,8,49,0.7,u,0.0,0.0,0.0,0.0,0.0,90,2,0.0,0.0,0.0,0,4638,0.0,0.01,0.01,1.33,2.1,6,0
141,508479,Jörgensen,Filip,Jörgensen,1,6,8,50,0.0,u,0.0,0.0,0.0,0.0,0.0,0,0,0.0,0.0,0.0,0,30,0.0,0.0,0.0,0.0,0.0,0,0
142,225796,James,Reece,James,2,6,8,54,5.8,d,75.0,75.0,0.0,1.0,1.0,292,3,0.8,0.6,0.6,597,75578,0.33,0.26,0.59,4.9,14.8,24,0
143,180736,Chalobah,Trevoh,Chalobah,2,6,8,55,0.1,u,0.0,0.0,0.0,0.0,0.0,0,0,0.0,0.0,0.0,0,295,0.0,0.0,0.0,0.0,0.0,0,0
144,482609,Gusto,Malo,Gusto,2,6,8,49,1.0,a,,,0.0,0.0,6.0,272,4,0.8,0.8,0.8,1525,6725,0.08,0.12,0.2,3.5,8.2,12,0
145,444463,Fofana,Wesley,Fofana,2,6,8,50,0.2,a,100.0,100.0,0.0,0.0,0.0,312,8,2.0,2.0,2.0,2362,1241,0.0,0.08,0.08,5.65,13.4,35,0
146,242880,B.Badiashile,Benoît,Badiashile Mukinayi,2,6,8,45,0.0,u,0.0,0.0,0.0,0.0,0.0,0,0,0.0,0.0,0.0,0,42,0.0,0.0,0.0,0.0,0.0,0,0
148,551210,Hato,Jorrel,Hato,2,6,8,45,0.8,a,,,0.0,0.0,0.0,258,8,1.8,1.8,1.8,784,7142,0.01,0.21,0.22,4.81,14.0,14,0
149,460028,Colwill,Levi,Samuels Colwill,2,6,8,48,0.9,a,,,0.0,0.0,0.0,341,3,0.8,0.8,0.8,1017,5235,0.01,0.05,0.06,6.67,9.2,17,0
150,574458,M.Sarr,Mamadou,Sarr,2,6,8,45,0.0,u,0.0,0.0,0.0,0.0,0.0,0,0,0.0,0.0,0.0,0,159,0.0,0.0,0.0,0.0,0.0,0,0
151,577016,Acheampong,Josh,Acheampong,2,6,8,45,0.3,a,,,0.0,0.0,0.0,221,5,0.5,0.5,0.5,399,1875,0.0,0.03,0.03,4.72,5.4,5,0
152,620109,Palestra,Marco,Palestra,2,6,8,53,0.6,d,50.0,50.0,0.0,0.0,0.0,0,0,0.0,0.0,0.0,198,3673,0.0,0.0,0.0,0.0,0.0,0,0
154,244851,Palmer,Cole,Palmer,3,6,8,97,25.7,d,75.0,100.0,1.0,2.0,0.0,442,28,3.8,2.8,3.8,46733,159670,1.31,0.79,2.1,8.73,44.1,148,3
156,247632,Neto,Pedro,Lomba Neto,3,6,8,65,1.4,a,,,0.0,4.0,2.0,332,14,3.2,3.2,3.2,4864,9372,0.68,0.58,1.26,6.64,28.2,81,0
157,624773,Estêvão,Estêvão,Almeida de Oliveira Gonçalves,3,6,8,63,0.7,a,,,2.0,0.0,5.0,23,4,0.8,0.8,0.8,1677,4224,0.07,0.07,0.14,1.01,5.0,17,0
158,463936,Gittens,Jamie,Bynoe-Gittens,3,6,8,58,0.0,d,75.0,,0.0,0.0,0.0,0,0,0.0,0.0,0.0,151,237,0.0,0.0,0.0,0.0,0.0,0,0
159,486672,Caicedo,Moisés,Caicedo Corozo,3,6,8,53,1.0,d,50.0,50.0,0.0,0.0,0.0,13,1,0.2,0.1,0.1,397,8610,0.0,0.0,0.0,0.07,0.0,3,0
161,514356,Lavia,Roméo,Lavia,3,6,8,50,0.2,a,,,0.0,0.0,0.0,258,11,2.5,2.5,2.5,405,2384,0.75,0.11,0.86,5.06,16.1,61,0
163,491007,D.Essugo,Dário,Luís Essugo,3,6,8,45,0.1,u,0.0,0.0,0.0,0.0,0.0,0,0,0.0,0.0,0.0,0,695,0.0,0.0,0.0,0.0,0.0,0,0
164,593117,Quenda,Geovany,Quenda,3,6,8,53,0.0,a,100.0,100.0,0.0,0.0,0.0,27,2,0.2,0.2,0.2,68,176,0.03,0.01,0.04,1.29,1.2,5,0
165,475168,João Pedro,João Pedro,Junqueira de Jesus,4,6,8,77,65.2,d,75.0,75.0,0.0,0.0,0.0,360,33,5.5,4.1,4.1,59098,383018,2.17,0.19,2.36,6.17,37.0,141,7
168,499309,Marc Guiu,Marc,Guiu Paz,4,6,8,50,0.2,u,0.0,0.0,0.0,0.0,0.0,0,0,0.0,0.0,0.0,0,1482,0.0,0.0,0.0,0.0,0.0,0,0
169,567119,Mheuka,Shumaira,Mheuka,4,6,8,45,0.5,a,,,0.0,0.0,0.0,0,0,0.0,0.0,0.0,4330,3410,0.0,0.0,0.0,0.0,0.0,0,0
170,503037,Emegha,Emmanuel,Emegha,4,6,8,49,0.1,i,0.0,0.0,0.0,0.0,0.0,0,0,0.0,0.0,0.0,73,1049,0.0,0.0,0.0,0.0,0.0,0,0
200,437499,Lacroix,Maxence,Lacroix,2,6,8,59,6.8,a,,,0.0,0.0,0.0,364,13,1.8,1.8,1.8,7423,28339,0.15,0.22,0.37,7.93,14.4,28,0
560,549939,Penders,Mike,Penders,1,6,8,44,0.1,a,,,0.0,0.0,0.0,0,0,0.0,0.0,0.0,237,288,0.0,0.0,0.0,0.0,0.0,0,0
561,622758,Anselmino,Aaron,Anselmino,2,6,8,45,0.0,a,100.0,100.0,0.0,0.0,0.0,0,0,0.0,0.0,0.0,62,101,0.0,0.0,0.0,0.0,0.0,0,0
568,543158,Barco,Valentín,Barco,3,6,8,54,0.1,a,,,0.0,0.0,0.0,115,3,0.8,0.8,0.8,222,430,0.07,0.11,0.18,2.83,3.0,29,0
583,498444,Chavarria,Pep,Chavarría,2,6,8,49,0.1,a,,,0.0,0.0,0.0,208,5,1.0,1.0,1.0,393,520,0.04,0.07,0.11,4.1,7.5,17,0
662,636846,Nicoll-Jazuli,Mahdi,Nicoll-Jazuli,3,6,8,45,0.0,a,,,0.0,0.0,0.0,3,1,1.0,1.1,1.1,328,71,0.0,0.0,0.0,0.43,0.6,5,0
91,231065,Pinnock,Ethan,Pinnock,2,7,9,45,0.1,a,,,0.0,0.0,0.0,282,14,4.3,4.3,4.3,362,216,0.12,0.0,0.12,6.57,10.3,15,0
104,428580,Onyeka,Frank,Onyeka,3,7,9,49,0.1,a,100.0,100.0,0.0,0.0,0.0,314,9,2.3,2.3,2.3,166,434,0.03,0.02,0.05,6.31,4.5,34,0
110,472739,Rushworth,Carl,Rushworth,1,7,9,45,0.8,a,,,0.0,0.0,0.0,450,16,4.3,4.3,4.3,2445,5769,0.0,0.02,0.02,8.63,10.1,56,2
171,484389,Dovin,Oliver,Dovin,1,7,9,40,1.0,u,0.0,0.0,0.0,0.0,0.0,0,0,0.0,0.0,0.0,0,4572,0.0,0.0,0.0,0.0,0.0,0,0
172,110690,Wilson,Ben,Wilson,1,7,9,44,0.4,a,,,0.0,0.0,0.0,0,0,0.0,0.0,0.0,230,639,0.0,0.0,0.0,0.0,0.0,0,0
173,461102,Thomas,Bobby,Thomas,2,7,9,40,8.6,a,,,0.0,0.0,0.0,437,24,4.3,4.3,4.3,24892,29790,0.49,0.3,0.79,8.09,18.4,78,3
174,436761,Kitching,Liam,Kitching,2,7,9,40,0.3,u,0.0,0.0,0.0,0.0,0.0,0,0,0.0,0.0,0.0,0,1737,0.0,0.0,0.0,0.0,0.0,0,0
175,451284,van Ewijk,Milan,van Ewijk,2,7,9,40,8.8,d,75.0,,0.0,0.0,0.0,360,6,1.0,0.8,1.0,1143,73598,0.0,0.3,0.3,7.53,12.8,7,0
176,173878,Dasilva,Jay,Dasilva,2,7,9,40,0.7,a,,,0.0,0.0,0.0,444,20,5.7,5.7,5.7,5947,1644,0.5,0.52,1.02,8.63,21.5,54,3
177,465390,Kesler-Hayden,Kaine,Kesler-Hayden,2,7,9,39,0.0,i,0.0,0.0,0.0,0.0,0.0,0,0,0.0,0.0,0.0,994,508,0.0,0.0,0.0,0.0,0.0,0,0
178,80178,Bidwell,Jake,Bidwell,2,7,9,40,0.1,a,,,0.0,0.0,0.0,0,0,0.0,0.0,0.0,177,289,0.0,0.0,0.0,0.0,0.0,0,0
179,204813,Latibeaudiere,Joel,Latibeaudiere,2,7,9,40,0.0,a,,,0.0,0.0,0.0,1,1,0.3,0.3,0.3,72,132,0.0,0.0,0.0,0.02,0.7,3,0
180,220583,Woolfenden,Luke,Woolfenden,2,7,9,40,0.1,i,0.0,0.0,0.0,0.0,0.0,0,0,0.0,0.0,0.0,24,490,0.0,0.0,0.0,0.0,0.0,0,0
181,577411,Brau,Miguel,Brau,2,7,9,40,0.0,u,0.0,0.0,0.0,0.0,0.0,0,0,0.0,0.0,0.0,0,91,0.0,0.0,0.0,0.0,0.0,0,0
182,539142,Amenda,Aurèle,Amenda,2,7,9,40,0.6,i,0.0,25.0,0.0,0.0,0.0,360,4,0.7,0.0,0.2,32,6548,0.02,0.39,0.41,7.53,9.4,-3,0
183,480457,Rudoni,Jack,Rudoni,3,7,9,49,0.1,a,100.0,100.0,0.0,1.0,5.0,297,13,3.0,3.0,3.0,861,641,0.92,1.11,2.03,4.49,27.2,51,0
184,168144,Grimes,Matt,Grimes,3,7,9,49,0.1,a,,,3.0,0.0,1.0,443,11,2.3,2.3,2.3,176,834,0.12,0.13,0.25,8.42,11.8,62,0
185,501459,Sakamoto,Tatsuhiro,Sakamoto,3,7,9,48,0.1,a,,,0.0,0.0,0.0,31,1,0.0,0.0,0.0,123,371,0.02,0.02,0.04,0.69,1.9,8,0
186,241293,Mason-Clark,Ephron,Mason-Clark,3,7,9,53,0.1,a,100.0,100.0,0.0,0.0,0.0,231,5,1.3,1.3,1.3,70,352,0.51,0.12,0.63,3.16,11.7,19,0
187,439668,Eccles,Josh,Eccles,3,7,9,48,0.0,i,0.0,0.0,0.0,0.0,0.0,0,0,0.0,0.0,0.0,16,87,0.0,0.0,0.0,0.0,0.0,0,0
188,226965,Torp,Victor,Torp,3,7,9,53,0.1,a,,,2.0,2.0,2.0,53,3,0.3,0.3,0.3,43,420,0.0,0.12,0.12,1.22,2.7,13,0
189,684268,Shepherd,George,Shepherd,3,7,9,44,0.3,a,,,0.0,0.0,0.0,0,0,0.0,0.0,0.0,3962,2193,0.0,0.0,0.0,0.0,0.0,0,0
190,469272,Tchaouna,Loum,Tchaouna,3,7,9,54,0.1,a,,,0.0,0.0,3.0,211,5,0.7,0.7,0.7,22,331,0.23,0.18,0.41,3.23,12.3,32,0
191,492498,Borges Rodrigues,Raphael,Borges Rodrigues,3,7,9,45,0.1,u,0.0,0.0,0.0,0.0,0.0,0,0,0.0,0.0,0.0,0,660,0.0,0.0,0.0,0.0,0.0,0,0
193,176412,Wright,Haji,Wright,4,7,9,54,0.1,i,0.0,0.0,1.0,0.0,0.0,0,0,0.0,0.0,0.0,44,523,0.0,0.0,0.0,0.0,0.0,0,0
194,230730,Thomas-Asante,Brandon,Thomas-Asante,4,7,9,50,0.8,a,,,4.0,0.0,0.0,227,9,2.0,2.0,2.0,7582,5644,0.34,0.06,0.39,4.98,8.4,43,0
195,218997,Simms,Ellis,Simms,4,7,9,49,0.6,a,,,0.0,0.0,0.0,104,4,0.7,0.7,0.7,1715,5093,0.3,0.01,0.31,2.79,6.8,13,0
196,551262,Markelo,Jahnoah,Markelo,4,7,9,50,0.0,u,0.0,0.0,0.0,0.0,0.0,0,0,0.0,0.0,0.0,0,60,0.0,0.0,0.0,0.0,0.0,0,0
197,549653,Bassette,Norman,Bassette,4,7,9,45,0.0,u,0.0,0.0,0.0,0.0,0.0,0,0,0.0,0.0,0.0,0,140,0.0,0.0,0.0,0.0,0.0,0,0
575,661888,Yirenkyi,Caleb,Yirenkyi,3,7,9,48,0.1,a,,,0.0,0.0,0.0,265,9,1.7,1.7,1.7,283,990,0.03,0.15,0.18,4.25,6.0,36,0
584,196100,Hamer,Gustavo,Hamer,3,7,9,54,0.1,a,,,0.0,0.0,4.0,32,3,0.3,0.3,0.3,41,381,0.0,0.02,0.02,0.82,0.3,6,0
599,627221,Cherif,Sidiki,Cherif,4,7,9,50,0.1,a,,,0.0,0.0,0.0,30,1,0.3,0.3,0.3,508,732,0.0,0.0,0.0,1.43,0.1,3,0
623,79602,Bentley,Dan,Bentley,1,7,9,40,0.6,a,,,0.0,0.0,0.0,0,0,0.0,0.0,0.0,7862,2222,0.0,0.0,0.0,0.0,0.0,0,0
655,242893,Gboho,Yann,Gboho,3,7,9,55,0.0,a,,,0.0,0.0,0.0,0,0,0.0,0.0,0.0,68,52,0.0,0.0,0.0,0.0,0.0,0,0
656,566213,Mfuni,Stephen,Mfuni,2,7,9,40,0.1,a,,,0.0,0.0,0.0,90,6,3.0,3.0,3.0,1788,829,0.0,0.01,0.01,1.1,2.2,27,0
42,485337,Guessand,Evann,Guessand,3,8,31,54,0.0,a,,,0.0,0.0,0.0,54,2,0.0,0.0,0.0,102,254,0.03,0.03,0.06,0.34,1.5,6,0
153,220362,Disasi,Axel,Disasi,2,8,31,45,0.1,s,0.0,0.0,0.0,0.0,0.0,139,1,0.0,0.0,0.0,23,742,0.0,0.04,0.04,3.72,5.0,-6,0
198,172649,Henderson,Dean,Henderson,1,8,31,50,1.3,i,0.0,0.0,0.0,0.0,0.0,270,5,0.7,0.0,0.0,131,10632,0.0,0.0,0.0,6.47,9.6,37,0
199,121709,Benitez,Walter,Benítez,1,8,31,45,0.1,a,,,0.0,0.0,0.0,180,8,2.7,2.7,2.7,641,355,0.0,0.0,0.0,2.99,3.8,29,0
202,427623,Richards,Chris,Richards,2,8,31,50,0.6,a,,,0.0,0.0,0.0,450,14,3.7,3.7,3.7,1520,2104,0.08,0.07,0.15,9.46,16.2,48,0
203,651426,Canvot,Jaydee,Canvot,2,8,31,48,0.2,a,,,0.0,0.0,0.0,360,10,3.0,3.0,3.0,367,823,0.05,0.13,0.18,7.78,11.5,38,0
204,244723,Mitchell,Tyrick,Mitchell,2,8,31,45,6.0,a,,,0.0,0.0,0.0,419,24,7.7,7.7,7.7,13378,15303,0.77,0.26,1.03,8.34,25.8,68,3
205,218364,Sosa,Borna,Sosa,2,8,31,45,0.0,u,0.0,0.0,0.0,0.0,0.0,0,0,0.0,0.0,0.0,0,97,0.0,0.0,0.0,0.0,0.0,0,0
206,515621,Chadi Riad,Chadi,Riad Dnanou,2,8,31,43,0.0,i,0.0,0.0,0.0,0.0,0.0,72,1,0.0,0.0,0.0,23,118,0.0,0.01,0.01,0.98,1.4,7,0
207,242313,Mingueza,Oscar,Mingueza,2,8,31,44,0.1,a,,,0.0,0.0,0.0,16,2,0.3,0.3,0.3,73,267,0.0,0.0,0.0,0.33,0.3,5,0
208,232185,Sarr,Ismaïla,Sarr,3,8,31,62,0.6,a,100.0,100.0,2.0,0.0,0.0,8,1,0.3,0.3,0.3,2419,2105,0.0,0.01,0.01,0.06,0.1,3,0
210,496221,Wharton,Adam,Wharton,3,8,31,54,0.7,a,100.0,100.0,0.0,0.0,2.0,436,12,2.0,2.0,2.0,1118,4401,0.15,0.58,0.73,8.91,18.9,77,0
192,629397,Andrews,Kai,Andrews,3,7,9,45,0.3,u,0.0,0.0,0.0,0.0,0.0,0,0,0.0,0.0,0.0,0,1909,0.0,0.0,0.0,0.0,0.0,0,0
211,488024,Yeremy,Yéremy,Pino Santos,3,8,31,55,0.3,a,,,0.0,1.0,1.0,307,14,2.7,2.7,2.7,672,2533,0.52,0.55,1.07,6.93,15.8,70,0
212,108413,Hughes,Will,Hughes,3,8,31,44,7.3,a,,,0.0,0.0,4.0,29,2,0.7,0.7,0.7,8718,42604,0.0,0.04,0.04,1.12,2.4,9,0
213,152551,Lerma,Jefferson,Lerma Solís,3,8,31,48,0.1,a,,,0.0,0.0,0.0,51,1,0.3,0.3,0.3,86,348,0.26,0.0,0.26,1.25,3.0,6,0
214,209400,Kamada,Daichi,Kamada,3,8,31,50,0.5,a,,,0.0,0.0,3.0,441,21,5.3,5.3,5.3,3060,2850,0.47,0.38,0.85,8.85,21.9,109,0
215,489706,Devenny,Justin,Devenny,3,8,31,50,0.0,u,0.0,0.0,3.0,2.0,0.0,0,0,0.0,0.0,0.0,0,33,0.0,0.0,0.0,0.0,0.0,0,0
216,606921,Esse,Romain,Esse,3,8,31,50,0.0,u,0.0,0.0,0.0,0.0,0.0,0,0,0.0,0.0,0.0,0,113,0.0,0.0,0.0,0.0,0.0,0,0
217,536694,M.França,Matheus,França de Oliveira,3,8,31,49,0.0,u,0.0,0.0,0.0,0.0,0.0,0,0,0.0,0.0,0.0,0,150,0.0,0.0,0.0,0.0,0.0,0,0
218,438464,Doucouré,Cheick,Doucouré,3,8,31,48,0.0,a,,,0.0,0.0,0.0,0,0,0.0,0.0,0.0,106,285,0.0,0.0,0.0,0.0,0.0,0,0
219,450542,J.Rak-Sakyi,Jesurun,Rak-Sakyi,3,8,31,49,0.0,u,0.0,0.0,0.0,0.0,0.0,0,0,0.0,0.0,0.0,0,23,0.0,0.0,0.0,0.0,0.0,0,0
220,590014,Cardines,Rio,Cardines,2,8,31,45,0.0,u,0.0,0.0,0.0,0.0,0.0,0,0,0.0,0.0,0.0,0,3,0.0,0.0,0.0,0.0,0.0,0,0
221,672492,Drakes-Thomas,Joél,Drakes-Thomas,3,8,31,45,0.1,a,,,0.0,0.0,0.0,0,0,0.0,0.0,0.0,133,409,0.0,0.0,0.0,0.0,0.0,0,0
222,247412,Strand Larsen,Jørgen,Strand Larsen,4,8,31,60,0.7,a,,,0.0,0.0,0.0,298,14,3.7,3.7,3.7,4536,3711,0.43,0.2,0.63,6.15,16.1,69,2
223,231747,Mateta,Jean-Philippe,Mateta,4,8,31,63,1.3,i,0.0,0.0,1.0,0.0,0.0,62,2,0.0,0.0,0.0,196,8692,0.7,0.02,0.72,0.98,2.5,-3,0
224,205533,Nketiah,Eddie,Nketiah,4,8,31,55,0.5,a,100.0,100.0,0.0,0.0,0.0,175,8,1.7,1.7,1.7,1197,3218,1.1,0.6,1.7,4.51,13.0,38,0
225,660392,Uche,Christantus,Uche,4,8,31,50,0.0,u,0.0,0.0,0.0,0.0,0.0,0,0,0.0,0.0,0.0,0,0,0.0,0.0,0.0,0.0,0.0,0,0
241,433154,McNeil,Dwight,McNeil,3,8,31,54,0.1,a,,,0.0,0.0,0.0,84,3,0.0,0.0,0.0,66,449,0.05,0.02,0.07,1.18,1.7,13,0
555,169593,Matthews,Remi,Matthews,1,8,31,40,1.7,a,,,0.0,0.0,0.0,0,0,0.0,0.0,0.0,1040,2927,0.0,0.0,0.0,0.0,0.0,0,0
577,223723,Tomiyasu,Takehiro,Tomiyasu,2,8,31,44,0.3,d,75.0,,0.0,0.0,0.0,189,3,0.3,0.2,0.3,148,1097,0.0,0.03,0.03,3.98,6.0,10,0
588,570794,Khalaili,Anan,Khalaili,2,8,31,50,0.3,a,,,0.0,0.0,0.0,379,19,5.3,5.3,5.3,1957,1051,0.96,0.33,1.29,8.41,22.5,54,0
595,559152,Gozo,Zavier,Gozo,3,8,31,49,0.0,a,,,0.0,0.0,0.0,28,2,0.3,0.3,0.3,39,87,0.0,0.0,0.0,0.68,0.3,6,0
633,605972,Ahanor,Honest,Ahanor,2,8,31,45,0.0,a,,,0.0,0.0,0.0,90,3,1.0,1.0,1.0,133,101,0.0,0.01,0.01,1.68,4.1,10,0
643,172850,Chilwell,Ben,Chilwell,2,8,31,45,0.4,a,,,0.0,0.0,0.0,29,8,2.7,2.7,2.7,534,2837,0.27,0.01,0.28,1.12,5.9,21,0
644,450063,Timber,Quinten,Timber,3,8,31,50,0.0,a,,,0.0,0.0,0.0,253,9,3.0,3.0,3.0,439,296,0.24,0.06,0.3,5.56,10.0,45,0
647,533646,Osorio,Darío,Osorio,3,8,31,55,0.0,a,,,0.0,0.0,0.0,1,1,0.3,0.3,0.3,26,69,0.0,0.0,0.0,0.13,0.2,2,0
21,128295,Nørgaard,Christian,Nørgaard,3,9,11,48,0.0,i,0.0,0.0,0.0,0.0,0.0,0,0,0.0,0.0,0.0,49,301,0.0,0.0,0.0,0.0,0.0,0,0
209,242898,Johnson,Brennan,Johnson,3,9,11,59,0.1,a,,,0.0,0.0,0.0,238,9,2.3,2.3,2.3,381,675,1.03,0.22,1.25,3.73,10.0,26,0
226,111234,Pickford,Jordan,Pickford,1,9,11,55,9.1,a,,,0.0,0.0,0.0,450,25,5.0,5.0,5.0,27644,14685,0.0,0.02,0.02,6.94,12.0,121,1
227,229600,Travers,Mark,Travers,1,9,11,50,0.0,a,,,0.0,0.0,0.0,0,0,0.0,0.0,0.0,235,250,0.0,0.0,0.0,0.0,0.0,0,0
228,138001,King,Tom,King,1,9,11,45,0.0,a,,,0.0,0.0,0.0,0,0,0.0,0.0,0.0,111,164,0.0,0.0,0.0,0.0,0.0,0,0
229,17761,Tarkowski,James,Tarkowski,2,9,11,61,16.4,a,,,0.0,0.0,0.0,450,43,8.3,8.3,8.3,215995,19071,0.18,0.04,0.22,6.94,20.5,138,7
230,480455,Branthwaite,Jarrad,Branthwaite,2,9,11,55,2.4,a,,,0.0,0.0,0.0,450,27,5.7,5.7,5.7,18682,6535,0.17,0.02,0.19,6.94,22.5,97,0
231,106611,Keane,Michael,Keane,2,9,11,48,0.7,a,,,0.0,0.0,0.0,0,0,0.0,0.0,0.0,369,3689,0.0,0.0,0.0,0.0,0.0,0,0
232,512462,O'Brien,Jake,O'Brien,2,9,11,48,0.3,a,,,0.0,0.0,0.0,16,2,0.7,0.7,0.7,317,1081,0.0,0.0,0.0,0.42,0.3,5,0
233,224967,Mykolenko,Vitalii,Mykolenko,2,9,11,46,4.2,a,,,0.0,0.0,0.0,450,27,5.7,5.7,5.7,40340,17686,0.04,0.16,0.2,6.94,15.5,109,3
234,243571,Patterson,Nathan,Patterson,2,9,11,45,0.0,u,0.0,0.0,0.0,0.0,0.0,0,0,0.0,0.0,0.0,0,115,0.0,0.0,0.0,0.0,0.0,0,0
235,499300,Aznou,Adam,Aznou,2,9,11,40,0.1,u,0.0,0.0,0.0,0.0,0.0,0,0,0.0,0.0,0.0,0,529,0.0,0.0,0.0,0.0,0.0,0,0
236,215413,Dewsbury-Hall,Kiernan,Dewsbury-Hall,3,9,11,66,6.0,a,,,0.0,0.0,2.0,450,20,2.3,2.3,2.3,33396,42943,0.99,0.83,1.82,6.74,38.9,110,3
239,232928,Garner,James,Garner,3,9,11,60,0.2,a,100.0,100.0,2.0,1.0,1.0,328,11,3.0,3.0,3.0,1635,1890,0.2,0.17,0.37,3.45,13.4,71,0
242,550615,George,Tyrique,George,3,9,11,55,0.9,a,,,0.0,0.0,0.0,309,19,4.7,4.7,4.7,2319,10416,0.35,0.32,0.67,3.71,22.5,77,3
243,502697,Alcaraz,Carlos,Alcaraz Durán,3,9,11,49,0.1,a,,,0.0,0.0,0.0,5,1,0.0,0.0,0.0,155,388,0.05,0.02,0.07,0.04,2.7,5,0
244,609873,Armstrong,Harrison,Armstrong,3,9,11,50,0.4,a,100.0,75.0,0.0,0.0,0.0,446,16,2.0,2.0,1.5,786,3226,0.21,0.49,0.7,6.94,14.7,61,0
245,496661,Dibling,Tyler,Dibling,3,9,11,54,0.0,a,,,0.0,0.0,0.0,24,1,0.3,0.3,0.3,113,150,0.17,0.16,0.33,0.38,5.8,10,0
246,513466,Röhl,Merlin,Röhl,3,9,11,49,0.0,i,0.0,0.0,0.0,0.0,0.0,249,6,0.3,0.0,0.0,7,572,0.0,0.2,0.2,4.52,6.1,35,0
247,244860,Hackney,Hayden,Hackney,3,9,11,54,0.2,a,100.0,100.0,0.0,0.0,3.0,137,10,2.0,2.0,2.0,187,1051,0.05,0.13,0.18,3.91,11.1,39,0
248,486385,Beto,Norberto Bercique,Gomes Betuncal,4,9,11,54,0.6,u,0.0,0.0,0.0,0.0,0.0,31,2,0.0,0.0,0.0,0,6992,0.09,0.0,0.09,1.92,0.8,5,0
249,586309,Barry,Thierno,Barry,4,9,11,57,8.3,a,,,1.0,0.0,0.0,417,20,3.3,3.3,3.3,81050,36882,3.5,0.15,3.65,5.02,36.5,83,2
649,154043,Maitland-Niles,Ainsley,Maitland-Niles,2,9,11,45,1.4,a,,,0.0,0.0,0.0,177,21,7.0,7.0,7.0,18829,4335,0.06,0.25,0.31,2.0,11.4,75,2
654,629068,Graham,Braiden,Graham,3,9,11,45,0.1,a,,,0.0,0.0,0.0,0,0,0.0,0.0,0.0,224,972,0.0,0.0,0.0,0.0,0.0,0,0
250,80201,Leno,Bernd,Leno,1,10,54,45,3.4,a,,,0.0,0.0,0.0,450,18,4.0,4.0,4.0,36794,10465,0.0,0.0,0.0,9.11,12.8,77,2
251,86873,Lecomte,Benjamin,Lecomte,1,10,54,40,1.1,a,,,0.0,0.0,0.0,0,0,0.0,0.0,0.0,2337,2375,0.0,0.0,0.0,0.0,0.0,0,0
252,505079,McNally,Alfie,McNally,1,10,54,40,0.1,u,0.0,0.0,0.0,0.0,0.0,0,0,0.0,0.0,0.0,0,582,0.0,0.0,0.0,0.0,0.0,0,0
253,174874,Andersen,Joachim,Andersen,2,10,54,50,0.2,a,100.0,100.0,0.0,0.0,0.0,190,3,0.8,0.8,0.8,2589,1046,0.0,0.1,0.1,4.35,9.6,12,0
254,169528,Robinson,Antonee,Robinson,2,10,54,45,1.5,a,,,2.0,0.0,0.0,429,12,2.8,2.8,2.8,15040,6225,0.26,0.3,0.56,9.08,21.8,65,0
255,246301,J.Cuenca,Jorge,Cuenca Barreno,2,10,54,45,0.0,a,,,0.0,0.0,0.0,90,3,0.0,0.0,0.0,62,102,0.0,0.03,0.03,2.24,5.4,7,0
256,167074,Tete,Kenny,Tete,2,10,54,44,0.2,a,100.0,0.0,0.0,0.0,0.0,27,0,0.0,0.0,0.0,52,1019,0.0,0.0,0.0,0.65,0.4,-1,0
257,232892,Bassey,Calvin,Bassey,2,10,54,45,0.7,a,,,0.0,0.0,0.0,450,15,3.8,3.8,3.8,4979,1673,0.13,0.08,0.21,9.11,15.2,69,1
258,166477,Castagne,Timothy,Castagne,2,10,54,45,0.9,a,,,0.0,0.0,0.0,408,20,3.5,3.5,3.5,13895,4577,0.67,0.39,1.06,6.81,20.6,64,0
261,153133,Iwobi,Alex,Iwobi,3,10,54,54,0.7,a,,,3.0,1.0,1.0,408,14,3.0,3.0,3.0,3200,3063,0.39,1.22,1.61,8.16,27.7,94,2
262,209289,Smith Rowe,Emile,Smith Rowe,3,10,54,53,0.2,a,,,0.0,0.0,0.0,38,3,0.8,0.8,0.8,283,1288,0.06,0.02,0.08,0.87,4.0,11,0
263,560552,Kevin,Kevin,Santos Lopes de Macedo,3,10,54,53,0.0,a,,,0.0,0.0,4.0,61,4,0.8,0.8,0.8,189,269,0.07,0.12,0.19,1.23,3.5,14,0
264,477555,Bobb,Oscar,Bobb,3,10,54,55,0.3,a,,,0.0,0.0,2.0,343,13,2.8,2.8,2.8,2154,1721,0.54,1.14,1.68,6.19,23.8,53,0
265,207189,Berge,Sander,Berge,3,10,54,49,0.3,a,,,0.0,0.0,0.0,349,11,2.2,2.2,2.2,583,1234,0.08,0.36,0.44,7.36,15.4,67,0
266,76357,Cairney,Tom,Cairney,3,10,54,49,0.0,i,0.0,0.0,0.0,0.0,0.0,0,0,0.0,0.0,0.0,8,20,0.0,0.0,0.0,0.0,0.0,0,0
268,577725,King,Josh,King,3,10,54,55,2.6,a,,,0.0,0.0,0.0,425,24,4.2,4.2,4.2,81934,17022,1.54,0.46,2.0,8.29,35.8,109,3
269,184349,Sessegnon,Ryan,Sessegnon,2,10,54,43,0.3,a,100.0,75.0,0.0,0.0,3.0,50,3,0.5,0.5,0.4,283,1255,0.13,0.44,0.57,1.8,7.5,13,0
270,153366,Reed,Harrison,Reed,3,10,54,44,1.1,a,,,0.0,0.0,0.0,0,0,0.0,0.0,0.0,2724,6589,0.0,0.0,0.0,0.0,0.0,0,0
271,244042,Muniz,Rodrigo,Muniz Carvalho,4,10,54,54,0.4,a,,,0.0,0.0,0.0,38,3,0.5,0.5,0.5,1621,2566,0.4,0.0,0.4,0.85,7.0,14,0
272,631786,Kusi-Asare,Jonah,Kusi-Asare,4,10,54,45,5.4,a,,,0.0,0.0,0.0,0,0,0.0,0.0,0.0,10390,32113,0.0,0.0,0.0,0.0,0.0,0,0
569,551466,Gonzalo,Gonzalo,García,4,10,54,60,3.9,a,,,1.0,0.0,0.0,425,14,2.0,2.0,2.0,62836,30885,2.33,0.58,2.91,8.29,22.1,53,0
570,571779,Palacios,César,Palacios,3,10,54,54,0.2,a,,,0.0,0.0,0.0,226,12,2.5,2.5,2.5,683,913,0.98,0.03,1.01,5.46,14.0,48,1
580,463210,Charles,Shea,Charles,3,10,54,50,0.1,a,,,0.0,0.0,0.0,303,13,3.0,3.0,3.0,559,404,0.09,0.16,0.25,6.65,14.5,60,0
610,547686,De Fougerolles,Luc,De Fougerolles,2,10,54,40,0.1,u,0.0,0.0,0.0,0.0,0.0,0,0,0.0,0.0,0.0,0,485,0.0,0.0,0.0,0.0,0.0,0,0
626,616069,Zepa,Macaulay,Zepa,3,10,54,44,0.3,a,,,0.0,0.0,0.0,0,0,0.0,0.0,0.0,397,2161,0.0,0.0,0.0,0.0,0.0,0,0
635,551050,Larsson,Hugo,Larsson,3,10,54,50,0.0,a,,,0.0,0.0,0.0,37,3,1.0,1.0,1.0,89,69,0.13,0.23,0.36,0.88,1.8,9,0
636,500033,Ángel,Manuel Ángel,Morán Ibáñez,3,10,54,50,0.0,a,,,0.0,0.0,0.0,0,0,0.0,0.0,0.0,31,26,0.0,0.0,0.0,0.0,0.0,0,0
650,442299,Affengruber,David,Affengruber,2,10,54,45,0.1,a,,,0.0,0.0,0.0,180,12,4.0,4.0,4.0,4761,1050,0.0,0.02,0.02,2.88,6.6,40,0
240,490094,Iroegbunam,Tim,Iroegbunam,3,11,88,50,0.0,a,100.0,100.0,0.0,0.0,0.0,70,2,0.3,0.3,0.3,74,134,0.12,0.01,0.13,0.6,3.1,10,0
273,167825,Phillips,Dillon,Phillips,1,11,88,40,1.4,a,,,0.0,0.0,0.0,0,0,0.0,0.0,0.0,2863,3320,0.0,0.0,0.0,0.0,0.0,0,0
274,105666,Butland,Jack,Butland,1,11,88,44,0.1,i,0.0,0.0,0.0,0.0,0.0,0,0,0.0,0.0,0.0,65,311,0.0,0.0,0.0,0.0,0.0,0,0
275,494950,Cartwright,Harvey,Cartwright,1,11,88,40,0.0,u,0.0,0.0,0.0,0.0,0.0,0,0,0.0,0.0,0.0,0,24,0.0,0.0,0.0,0.0,0.0,0,0
276,444307,Lo-Tutala,Thimothée,Lo-Tutala,1,11,88,40,0.0,u,0.0,0.0,0.0,0.0,0.0,0,0,0.0,0.0,0.0,0,110,0.0,0.0,0.0,0.0,0.0,0,0
277,108416,Egan,John,Egan,2,11,88,41,7.0,a,,,0.0,0.0,0.0,437,26,3.0,3.0,3.0,26205,28164,0.05,0.0,0.05,7.27,13.4,71,1
278,501902,Hughes,Charlie,Hughes,2,11,88,39,0.2,i,0.0,0.0,0.0,0.0,0.0,0,0,0.0,0.0,0.0,1063,1862,0.0,0.0,0.0,0.0,0.0,0,0
279,146426,Ajayi,Semi,Ajayi,2,11,88,42,14.0,a,100.0,100.0,0.0,0.0,0.0,423,27,2.3,2.3,2.3,42142,56880,0.66,0.01,0.67,6.43,14.1,79,2
280,193278,Coyle,Lewie,Coyle,2,11,88,40,0.7,a,100.0,100.0,0.0,0.0,0.0,348,14,2.7,2.7,2.7,1991,1960,0.13,0.07,0.2,6.22,6.5,49,0
281,433590,Drameh,Cody,Drameh,2,11,88,40,0.0,u,0.0,0.0,0.0,0.0,0.0,65,2,0.0,0.0,0.0,0,243,0.05,0.0,0.05,0.87,0.8,8,0
282,232351,Giles,Ryan,Giles,2,11,88,40,2.9,a,,,0.0,1.0,3.0,444,24,4.0,4.0,4.0,20685,13248,0.02,0.43,0.45,7.33,22.2,94,2
287,232905,Millar,Liam,Millar,3,11,88,50,0.0,u,0.0,0.0,0.0,0.0,0.0,50,6,0.0,0.0,0.0,0,288,0.58,0.0,0.58,0.87,5.2,26,0
288,171270,Dowell,Kieran,Dowell,3,11,88,45,0.3,a,,,0.0,0.0,0.0,0,0,0.0,0.0,0.0,565,1924,0.0,0.0,0.0,0.0,0.0,0,0
289,101282,Crooks,Matt,Crooks,3,11,88,44,0.5,a,100.0,100.0,0.0,0.0,0.0,203,3,0.3,0.3,0.3,4882,4025,0.0,0.12,0.12,3.57,5.4,17,0
290,243413,Slater,Regan,Slater,3,11,88,45,5.2,a,,,0.0,0.0,1.0,437,15,2.3,2.3,2.3,15139,35933,0.21,0.59,0.8,7.27,17.4,67,0
291,465525,Matazo,Eliot,Matazo,3,11,88,45,0.0,i,0.0,0.0,0.0,0.0,0.0,0,0,0.0,0.0,0.0,29,51,0.0,0.0,0.0,0.0,0.0,0,0
292,208481,Ömür,Abdülkadir,Ömür,3,11,88,49,0.0,a,,,0.0,0.0,0.0,0,0,0.0,0.0,0.0,84,145,0.0,0.0,0.0,0.0,0.0,0,0
293,490161,Kamara,Abu,Kamara,3,11,88,50,0.0,u,0.0,0.0,0.0,0.0,0.0,0,0,0.0,0.0,0.0,0,12,0.0,0.0,0.0,0.0,0.0,0,0
294,553783,Zambrano,Óscar,Zambrano,3,11,88,45,0.1,a,100.0,100.0,0.0,0.0,0.0,0,0,0.0,0.0,0.0,141,479,0.0,0.0,0.0,0.0,0.0,0,0
295,169432,McBurnie,Oli,McBurnie,4,11,88,55,1.9,a,,,1.0,0.0,0.0,441,13,2.3,2.3,2.3,7506,17377,1.23,0.13,1.36,7.21,23.0,52,0
296,213292,Akintola,David,Akintola,3,11,88,50,0.0,u,0.0,0.0,0.0,0.0,0.0,0,0,0.0,0.0,0.0,0,256,0.0,0.0,0.0,0.0,0.0,0,0
297,470294,Gyabi,Darko,Gyabi,3,11,88,44,0.0,i,0.0,0.0,0.0,0.0,0.0,0,0,0.0,0.0,0.0,55,134,0.0,0.0,0.0,0.0,0.0,0,0
340,462635,Gelhardt,Joe,Gelhardt,3,11,88,50,0.0,a,100.0,100.0,0.0,0.0,0.0,7,1,0.3,0.3,0.3,92,104,0.1,0.02,0.12,0.13,1.5,5,0
556,169359,Targett,Matt,Targett,2,11,88,40,1.6,d,75.0,75.0,0.0,0.0,0.0,5,1,0.0,0.0,0.0,107,9502,0.0,0.0,0.0,0.07,0.0,3,0
563,445028,Morita,Hidemasa,Morita,3,11,88,49,0.0,i,0.0,0.0,0.0,0.0,0.0,45,1,0.0,0.0,0.0,24,165,0.0,0.0,0.0,1.09,2.4,6,0
283,449428,Jacob,Matty,Jacob,2,11,88,40,0.0,u,0.0,0.0,0.0,0.0,0.0,0,0,0.0,0.0,0.0,0,34,0.0,0.0,0.0,0.0,0.0,0,0
284,661800,McCarthy,Cathal,McCarthy,2,11,88,40,0.1,a,,,0.0,0.0,0.0,0,0,0.0,0.0,0.0,381,418,0.0,0.0,0.0,0.0,0.0,0,0
285,160817,McNair,Paddy,McNair,2,11,88,40,0.1,a,100.0,100.0,0.0,0.0,0.0,26,1,0.0,0.0,0.0,185,399,0.0,0.0,0.0,0.96,0.4,3,0
286,540324,Belloumi,Mohamed,Belloumi,3,11,88,51,5.1,a,,,0.0,2.0,2.0,394,31,7.3,7.3,7.3,73178,23604,0.72,0.43,1.15,6.44,32.5,111,2
299,534392,Burstow,Mason,Burstow,4,11,88,45,0.0,u,0.0,0.0,0.0,0.0,0.0,0,0,0.0,0.0,0.0,0,211,0.0,0.0,0.0,0.0,0.0,0,0
572,473284,Tzolakis,Konstantinos,Tzolakis,1,11,88,47,12.8,a,,,0.0,0.0,0.0,450,34,4.7,4.7,4.7,121848,20496,0.0,0.0,0.0,7.4,15.0,129,6
574,552946,Hjertø-Dahl,Jens,Hjertø-Dahl,3,11,88,49,0.1,a,,,0.0,0.0,0.0,8,1,0.3,0.3,0.3,74,319,0.0,0.0,0.0,0.0,0.0,4,0
576,608227,Stroud,Elliot,Stroud,3,11,88,50,0.1,a,,,0.0,0.0,0.0,249,7,1.3,1.3,1.3,140,448,0.06,0.05,0.11,4.32,3.8,17,0
585,597462,Herrington,Lucas,Herrington,2,11,88,40,0.6,a,,,0.0,0.0,0.0,197,5,1.0,1.0,1.0,1004,1615,0.02,0.04,0.06,3.36,7.7,19,0
586,606930,Mendy,Nobel,Mendy,2,11,88,41,6.3,a,100.0,0.0,0.0,0.0,0.0,249,25,3.0,3.0,0.0,6657,32828,0.32,0.0,0.32,4.02,16.4,69,1
589,469266,Gourna-Douath,Lucas,Gourna-Douath,3,11,88,50,0.0,a,,,0.0,0.0,0.0,138,4,1.0,1.0,1.0,32,105,0.03,0.03,0.06,2.26,6.5,18,0
617,490884,Cho,Mohamed-Ali,Cho,3,11,88,50,0.0,a,,,0.0,0.0,0.0,72,9,2.7,2.7,2.7,341,144,0.79,0.36,1.15,0.98,14.9,36,0
632,626751,Ansah,Ilyas,Ansah,4,11,88,50,0.0,i,0.0,0.0,0.0,0.0,0.0,0,0,0.0,0.0,0.0,68,401,0.0,0.0,0.0,0.0,0.0,0,0
637,631000,Vaz,Robinio,Vaz,4,11,88,50,0.1,a,,,0.0,0.0,0.0,20,2,0.7,0.7,0.7,1761,1114,0.0,0.01,0.01,0.31,1.6,8,0
638,496181,Norton-Cuffy,Brooke,Norton-Cuffy,2,11,88,40,0.2,d,75.0,,0.0,0.0,0.0,34,1,0.3,0.2,0.3,448,2475,0.05,0.0,0.05,0.3,1.2,3,0
642,243951,Thomas,Sorba,Thomas,3,11,88,55,0.0,a,,,0.0,0.0,0.0,119,4,1.3,1.3,1.3,447,340,0.21,0.11,0.32,2.04,5.8,13,0
645,647839,Mouzakitis,Christos,Mouzakitis,3,11,88,50,0.0,a,,,0.0,0.0,0.0,0,0,0.0,0.0,0.0,86,87,0.0,0.0,0.0,0.0,0.0,0,0
259,219924,Diop,Issa,Diop,2,12,40,40,12.7,a,,,0.0,0.0,0.0,450,12,2.5,2.5,2.5,6792,53333,0.06,0.16,0.22,8.98,15.5,45,0
267,212314,Lukić,Saša,Lukić,3,12,40,49,0.1,a,,,0.0,0.0,1.0,400,11,1.5,1.5,1.5,185,492,0.02,0.41,0.43,7.37,15.8,68,0
300,108813,Walton,Christian,Walton,1,12,40,44,0.4,a,,,0.0,0.0,0.0,90,2,0.5,0.5,0.5,1597,986,0.0,0.01,0.01,2.24,1.2,10,0
301,112520,Palmer,Alex,Palmer,1,12,40,40,3.9,a,,,0.0,0.0,0.0,0,0,0.0,0.0,0.0,3820,11451,0.0,0.0,0.0,0.0,0.0,0,0
302,50093,Button,David,Button,1,12,40,40,0.6,a,,,0.0,0.0,0.0,0,0,0.0,0.0,0.0,1389,1267,0.0,0.0,0.0,0.0,0.0,0,0
303,183015,Kipré,Cédric,Kipré,2,12,40,39,0.9,a,,,0.0,0.0,0.0,0,0,0.0,0.0,0.0,4320,4211,0.0,0.0,0.0,0.0,0.0,0,0
304,216616,O'Shea,Dara,O'Shea,2,12,40,40,2.7,a,,,0.0,0.0,0.0,450,10,1.5,1.5,1.5,1874,14127,0.07,0.26,0.33,8.98,22.1,24,0
305,455084,Davis,Leif,Davis,2,12,40,40,6.9,a,,,0.0,2.0,0.0,450,25,5.8,5.8,5.8,48195,26192,1.59,0.46,2.05,8.98,32.5,52,1
306,449429,Greaves,Jacob,Greaves,2,12,40,40,1.1,a,,,0.0,0.0,0.0,357,3,0.2,0.2,0.2,455,3323,0.0,0.06,0.06,6.74,9.0,12,0
307,222018,Johnson,Ben,Johnson,2,12,40,40,0.1,u,0.0,0.0,0.0,0.0,0.0,0,0,0.0,0.0,0.0,0,346,0.0,0.0,0.0,0.0,0.0,0,0
308,176420,Furlong,Darnell,Furlong,2,12,40,39,0.6,a,,,0.0,0.0,0.0,17,1,0.2,0.2,0.2,6226,2747,0.0,0.0,0.0,0.86,0.6,-1,0
309,501390,Núñez,Marcelino,Núñez,3,12,40,49,0.1,a,,,0.0,1.0,3.0,140,6,0.5,0.5,0.5,93,607,0.03,0.05,0.08,3.48,5.0,32,0
310,241117,Matusiwa,Azor,Matusiwa,3,12,40,49,0.0,a,100.0,100.0,0.0,0.0,0.0,0,0,0.0,0.0,0.0,15,17,0.0,0.0,0.0,0.0,0.0,0,0
311,149929,Burns,Wes,Burns,3,12,40,50,0.0,u,0.0,0.0,0.0,0.0,0.0,0,0,0.0,0.0,0.0,0,8,0.0,0.0,0.0,0.0,0.0,0,0
312,231899,Taylor,Jack,Taylor,3,12,40,44,0.0,i,0.0,0.0,0.0,0.0,0.0,0,0,0.0,0.0,0.0,370,255,0.0,0.0,0.0,0.0,0.0,0,0
313,443261,Clarke,Jack,Clarke,3,12,40,54,0.2,a,,,1.0,3.0,4.0,170,11,1.0,1.0,1.0,138,893,0.3,0.37,0.67,1.97,15.2,48,1
314,229164,Ogbene,Chiedozie,Ogbene,3,12,40,49,0.0,u,0.0,0.0,0.0,0.0,0.0,0,0,0.0,0.0,0.0,0,65,0.0,0.0,0.0,0.0,0.0,0,0
315,531442,Fatawu,Abdul,Fatawu,3,12,40,54,0.2,s,0.0,,0.0,0.0,2.0,352,8,1.5,0.0,1.5,52,2398,0.17,1.11,1.28,7.79,24.0,71,0
316,543968,Emersonn,Emersonn,Correia da Silva,4,12,40,55,3.5,a,100.0,100.0,2.0,0.0,0.0,317,26,4.2,4.2,4.2,32351,22277,1.61,0.12,1.73,4.29,25.3,110,6
317,222625,Hirst,George,Hirst,4,12,40,50,0.1,u,0.0,0.0,0.0,0.0,0.0,0,0,0.0,0.0,0.0,0,455,0.0,0.0,0.0,0.0,0.0,0,0
318,481624,Philogene,Jaden,Philogene,3,12,40,54,0.1,a,100.0,100.0,3.0,0.0,5.0,52,2,0.5,0.5,0.5,32,151,0.08,0.01,0.08,0.97,2.2,11,0
319,172453,Szmodics,Sam,Szmodics,3,12,40,50,0.0,u,0.0,0.0,0.0,0.0,0.0,0,0,0.0,0.0,0.0,0,13,0.0,0.0,0.0,0.0,0.0,0,0
320,147675,Akpom,Chuba,Akpom,4,12,40,50,1.2,a,,,0.0,0.0,0.0,78,7,1.5,1.5,1.5,4859,9320,1.14,0.0,1.14,4.2,6.1,36,0
321,557012,Walle Egeli,Sindre,Walle Egeli,4,12,40,45,3.5,a,,,0.0,0.0,0.0,10,1,0.0,0.0,0.0,17249,25731,0.0,0.0,0.0,0.03,0.0,3,0
322,462387,Al-Hamadi,Ali,Al-Hamadi,4,12,40,50,0.0,u,0.0,0.0,0.0,0.0,0.0,0,0,0.0,0.0,0.0,0,359,0.0,0.0,0.0,0.0,0.0,0,0
323,461587,McAteer,Kasey,McAteer,3,12,40,44,1.0,a,,,0.0,0.0,0.0,42,3,0.5,0.5,0.5,1382,6175,0.05,0.0,0.05,0.21,1.4,12,0
324,232457,Mehmeti,Anis,Mehmeti,3,12,40,48,0.0,a,,,0.0,0.0,0.0,0,0,0.0,0.0,0.0,69,132,0.0,0.0,0.0,0.0,0.0,0,0
554,546600,Van Oevelen,Kayne,van Oevelen,1,12,40,45,0.0,u,0.0,0.0,0.0,0.0,0.0,0,0,0.0,0.0,0.0,0,79,0.0,0.0,0.0,0.0,0.0,0,0
562,442967,Maeda,Daizen,Maeda,3,12,40,53,0.2,a,,,0.0,0.0,0.0,259,8,1.5,1.5,1.5,126,1405,0.71,0.02,0.73,6.05,8.1,32,0
564,240514,Scherpen,Kjell,Scherpen,1,12,40,45,0.6,a,,,0.0,0.0,0.0,360,7,1.2,1.2,1.2,582,2710,0.0,0.01,0.01,6.74,10.3,40,0
571,216055,Florentino,Florentino Ibrain,Morris Luís,3,12,40,48,0.1,a,100.0,100.0,0.0,0.0,0.0,30,2,0.5,0.5,0.5,107,321,0.0,0.01,0.01,0.75,3.2,9,0
591,474120,Enciso,Julio,Enciso,3,12,40,55,0.8,a,100.0,100.0,0.0,0.0,0.0,413,15,2.5,2.5,2.5,2077,5907,1.26,0.89,2.15,8.47,23.6,83,0
592,572584,Ouattara,Abdoul,Ouattara,2,12,40,40,0.9,a,,,0.0,0.0,0.0,131,6,1.2,1.2,1.2,653,1989,0.02,0.03,0.05,3.13,7.6,29,0
602,524180,Humphreys,Cameron,Humphreys,3,12,40,45,0.0,u,0.0,0.0,0.0,0.0,0.0,0,0,0.0,0.0,0.0,0,232,0.0,0.0,0.0,0.0,0.0,0,0
619,218543,Palacios,Exequiel,Palacios,3,12,40,50,0.1,a,,,0.0,0.0,0.0,275,11,2.8,2.8,2.8,481,803,0.0,0.09,0.09,5.3,10.6,64,0
640,431639,Flemming,Zian,Flemming,4,12,40,55,0.1,a,,,0.0,0.0,0.0,60,6,2.0,2.0,2.0,862,956,0.64,0.01,0.65,0.63,10.5,34,0
260,153682,Wilson,Harry,Wilson,3,13,2,62,1.7,i,0.0,0.0,0.0,2.0,2.0,145,5,0.5,0.0,0.0,71,39061,0.01,0.09,0.1,3.28,8.5,19,0
326,201595,Perri,Lucas Estella,Perri,1,13,2,45,0.3,u,0.0,0.0,0.0,0.0,0.0,0,0,0.0,0.0,0.0,0,1215,0.0,0.0,0.0,0.0,0.0,0,0
327,434752,Bijol,Jaka,Bijol,2,13,2,50,0.7,a,,,0.0,0.0,0.0,164,12,0.5,0.5,0.5,770,5350,0.11,0.0,0.11,3.16,5.4,29,2
329,214225,Rodon,Joe,Rodon,2,13,2,43,0.8,i,0.0,0.0,0.0,0.0,0.0,123,7,0.2,0.0,0.0,43,8514,0.03,0.06,0.09,1.01,4.5,25,0
330,226182,Bogle,Jayden,Bogle,2,13,2,46,7.1,a,,,0.0,0.0,0.0,365,42,9.0,9.0,9.0,119234,24092,1.38,0.08,1.46,2.89,26.2,122,6
331,243526,Gudmundsson,Gabriel,Gudmundsson,2,13,2,45,0.1,a,100.0,100.0,0.0,0.0,0.0,252,14,3.5,3.5,3.5,495,310,0.0,0.21,0.21,3.83,7.7,62,0
332,220627,Justin,James,Justin,2,13,2,45,1.4,a,,,0.0,0.0,0.0,450,26,4.0,4.0,4.0,3961,5550,0.22,0.42,0.64,6.46,20.0,91,4
333,437738,Bornauw,Sebastiaan,Bornauw,2,13,2,45,0.0,u,0.0,0.0,0.0,0.0,0.0,0,0,0.0,0.0,0.0,0,5,0.0,0.0,0.0,0.0,0.0,0,0
334,522047,Muharemović,Tarik,Muharemović,2,13,2,50,4.3,a,,,0.0,0.0,0.0,450,27,5.2,5.2,5.2,26154,22128,0.49,0.05,0.54,6.46,20.2,101,0
335,466525,Stach,Anton,Stach,3,13,2,60,2.5,a,,,0.0,1.0,1.0,447,27,3.5,3.5,3.5,4564,18840,0.97,0.31,1.28,6.17,26.5,86,3
336,435997,Okafor,Noah,Okafor,3,13,2,58,0.4,a,,,0.0,0.0,0.0,299,18,4.2,4.2,4.2,1672,3229,0.17,0.27,0.44,2.37,14.8,82,1
337,427637,Aaronson,Brenden,Aaronson,3,13,2,53,0.5,a,,,0.0,4.0,0.0,194,7,1.0,1.0,1.0,206,3243,0.01,0.02,0.03,3.78,2.5,36,0
338,199598,Ampadu,Ethan,Ampadu,3,13,2,54,0.9,a,,,0.0,0.0,0.0,450,21,4.0,4.0,4.0,1527,4709,0.08,0.26,0.34,6.46,16.1,87,0
339,180135,Longstaff,Sean,Longstaff,3,13,2,49,0.1,a,,,0.0,3.0,3.0,10,2,0.2,0.2,0.2,122,601,0.0,0.0,0.0,0.35,0.0,7,0
341,492859,Gnonto,Wilfried,Gnonto,3,13,2,50,0.0,u,0.0,0.0,0.0,0.0,0.0,0,0,0.0,0.0,0.0,0,51,0.0,0.0,0.0,0.0,0.0,0,0
342,221399,Harrison,Jack,Harrison,3,13,2,50,0.0,u,0.0,0.0,0.0,0.0,0.0,0,0,0.0,0.0,0.0,0,5,0.0,0.0,0.0,0.0,0.0,0,0
343,200617,James,Daniel,James,3,13,2,49,0.1,a,,,0.0,0.0,0.0,52,3,0.8,0.8,0.8,179,533,0.35,0.01,0.36,1.61,1.9,9,0
344,486520,Gruev,Ilia,Gruev,3,13,2,50,0.0,a,100.0,100.0,0.0,0.0,0.0,0,0,0.0,0.0,0.0,45,18,0.0,0.0,0.0,0.0,0.0,0,0
345,248056,Tanaka,Tanaka,Ao,3,13,2,49,0.3,a,,,0.0,0.0,4.0,255,14,3.5,3.5,3.5,2100,2172,0.73,0.05,0.78,3.24,8.6,48,0
346,177815,Calvert-Lewin,Dominic,Calvert-Lewin,4,13,2,60,24.8,a,,,1.0,0.0,0.0,419,22,5.2,5.2,5.2,89290,163372,3.0,0.08,3.08,4.85,28.2,73,4
347,174594,Nmecha,Lukas,Nmecha,4,13,2,54,0.5,a,,,2.0,0.0,0.0,64,7,1.8,1.8,1.8,1905,3594,0.27,0.15,0.42,2.9,5.7,28,0
348,235826,Piroe,Joël,Piroe,4,13,2,50,0.1,u,0.0,0.0,3.0,0.0,0.0,0,0,0.0,0.0,0.0,0,409,0.0,0.0,0.0,0.0,0.0,0,0
349,565297,Mateo Joseph,Mateo,Joseph Fernández-Regatillo,4,13,2,45,0.1,i,0.0,0.0,0.0,0.0,0.0,0,0,0.0,0.0,0.0,301,459,0.0,0.0,0.0,0.0,0.0,0,0
385,432720,Trafford,James,Trafford,1,13,2,50,5.5,a,,,0.0,0.0,0.0,450,28,4.8,4.8,4.8,21007,14105,0.0,0.0,0.0,6.46,14.9,117,5
598,173774,Elvedi,Nico,Elvedi,2,13,2,45,0.1,a,,,0.0,0.0,0.0,326,13,3.2,3.2,3.2,217,219,0.12,0.58,0.7,5.45,14.8,56,0
603,643970,Lienou,Jayden,Lienou,2,13,2,40,0.1,a,,,0.0,0.0,0.0,0,0,0.0,0.0,0.0,229,499,0.0,0.0,0.0,0.0,0.0,0,0
604,592740,Cresswell,Alfie,Cresswell,3,13,2,45,0.1,a,,,0.0,0.0,0.0,0,0,0.0,0.0,0.0,293,865,0.0,0.0,0.0,0.0,0.0,0,0
625,97846,Cairns,Alex,Cairns,1,13,2,40,0.2,a,,,0.0,0.0,0.0,0,0,0.0,0.0,0.0,813,751,0.0,0.0,0.0,0.0,0.0,0,0
629,155465,Zetterer,Michael,Zetterer,1,13,2,40,0.7,a,,,0.0,0.0,0.0,0,0,0.0,0.0,0.0,2930,2673,0.0,0.0,0.0,0.0,0.0,0,0
641,437497,Bard,Melvin,Bard,2,13,2,45,0.0,a,,,0.0,0.0,0.0,18,1,0.3,0.3,0.3,93,74,0.0,0.0,0.0,0.3,1.5,1,0
648,587982,Bahoya,Jean-Mattéo,Bahoya,3,13,2,50,0.0,a,,,0.0,0.0,0.0,1,1,0.3,0.3,0.3,103,169,0.0,0.0,0.0,0.0,0.1,5,0
350,116535,A.Becker,Alisson,Becker,1,14,14,55,4.1,a,,,0.0,0.0,0.0,450,27,8.3,8.3,8.3,12195,11166,0.0,0.0,0.0,6.12,9.9,96,5
364,214285,Tsimikas,Kostas,Tsimikas,2,14,14,49,0.1,a,,,0.0,0.0,4.0,64,2,0.3,0.3,0.3,85,385,0.04,0.02,0.06,0.47,1.8,6,0
365,489580,Ramsay,Calvin,Ramsay,2,14,14,40,0.1,u,0.0,0.0,0.0,0.0,0.0,0,0,0.0,0.0,0.0,0,455,0.0,0.0,0.0,0.0,0.0,0,0
373,206915,C.Jones,Curtis,Jones,3,14,14,55,0.0,u,0.0,0.0,0.0,0.0,0.0,0,0,0.0,0.0,0.0,0,56,0.0,0.0,0.0,0.0,0.0,0,0
374,158983,Endo,Endo,Wataru,3,14,14,49,0.1,a,100.0,100.0,0.0,0.0,0.0,0,0,0.0,0.0,0.0,156,426,0.0,0.0,0.0,0.0,0.0,0,0
377,551499,Munoz,Victor,Munoz,3,14,14,65,0.9,a,,,0.0,0.0,0.0,257,15,1.7,1.7,1.7,1357,11137,0.52,0.31,0.83,4.63,18.5,60,0
382,500058,Danns,Jayden,Danns,4,14,14,45,0.2,a,100.0,100.0,0.0,0.0,0.0,0,0,0.0,0.0,0.0,3341,2295,0.0,0.0,0.0,0.0,0.0,0,0
627,482616,Barcola,Bradley,Barcola,3,14,14,80,1.9,a,,,0.0,0.0,0.0,168,7,2.3,2.3,2.3,9761,18174,0.26,0.13,0.39,1.43,7.0,22,0
155,448047,Enzo,Enzo,Fernández,3,15,43,69,3.6,a,,,0.0,3.0,4.0,271,13,3.0,3.0,3.0,29632,13722,0.35,0.53,0.88,5.35,17.8,73,0
386,122074,Bettinelli,Marcus,Bettinelli,1,15,43,45,0.0,a,,,0.0,0.0,0.0,0,0,0.0,0.0,0.0,51,86,0.0,0.0,0.0,0.0,0.0,0,0
388,209036,Guéhi,Marc,Guéhi,2,15,43,60,18.2,a,,,0.0,0.0,0.0,450,30,6.0,6.0,6.0,22726,48749,0.95,0.39,1.34,7.25,24.3,114,4
389,465351,Matheus N.,Matheus,Nunes,2,15,43,59,1.0,a,100.0,100.0,4.0,0.0,0.0,213,11,3.3,3.3,3.3,1578,2798,0.0,0.06,0.06,4.67,7.0,38,1
390,171314,Rúben,Rúben,dos Santos Gato Alves Dias,2,15,43,55,1.9,a,,,0.0,0.0,0.0,450,17,4.3,4.3,4.3,4461,8778,0.29,0.74,1.03,7.25,18.7,72,0
394,494307,Alleyne,Max,Alleyne,2,15,43,50,0.0,u,0.0,0.0,0.0,0.0,0.0,0,0,0.0,0.0,0.0,0,19,0.0,0.0,0.0,0.0,0.0,0,0
492,210156,Awoniyi,Taiwo,Awoniyi,4,7,9,54,0.4,s,0.0,0.0,5.0,0.0,0.0,232,3,0.0,0.0,0.0,63,4848,1.3,0.04,1.34,3.55,13.6,11,0
238,114283,Grealish,Jack,Grealish,3,9,11,65,0.5,a,100.0,100.0,0.0,0.0,0.0,135,6,1.7,1.7,1.7,3491,2847,0.02,0.44,0.46,1.67,11.4,36,0
351,449027,Mamardashvili,Giorgi,Mamardashvili,1,14,14,49,0.1,a,,,0.0,0.0,0.0,0,0,0.0,0.0,0.0,239,592,0.0,0.0,0.0,0.0,0.0,0,0
352,155503,Woodman,Freddie,Woodman,1,14,14,40,1.0,a,,,0.0,0.0,0.0,0,0,0.0,0.0,0.0,756,2279,0.0,0.0,0.0,0.0,0.0,0,0
353,586268,Pecsi,Armin,Pecsi,1,14,14,40,0.0,u,0.0,0.0,0.0,0.0,0.0,0,0,0.0,0.0,0.0,0,57,0.0,0.0,0.0,0.0,0.0,0,0
354,432987,Jaros,Vitezslav,Jaros,1,14,14,40,0.0,i,0.0,0.0,0.0,0.0,0.0,0,0,0.0,0.0,0.0,197,151,0.0,0.0,0.0,0.0,0.0,0,0
355,464353,Davies,Harvey,Davies,1,14,14,40,0.2,a,,,0.0,0.0,0.0,0,0,0.0,0.0,0.0,279,453,0.0,0.0,0.0,0.0,0.0,0,0
356,97032,Virgil,Virgil,van Dijk,2,14,14,65,16.2,a,,,0.0,0.0,0.0,450,25,7.3,7.3,7.3,20070,41982,0.25,0.08,0.33,6.12,17.4,96,0
357,216094,Frimpong,Jeremie,Frimpong,2,14,14,53,1.8,a,,,0.0,0.0,0.0,178,2,0.3,0.3,0.3,1535,12285,0.01,0.23,0.24,3.91,13.2,24,0
358,544877,Kerkez,Milos,Kerkez,2,14,14,54,2.2,a,,,0.0,0.0,0.0,385,13,4.0,4.0,4.0,2506,9875,0.07,0.08,0.15,5.65,13.7,63,0
359,171287,Gomez,Joe,Gomez,2,14,14,49,0.0,a,100.0,100.0,0.0,0.0,0.0,0,0,0.0,0.0,0.0,303,109,0.0,0.0,0.0,0.0,0.0,0,0
360,492777,Bradley,Conor,Bradley,2,14,14,50,0.0,i,0.0,0.0,0.0,0.0,0.0,0,0,0.0,0.0,0.0,50,76,0.0,0.0,0.0,0.0,0.0,0,0
361,519440,Lucky,Wellity,Lucky,2,14,14,40,0.1,a,,,0.0,0.0,0.0,0,0,0.0,0.0,0.0,276,547,0.0,0.0,0.0,0.0,0.0,0,0
362,606702,Jacquet,Jeremy,Jacquet,2,14,14,50,3.5,a,100.0,100.0,0.0,0.0,0.0,415,24,6.7,6.7,6.7,31951,12636,0.0,0.14,0.14,5.51,15.5,112,3
363,647681,Leoni,Giovanni,Leoni,2,14,14,40,0.0,i,0.0,0.0,0.0,0.0,0.0,0,0,0.0,0.0,0.0,62,171,0.0,0.0,0.0,0.0,0.0,0,0
366,494595,Wirtz,Florian,Wirtz,3,14,14,73,5.7,a,,,4.0,2.0,2.0,402,18,4.0,4.0,4.0,3020,40719,1.0,0.4,1.4,4.82,31.4,92,0
367,243298,Gakpo,Cody,Gakpo,3,14,14,72,12.5,d,75.0,100.0,3.0,0.0,3.0,370,32,5.0,3.8,5.0,50574,82119,0.64,1.71,2.35,5.51,35.2,113,5
368,424876,Szoboszlai,Dominik,Szoboszlai,3,14,14,70,32.8,a,,,1.0,1.0,1.0,440,20,2.7,2.7,2.7,34077,204368,1.42,0.82,2.24,5.99,34.4,103,1
369,611922,Ngumoha,Rio,Ngumoha,3,14,14,57,0.5,a,,,0.0,0.0,0.0,99,4,0.3,0.3,0.3,720,4116,0.15,0.05,0.2,0.68,2.1,13,0
370,223541,Chiesa,Federico,Chiesa,3,14,14,53,0.0,i,0.0,0.0,0.0,0.0,0.0,0,0,0.0,0.0,0.0,16,238,0.0,0.0,0.0,0.0,0.0,0,0
371,441266,Gravenberch,Ryan,Gravenberch,3,14,14,58,1.1,a,,,0.0,0.0,0.0,190,9,1.0,1.0,1.0,1164,8789,0.1,0.08,0.18,2.02,9.9,51,0
372,243016,Mac Allister,Alexis,Mac Allister,3,14,14,54,1.3,a,,,5.0,0.0,0.0,306,11,2.7,2.7,2.7,3685,6648,0.1,0.49,0.59,4.85,13.5,59,0
375,591386,Nyoni,Trey,Nyoni,3,14,14,49,0.0,a,,,0.0,0.0,0.0,38,3,0.7,0.7,0.7,85,306,0.0,0.0,0.0,0.36,1.9,9,0
376,535928,Bajcetic,Stefan,Bajčetić Maquieira,3,14,14,50,0.0,u,0.0,0.0,0.0,0.0,0.0,0,0,0.0,0.0,0.0,0,2,0.0,0.0,0.0,0.0,0.0,0,0
378,491501,McConnell,James,McConnell,3,14,14,44,0.2,a,,,0.0,0.0,0.0,0,0,0.0,0.0,0.0,1033,1444,0.0,0.0,0.0,0.0,0.0,0,0
379,219168,Isak,Alexander,Isak,4,14,14,91,22.4,d,75.0,,2.0,0.0,0.0,413,33,7.7,5.8,7.7,113166,74433,3.54,0.08,3.62,5.82,40.0,133,8
380,510663,Ekitiké,Hugo,Ekitiké,4,14,14,74,0.1,i,0.0,0.0,0.0,0.0,0.0,0,0,0.0,0.0,0.0,353,792,0.0,0.0,0.0,0.0,0.0,0,0
381,514514,Koumas,Lewis,Koumas,3,14,14,50,0.0,a,,,0.0,0.0,0.0,22,3,0.7,0.7,0.7,146,183,0.28,0.0,0.28,0.72,2.9,14,0
383,444884,Elliott,Harvey,Elliott,3,14,14,54,0.0,u,0.0,0.0,0.0,0.0,0.0,0,0,0.0,0.0,0.0,0,218,0.0,0.0,0.0,0.0,0.0,0,0
579,445087,Araujo,Ronald,Araujo,2,14,14,54,3.0,a,,,0.0,0.0,0.0,284,22,7.0,7.0,7.0,15972,10032,0.0,0.06,0.06,2.75,7.7,81,1
237,440993,Ndiaye,Iliman,Ndiaye,3,15,43,58,6.7,a,,,0.0,0.0,0.0,385,22,3.0,3.0,3.0,6688,66548,0.38,0.58,0.96,9.42,26.1,110,1
384,204936,Donnarumma,Gianluigi,Donnarumma,1,15,43,55,7.6,a,,,0.0,0.0,0.0,450,19,5.3,5.3,5.3,10312,29206,0.0,0.0,0.0,7.25,11.4,84,0
387,472769,O'Reilly,Nico,O'Reilly,2,15,43,63,10.9,a,100.0,100.0,0.0,0.0,0.0,163,6,0.7,0.7,0.7,5067,68224,0.87,0.43,1.3,2.1,9.0,22,0
391,477424,Gvardiol,Joško,Gvardiol,2,15,43,57,26.8,a,,,0.0,0.0,0.0,434,37,7.7,7.7,7.7,141857,50891,0.22,0.74,0.96,7.25,24.0,135,6
392,448514,Aït-Nouri,Rayan,Aït-Nouri,2,15,43,53,0.4,a,,,0.0,0.0,0.0,0,0,0.0,0.0,0.0,499,2100,0.0,0.0,0.0,0.0,0.0,0,0
393,578153,Khusanov,Abdukodir,Khusanov,2,15,43,54,1.4,a,,,0.0,0.0,0.0,268,9,1.7,1.7,1.7,1349,8723,0.0,0.06,0.06,2.68,6.8,53,0
395,477064,Lewis,Rico,Lewis,2,15,43,44,0.2,a,,,0.0,0.0,0.0,56,1,0.0,0.0,0.0,290,1160,0.17,0.02,0.19,0.55,4.7,-1,0
396,616222,Vitor Reis,Vitor,de Oliveira Nunes dos Reis,2,15,43,45,0.0,a,,,0.0,0.0,0.0,1,1,0.0,0.0,0.0,70,145,0.0,0.0,0.0,0.0,0.2,3,0
397,437730,Semenyo,Antoine,Semenyo,3,15,43,84,15.4,d,75.0,,2.0,0.0,0.0,450,33,8.7,6.5,8.7,123501,60311,0.33,1.16,1.49,7.25,43.4,147,2
398,209244,Foden,Phil,Foden,3,15,43,69,1.8,s,0.0,0.0,0.0,2.0,2.0,217,9,-0.3,0.0,0.0,199,27333,1.61,0.88,2.49,1.91,22.3,52,1
399,466052,Cherki,Rayan,Cherki,3,15,43,78,28.4,a,,,0.0,1.0,1.0,302,34,4.0,4.0,4.0,116826,85258,0.72,1.54,2.26,5.0,47.3,150,5
400,248875,Doku,Jérémy,Doku,3,15,43,74,0.7,a,100.0,75.0,3.0,0.0,0.0,15,1,0.3,0.3,0.2,4023,1932,0.23,0.32,0.55,0.42,2.2,7,0
402,220566,Rodrigo,Rodrigo 'Rodri',Hernandez Cascante,3,15,43,65,0.0,u,0.0,0.0,0.0,0.0,0.0,0,0,0.0,0.0,0.0,0,23,0.0,0.0,0.0,0.0,0.0,0,0
404,433036,Reijnders,Tijjani,Reijnders,3,15,43,60,0.0,u,0.0,0.0,0.0,0.0,0.0,0,0,0.0,0.0,0.0,0,94,0.0,0.0,0.0,0.0,0.0,0,0
406,91651,Kovačić,Mateo,Kovačić,3,15,43,54,0.1,a,,,0.0,0.0,0.0,42,2,0.0,0.0,0.0,100,440,0.0,0.02,0.02,0.1,0.9,12,0
407,575204,Echeverri,Claudio,Echeverri,3,15,43,49,0.0,u,0.0,0.0,0.0,0.0,0.0,0,0,0.0,0.0,0.0,0,51,0.0,0.0,0.0,0.0,0.0,0,0
408,155405,Phillips,Kalvin,Phillips,3,15,43,50,0.0,u,0.0,0.0,0.0,0.0,0.0,0,0,0.0,0.0,0.0,0,12,0.0,0.0,0.0,0.0,0.0,0,0
409,590039,Mukasa,Divine,Mukasa,3,15,43,45,0.1,u,0.0,0.0,0.0,0.0,0.0,0,0,0.0,0.0,0.0,0,570,0.0,0.0,0.0,0.0,0.0,0,0
410,649208,Monga,Jeremy,Monga,3,15,43,49,0.0,u,0.0,0.0,0.0,0.0,0.0,0,0,0.0,0.0,0.0,0,49,0.0,0.0,0.0,0.0,0.0,0,0
411,223094,Haaland,Erling,Haaland,4,15,43,156,73.8,a,,,1.0,0.0,0.0,450,39,8.0,8.0,8.0,74732,18663,4.42,0.53,4.95,7.25,46.5,167,9
481,215379,Anderson,Elliot,Anderson,3,15,43,63,4.0,a,100.0,100.0,0.0,0.0,3.0,413,15,3.3,3.3,3.3,7499,26850,0.11,0.67,0.78,7.15,18.4,95,0
587,106921,Rulli,Gerónimo,Rulli,1,15,43,50,0.0,a,,,0.0,0.0,0.0,0,0,0.0,0.0,0.0,68,101,0.0,0.0,0.0,0.0,0.0,0,0
616,637238,Bouaddi,Ayyoub,Bouaddi,3,15,43,55,0.2,a,,,0.0,0.0,0.0,22,2,0.3,0.3,0.3,813,2053,0.0,0.12,0.12,0.37,1.8,8,0
621,616288,McAidoo,Ryan,McAidoo,3,15,43,45,0.1,a,,,0.0,0.0,0.0,11,2,0.3,0.3,0.3,186,1054,0.1,0.0,0.1,0.02,0.8,8,0
622,554054,Braithwaite,Kaden,Braithwaite,2,15,43,40,0.2,a,,,0.0,0.0,0.0,1,1,0.0,0.0,0.0,554,1602,0.0,0.0,0.0,0.0,0.1,3,0
628,624777,Allan,Allan,Andrade Elias,3,15,43,60,0.0,a,,,0.0,0.0,0.0,0,0,0.0,0.0,0.0,212,156,0.0,0.0,0.0,0.0,0.0,0,0
653,595480,Samba,Floyd,Samba,3,15,43,45,0.0,a,,,0.0,0.0,0.0,0,0,0.0,0.0,0.0,237,474,0.0,0.0,0.0,0.0,0.0,0,0
43,166989,Tielemans,Youri,Tielemans,3,16,1,58,1.5,a,100.0,100.0,3.0,0.0,0.0,402,14,3.0,3.0,3.0,2973,10358,0.65,0.52,1.17,6.16,24.4,93,0
131,535301,Baleba,Carlos,Baleba,3,16,1,49,0.1,a,100.0,50.0,0.0,0.0,0.0,0,0,0.0,0.0,0.0,1195,692,0.0,0.0,0.0,0.0,0.0,0,0
162,532605,Andrey Santos,Andrey,Nascimento dos Santos,3,16,1,48,0.6,a,,,0.0,0.0,0.0,82,4,0.5,0.5,0.5,1000,4766,0.0,0.24,0.24,2.03,3.9,23,0
325,59735,Darlow,Karl,Darlow,1,16,1,45,0.0,d,75.0,100.0,0.0,0.0,0.0,0,0,0.0,0.0,0.0,57,203,0.0,0.0,0.0,0.0,0.0,0,0
412,465247,Lammens,Senne,Lammens,1,16,1,49,9.9,a,,,0.0,0.0,0.0,450,11,2.5,2.5,2.5,6378,47040,0.0,0.0,0.0,6.8,13.3,58,0
413,451302,Bayindir,Altay,Bayındır,1,16,1,45,0.0,u,0.0,0.0,0.0,0.0,0.0,0,0,0.0,0.0,0.0,0,34,0.0,0.0,0.0,0.0,0.0,0,0
414,21205,Heaton,Tom,Heaton,1,16,1,40,0.1,i,0.0,0.0,0.0,0.0,0.0,0,0,0.0,0.0,0.0,188,256,0.0,0.0,0.0,0.0,0.0,0,0
498,221466,Senesi,Marcos,Senesi Barón,2,19,6,58,3.5,a,,,0.0,0.0,0.0,90,3,0.0,0.0,0.0,1127,20775,0.0,0.02,0.02,3.87,3.9,10,0
415,596777,Dorgu,Patrick,Dorgu,3,16,1,58,0.5,d,75.0,,0.0,0.0,0.0,171,10,2.5,1.9,2.5,1018,3814,0.78,0.09,0.87,3.38,15.6,27,0
416,209365,De Ligt,Matthijs,de Ligt,2,16,1,50,0.0,i,0.0,0.0,0.0,0.0,0.0,0,0,0.0,0.0,0.0,68,124,0.0,0.0,0.0,0.0,0.0,0,0
417,216051,Dalot,Diogo,Dalot Teixeira,2,16,1,49,1.6,a,,,0.0,0.0,0.0,346,8,1.8,1.8,1.8,1178,7229,0.24,0.23,0.47,4.7,20.2,46,0
418,95658,Maguire,Harry,Maguire,2,16,1,48,8.6,a,,,0.0,0.0,0.0,450,10,2.2,2.2,2.2,4078,73010,0.2,0.46,0.66,6.8,18.6,50,0
419,221820,Martinez,Lisandro,Martínez,2,16,1,50,1.3,a,100.0,100.0,0.0,0.0,0.0,360,6,1.5,1.5,1.5,3538,6206,0.21,0.16,0.37,5.79,11.8,29,0
420,550864,Yoro,Leny,Yoro,2,16,1,48,0.5,a,,,0.0,0.0,0.0,22,2,0.5,0.5,0.5,452,2107,0.0,0.02,0.02,1.09,1.3,-1,0
421,606745,Heaven,Ayden,Heaven,2,16,1,44,0.3,a,,,0.0,0.0,0.0,90,1,0.0,0.0,0.0,223,1413,0.12,0.04,0.16,1.01,2.0,5,0
422,230001,Mazraoui,Noussair,Mazraoui,2,16,1,44,0.5,a,,,0.0,0.0,0.0,97,3,0.5,0.5,0.5,557,2796,0.22,0.06,0.28,2.08,6.4,6,0
423,106760,Shaw,Luke,Shaw,2,16,1,43,7.7,a,100.0,50.0,0.0,0.0,3.0,335,9,2.0,2.0,1.0,3381,74685,0.03,0.58,0.61,4.63,20.1,54,0
424,577974,Amass,Harry,Amass,2,16,1,40,0.2,a,,,0.0,0.0,0.0,0,0,0.0,0.0,0.0,404,752,0.0,0.0,0.0,0.0,0.0,0,0
425,547676,Fredricson,Tyler,Fredricson,2,16,1,40,0.0,u,0.0,0.0,0.0,0.0,0.0,0,0,0.0,0.0,0.0,0,46,0.0,0.0,0.0,0.0,0.0,0,0
426,141746,B.Fernandes,Bruno,Borges Fernandes,3,16,1,119,38.5,a,,,1.0,1.0,1.0,450,31,7.2,7.2,7.2,40613,191142,2.56,1.32,3.88,6.8,54.6,148,3
427,446008,Mbeumo,Bryan,Mbeumo,3,16,1,79,20.6,a,,,2.0,2.0,2.0,450,25,5.8,5.8,5.8,34292,125662,3.07,0.8,3.87,6.8,44.2,110,3
428,430871,Cunha,Matheus,Santos Carneiro da Cunha,3,16,1,79,5.8,a,,,0.0,0.0,0.0,407,26,6.0,6.0,6.0,20328,20775,0.63,0.83,1.46,5.44,30.0,95,4
429,176297,Rashford,Marcus,Rashford,3,16,1,70,1.5,d,75.0,,0.0,3.0,0.0,351,10,2.2,1.7,2.2,4086,16843,0.78,0.43,1.21,4.5,37.3,58,0
430,184341,Mount,Mason,Mount,3,16,1,54,0.0,a,100.0,100.0,0.0,4.0,0.0,10,1,0.2,0.2,0.2,173,195,0.09,0.01,0.1,0.0,0.7,3,0
431,493250,Amad,Amad,Diallo,3,16,1,57,0.3,i,0.0,0.0,0.0,0.0,4.0,0,0,0.0,0.0,0.0,118,1725,0.0,0.0,0.0,0.0,0.0,0,0
432,516895,Mainoo,Kobbie,Mainoo,3,16,1,55,1.6,d,75.0,,0.0,0.0,0.0,354,22,5.2,3.9,5.2,7485,14322,0.3,0.52,0.82,4.77,19.3,102,2
433,232112,Ugarte,Manuel,Ugarte Ribeiro,3,16,1,50,0.0,i,0.0,0.0,0.0,0.0,0.0,0,0,0.0,0.0,0.0,22,23,0.0,0.0,0.0,0.0,0.0,0,0
434,547037,J.Fletcher,Jack,Fletcher,3,16,1,49,0.0,a,,,0.0,0.0,0.0,0,0,0.0,0.0,0.0,41,57,0.0,0.0,0.0,0.0,0.0,0,0
435,576628,Lacey,Shea,Lacey,3,16,1,49,0.1,a,,,0.0,0.0,0.0,10,1,0.0,0.0,0.0,366,341,0.0,0.0,0.0,0.0,0.1,3,0
436,490881,Collyer,Toby,Collyer,3,16,1,50,0.0,u,0.0,0.0,0.0,0.0,0.0,0,0,0.0,0.0,0.0,0,43,0.0,0.0,0.0,0.0,0.0,0,0
437,576620,Bendito Mantato,Bendito,Mantato,3,16,1,44,0.2,a,,,0.0,0.0,0.0,0,0,0.0,0.0,0.0,380,817,0.0,0.0,0.0,0.0,0.0,0,0
438,519913,Fletcher,Tyler,Fletcher,3,16,1,44,0.3,a,,,0.0,0.0,0.0,0,0,0.0,0.0,0.0,2503,2043,0.0,0.0,0.0,0.0,0.0,0,0
439,485711,Šeško,Benjamin,Sesko,4,16,1,70,1.6,d,75.0,100.0,0.0,0.0,0.0,76,8,1.8,1.4,1.8,6538,23143,0.39,0.01,0.4,2.0,8.2,39,0
440,458249,Zirkzee,Joshua,Zirkzee,4,16,1,53,0.4,a,,,0.0,0.0,0.0,20,2,0.5,0.5,0.5,1836,3022,0.0,0.01,0.01,0.02,2.2,8,0
441,596047,Obi,Chido,Obi,4,16,1,45,0.9,u,0.0,0.0,0.0,0.0,0.0,0,0,0.0,0.0,0.0,0,10937,0.0,0.0,0.0,0.0,0.0,0,0
405,465694,N.Gonzalez,Nico,González Iglesias,3,17,4,55,0.2,a,100.0,0.0,0.0,0.0,0.0,164,5,1.0,1.0,0.0,564,1802,0.0,0.21,0.21,2.34,5.8,23,0
442,98747,Pope,Nick,Pope,1,17,4,49,0.9,a,,,0.0,0.0,0.0,0,0,0.0,0.0,0.0,829,3016,0.0,0.0,0.0,0.0,0.0,0,0
443,81441,Gillespie,Mark,Gillespie,1,17,4,45,0.0,a,,,0.0,0.0,0.0,0,0,0.0,0.0,0.0,42,85,0.0,0.0,0.0,0.0,0.0,0,0
444,554578,Jaouen,Ewen,Jaouen,1,17,4,44,0.0,d,50.0,50.0,0.0,0.0,0.0,0,0,0.0,0.0,0.0,19,114,0.0,0.0,0.0,0.0,0.0,0,0
445,465642,Thiaw,Malick,Thiaw,2,17,4,50,2.2,a,,,0.0,0.0,0.0,450,14,1.7,1.7,1.7,8179,9526,0.0,0.08,0.08,9.14,12.7,32,0
446,119471,Schär,Fabian,Schär,2,17,4,49,0.2,a,100.0,100.0,0.0,2.0,0.0,25,2,0.3,0.3,0.3,528,879,0.0,0.01,0.01,1.87,3.6,0,0
447,220237,Botman,Sven,Botman,2,17,4,50,0.7,a,,,0.0,0.0,0.0,450,15,2.3,2.3,2.3,4533,2835,0.06,0.17,0.23,9.14,16.4,43,0
448,78916,Burn,Dan,Burn,2,17,4,48,0.7,i,0.0,0.0,0.0,0.0,0.0,0,0,0.0,0.0,0.0,102,5580,0.0,0.0,0.0,0.0,0.0,0,0
449,487838,Hall,Lewis,Hall,2,17,4,53,17.3,a,,,0.0,1.0,1.0,449,31,5.7,5.7,5.7,238458,18925,0.25,0.79,1.04,9.12,30.2,127,6
450,441191,Livramento,Tino,Livramento,2,17,4,49,0.1,d,75.0,100.0,0.0,0.0,0.0,33,4,1.3,1.0,1.3,430,1442,0.0,0.01,0.01,0.18,1.3,12,0
451,545477,A.Murphy,Alex,Murphy,2,17,4,40,0.1,u,0.0,0.0,0.0,0.0,0.0,0,0,0.0,0.0,0.0,0,278,0.0,0.0,0.0,0.0,0.0,0,0
453,201666,Barnes,Harvey,Barnes,3,17,4,61,5.6,a,,,0.0,0.0,3.0,450,28,7.7,7.7,7.7,152778,16418,0.62,0.48,1.1,9.14,28.2,105,3
454,449434,Elanga,Anthony,Elanga,3,17,4,61,4.6,i,0.0,0.0,0.0,0.0,2.0,232,18,0.3,0.0,0.0,312,162966,0.42,0.34,0.76,4.01,19.4,71,2
456,232653,J.Ramsey,Jacob,Ramsey,3,17,4,49,0.2,i,0.0,0.0,0.0,0.0,0.0,69,7,2.0,0.0,0.0,55,4593,0.17,0.16,0.33,1.92,6.7,26,0
457,114243,J.Murphy,Jacob,Murphy,3,17,4,59,0.1,a,,,0.0,0.0,4.0,181,3,0.7,0.7,0.7,911,732,0.03,0.41,0.44,4.96,4.9,21,0
458,180974,Joelinton,Joelinton Cássio,Apolinário de Lira,3,17,4,54,0.0,i,0.0,0.0,0.0,0.0,0.0,0,0,0.0,0.0,0.0,12,74,0.0,0.0,0.0,0.0,0.0,0,0
459,547719,L.Miley,Lewis,Miley,3,17,4,55,0.1,a,100.0,100.0,0.0,0.0,5.0,396,12,2.0,2.0,2.0,459,431,0.05,0.14,0.19,7.95,12.0,68,0
460,200089,Willock,Joe,Willock,3,17,4,50,0.6,a,,,0.0,0.0,0.0,284,22,4.3,4.3,4.3,9338,2575,0.81,0.3,1.11,5.19,19.4,80,3
461,611665,Touré,Bazoumana,Touré,3,17,4,58,0.1,a,,,0.0,0.0,0.0,50,8,2.3,2.3,2.3,312,827,0.28,0.01,0.29,0.76,6.4,29,0
462,636852,Steur,Sean,Steur,3,17,4,49,0.1,a,,,0.0,0.0,0.0,223,8,2.0,2.0,2.0,259,365,0.0,0.06,0.06,4.23,8.8,42,0
463,470313,Woltemade,Nick,Woltemade,4,17,4,59,0.5,u,0.0,0.0,0.0,0.0,0.0,19,4,0.0,0.0,0.0,0,3524,0.02,0.01,0.03,0.38,4.0,18,0
464,216646,Wissa,Yoane,Wissa,4,17,4,62,18.7,a,,,2.0,0.0,0.0,441,15,1.0,1.0,1.0,82590,137004,2.35,0.06,2.41,7.97,23.3,54,2
465,538207,Osula,William,Osula,4,17,4,58,0.3,i,0.0,0.0,1.0,4.0,0.0,55,4,0.0,0.0,0.0,118,2267,0.06,0.14,0.2,1.48,5.0,18,0
466,599303,Neave,Sean,Neave,4,17,4,45,0.5,u,0.0,0.0,0.0,0.0,0.0,0,0,0.0,0.0,0.0,0,3754,0.0,0.0,0.0,0.0,0.0,0,0
559,632794,Bamba,Aladji,Bamba,3,17,4,49,0.1,a,,,0.0,0.0,0.0,27,3,0.7,0.7,0.7,123,472,0.0,0.0,0.0,1.29,1.2,12,0
567,470551,Horníček,Lukás,Hornícek,1,17,4,50,1.5,a,,,0.0,0.0,0.0,450,14,2.0,2.0,2.0,6890,4697,0.0,0.0,0.0,9.14,15.5,72,0
593,463726,Dedić,Amar,Dedic,2,17,4,45,1.8,i,0.0,0.0,0.0,3.0,0.0,327,13,0.3,0.0,0.0,245,36406,0.14,0.08,0.22,7.38,12.6,36,2
609,553746,Shahar,Leo,Shahar,2,17,4,40,0.2,u,0.0,0.0,0.0,0.0,0.0,0,0,0.0,0.0,0.0,0,1814,0.0,0.0,0.0,0.0,0.0,0,0
634,613221,Fernandez-Pardo,Matias,Fernandez-Pardo,4,17,4,60,0.1,a,,,0.0,0.0,0.0,157,4,1.3,1.3,1.3,1845,1355,0.05,0.01,0.06,2.94,3.1,16,0
659,665243,Miley,Mason,Miley,3,17,4,45,0.0,a,,,0.0,0.0,0.0,0,0,0.0,0.0,0.0,1363,624,0.0,0.0,0.0,0.0,0.0,0,0
663,578512,Pivas,Miodrag,Pivas,2,17,4,40,0.0,a,,,0.0,0.0,0.0,0,0,0.0,1.1,1.1,375,51,0.0,0.0,0.0,0.0,0.0,0,0
664,601767,Salia,Vakhtang,Salia,4,17,4,45,0.1,a,,,0.0,0.0,0.0,0,0,0.0,1.0,1.0,9175,1465,0.0,0.0,0.0,0.0,0.0,0,0
665,655585,Mills,Michael,Mills,3,17,4,45,0.0,a,,,0.0,0.0,0.0,0,0,0.0,1.1,1.1,156,26,0.0,0.0,0.0,0.0,0.0,0,0
666,671875,Thompson,Kyran,Thompson,3,17,4,45,0.0,a,,,0.0,0.0,0.0,0,0,0.0,1.1,1.1,227,35,0.0,0.0,0.0,0.0,0.0,0,0
167,463034,Delap,Liam,Delap,4,18,17,56,2.7,a,,,3.0,0.0,0.0,277,9,2.7,2.7,2.7,24393,27892,0.89,0.35,1.24,2.62,17.9,49,0
201,247348,Muñoz,Daniel,Muñoz Mejía,2,18,17,54,5.7,a,,,0.0,0.0,0.0,257,5,1.7,1.7,1.7,7554,28961,0.6,0.21,0.81,2.59,18.1,29,0
467,85633,Sels,Matz,Sels,1,18,17,50,1.6,a,,,0.0,0.0,0.0,450,14,3.7,3.7,3.7,1904,5859,0.0,0.01,0.01,4.77,8.2,67,0
468,221389,John,John Victor,Maciel Furtado,1,18,17,45,0.1,a,,,0.0,0.0,0.0,0,0,0.0,0.0,0.0,57,147,0.0,0.0,0.0,0.0,0.0,0,0
469,215136,N.Williams,Neco,Williams,2,18,17,50,8.7,a,,,0.0,3.0,2.0,450,19,3.7,3.7,3.7,10611,44047,0.41,0.61,1.02,4.77,25.6,85,1
470,485047,Morato,Felipe,Rodrigues da Silva,2,18,17,50,0.0,u,0.0,0.0,0.0,0.0,0.0,0,0,0.0,0.0,0.0,0,111,0.0,0.0,0.0,0.0,0.0,0,0
471,227444,Milenković,Nikola,Milenković,2,18,17,54,1.0,i,0.0,0.0,0.0,0.0,0.0,270,12,2.3,0.0,0.0,62,11757,0.11,0.03,0.14,3.28,7.0,34,0
472,575476,Murillo,Murillo,Costa dos Santos,2,18,17,55,2.1,a,100.0,100.0,0.0,2.0,0.0,449,23,6.0,6.0,6.0,7823,7691,0.42,0.37,0.79,4.77,21.4,76,0
473,159506,Aina,Ola,Aina,2,18,17,44,2.4,a,,,0.0,0.0,0.0,306,8,1.0,1.0,1.0,1025,19791,0.04,0.53,0.57,3.72,12.7,45,0
474,575458,Jair Cunha,Jair,Paula da Cunha Filho,2,18,17,45,0.2,a,100.0,75.0,0.0,0.0,0.0,360,11,3.0,3.0,2.2,234,622,0.05,0.02,0.07,3.95,8.6,40,0
475,500151,Savona,Nicolò,Savona,2,18,17,45,0.0,i,0.0,0.0,0.0,0.0,0.0,0,0,0.0,0.0,0.0,20,18,0.0,0.0,0.0,0.0,0.0,0,0
476,204822,O.Richards,Omar,Richards,2,18,17,40,0.2,a,,,0.0,0.0,0.0,0,0,0.0,0.0,0.0,286,707,0.0,0.0,0.0,0.0,0.0,0,0
477,549067,Abbott,Zach,Abbott,2,18,17,40,0.1,u,0.0,0.0,0.0,0.0,0.0,0,0,0.0,0.0,0.0,0,786,0.0,0.0,0.0,0.0,0.0,0,0
478,470315,Netz,Luca,Netz,2,18,17,44,0.0,a,,,0.0,0.0,0.0,27,3,0.3,0.3,0.3,54,114,0.0,0.02,0.02,0.13,2.6,8,0
479,538638,Bindon,Tyler,Bindon,2,18,17,40,0.1,u,0.0,0.0,0.0,0.0,0.0,0,0,0.0,0.0,0.0,0,507,0.0,0.0,0.0,0.0,0.0,0,0
480,222531,Gibbs-White,Morgan,Gibbs-White,3,18,17,80,15.7,a,100.0,100.0,1.0,1.0,0.0,450,28,4.3,4.3,4.3,62461,79066,1.56,1.42,2.98,4.77,40.6,116,6
482,209046,Hudson-Odoi,Callum,Hudson-Odoi,3,18,17,58,0.1,a,100.0,100.0,0.0,4.0,0.0,1,1,0.0,0.0,0.0,245,1122,0.0,0.0,0.0,0.0,0.0,2,0
483,456512,Ndoye,Dan,Ndoye,3,18,17,55,0.7,a,,,0.0,0.0,0.0,316,15,1.0,1.0,1.0,717,7878,1.25,0.93,2.18,3.84,19.0,44,2
484,503301,Hutchinson,Omari,Hutchinson,3,18,17,54,0.1,u,0.0,0.0,0.0,0.0,0.0,0,0,0.0,0.0,0.0,0,343,0.0,0.0,0.0,0.0,0.0,0,0
485,476887,Bakwa,Dilane,Bakwa,3,18,17,55,0.0,u,0.0,0.0,0.0,0.0,0.0,0,0,0.0,0.0,0.0,0,33,0.0,0.0,0.0,0.0,0.0,0,0
486,432714,McAtee,James,McAtee,3,18,17,55,0.1,a,,,0.0,0.0,1.0,416,12,2.3,2.3,2.3,334,882,0.37,0.96,1.33,4.55,27.6,91,0
487,250199,Dominguez,Nicolás,Domínguez,3,18,17,49,0.1,a,,,0.0,0.0,0.0,1,1,0.0,0.0,0.0,61,286,0.0,0.0,0.0,0.0,0.0,3,0
488,210462,I.Sangaré,Ibrahim,Sangaré,3,18,17,49,0.4,a,100.0,100.0,0.0,0.0,0.0,105,4,0.7,0.7,0.7,288,2924,0.09,0.02,0.11,0.56,4.1,15,0
489,204968,Yates,Ryan,Yates,3,18,17,45,1.2,a,100.0,100.0,0.0,0.0,0.0,0,0,0.0,0.0,0.0,570,7119,0.0,0.0,0.0,0.0,0.0,0,0
490,60689,Wood,Chris,Wood,4,18,17,58,0.9,a,,,2.0,0.0,0.0,62,4,1.0,1.0,1.0,1849,6251,0.12,0.01,0.13,0.53,0.7,13,0
491,482973,Igor Jesus,Igor Jesus,Maciel da Cruz,4,18,17,58,2.6,a,,,4.0,0.0,0.0,257,12,3.0,3.0,3.0,6843,22408,1.25,0.08,1.33,2.61,19.6,53,2
493,465680,Kalimuendo,Arnaud,Kalimuendo,4,18,17,54,0.1,a,,,0.0,0.0,0.0,1,1,0.0,0.0,0.0,211,401,0.0,0.0,0.0,0.0,0.0,3,0
558,204561,Schlager,Xaver,Schlager,3,18,17,50,0.1,a,,,0.0,0.0,3.0,376,13,2.7,2.7,2.7,212,751,0.19,0.18,0.37,4.43,12.5,70,0
581,568420,Diomande,Ousmane,Diomande,2,18,17,54,0.5,a,,,0.0,0.0,0.0,163,7,2.3,2.3,2.3,1456,2162,0.16,0.01,0.17,1.45,5.2,17,0
590,428971,Benda,Steven,Benda,1,18,17,45,0.1,a,,,0.0,0.0,0.0,0,0,0.0,0.0,0.0,120,230,0.0,0.0,0.0,0.0,0.0,0,0
112,469142,Van Hecke,Jan Paul,van Hecke,2,19,6,49,6.6,a,,,0.0,0.0,0.0,450,24,7.3,7.3,7.3,17651,26734,0.69,0.42,1.11,7.78,31.6,85,2
147,109646,Tosin,Tosin,Adarabioyo,2,19,6,44,0.1,a,,,0.0,0.0,0.0,5,1,0.2,0.2,0.2,97,541,0.0,0.0,0.0,0.03,0.9,5,0
401,438234,Marmoush,Omar,Marmoush,4,19,6,70,2.1,a,,,2.0,4.0,8.0,339,8,2.0,2.0,2.0,10290,20903,0.38,0.15,0.53,3.84,12.9,37,0
403,510281,Sávio,Sávio,Moreira de Oliveira,3,19,6,65,0.7,a,100.0,100.0,0.0,0.0,2.0,240,8,2.7,2.7,2.7,2728,6529,0.41,0.7,1.11,2.76,27.8,66,0
455,432422,Tonali,Sandro,Tonali,3,19,6,53,1.8,a,100.0,100.0,0.0,0.0,0.0,427,14,3.3,3.3,3.3,2177,14562,0.24,0.61,0.85,7.72,18.0,86,0
494,184254,Vicario,Guglielmo,Vicario,1,19,6,45,0.1,u,0.0,0.0,0.0,0.0,0.0,0,0,0.0,0.0,0.0,0,690,0.0,0.0,0.0,0.0,0.0,0,0
495,214572,Austin,Brandon,Austin,1,19,6,40,1.0,a,,,0.0,0.0,0.0,0,0,0.0,0.0,0.0,1844,2085,0.0,0.0,0.0,0.0,0.0,0,0
496,485055,Kinsky,Antonín,Kinský,1,19,6,45,17.3,a,,,0.0,0.0,0.0,450,18,5.0,5.0,5.0,16769,107622,0.0,0.0,0.0,7.78,11.5,77,0
497,67089,Dubravka,Martin,Dubravka,1,19,6,40,17.1,a,,,0.0,0.0,0.0,0,0,0.0,0.0,0.0,25303,46122,0.0,0.0,0.0,0.0,0.0,0,0
499,441164,Pedro Porro,Pedro,Porro Sauceda,2,19,6,54,7.6,d,75.0,100.0,0.0,1.0,1.0,198,9,2.7,2.0,2.7,1651,72045,0.37,0.16,0.53,1.68,9.8,33,1
500,221632,Romero,Cristian,Romero,2,19,6,50,0.1,u,0.0,0.0,0.0,0.0,0.0,0,0,0.0,0.0,0.0,0,277,0.0,0.0,0.0,0.0,0.0,0,0
502,122798,Robertson,Andrew,Robertson,2,19,6,44,2.5,a,,,0.0,0.0,6.0,366,17,4.0,4.0,4.0,5242,12216,0.13,0.43,0.56,7.05,25.4,68,1
503,491279,Van de Ven,Micky,van de Ven,2,19,6,50,3.8,a,100.0,100.0,0.0,0.0,0.0,360,16,5.3,5.3,5.3,5413,19062,0.59,0.05,0.64,3.91,10.3,69,3
505,232859,Spence,Djed,Spence,2,19,6,45,0.2,u,0.0,0.0,0.0,0.0,0.0,0,0,0.0,0.0,0.0,0,1136,0.0,0.0,0.0,0.0,0.0,0,0
506,487053,Udogie,Destiny,Udogie,2,19,6,44,0.3,a,100.0,100.0,0.0,0.0,0.0,86,7,1.7,1.7,1.7,326,1565,0.0,0.23,0.23,1.17,2.7,21,0
507,548308,Phillips,Ashley,Phillips,2,19,6,45,0.0,u,0.0,0.0,0.0,0.0,0.0,0,0,0.0,0.0,0.0,0,54,0.0,0.0,0.0,0.0,0.0,0,0
508,115556,Davies,Ben,Davies,2,19,6,39,0.9,a,,,0.0,0.0,0.0,0,0,0.0,0.0,0.0,7146,3697,0.0,0.0,0.0,0.0,0.0,0,0
509,640419,Byfield,Jun'ai,Byfield,2,19,6,40,0.1,a,,,0.0,0.0,0.0,0,0,0.0,0.0,0.0,118,239,0.0,0.0,0.0,0.0,0.0,0,0
510,499716,Rowswell,James,Rowswell,2,19,6,40,0.1,a,,,0.0,0.0,0.0,0,0,0.0,0.0,0.0,148,330,0.0,0.0,0.0,0.0,0.0,0,0
511,616221,Souza,João Victor,de Souza Menezes,2,19,6,40,0.2,u,0.0,0.0,0.0,0.0,0.0,0,0,0.0,0.0,0.0,0,857,0.0,0.0,0.0,0.0,0.0,0,0
512,460842,Kudus,Mohammed,Kudus,3,19,6,65,0.2,a,100.0,100.0,3.0,6.0,7.0,123,7,2.0,2.0,2.0,2144,1073,0.11,0.42,0.53,1.46,11.2,49,0
513,493362,Xavi,Xavi,Simons,3,19,6,59,0.0,i,0.0,0.0,4.0,2.0,0.0,0,0,0.0,0.0,0.0,50,79,0.0,0.0,0.0,0.0,0.0,0,0
514,511499,Tel,Mathys,Tel,3,19,6,57,0.2,a,,,0.0,3.0,3.0,257,8,1.3,1.3,1.3,194,1893,0.21,0.23,0.44,5.55,14.6,41,0
515,172780,Maddison,James,Maddison,3,19,6,63,0.4,a,100.0,100.0,0.0,5.0,5.0,59,3,0.7,0.7,0.7,715,1914,0.06,0.04,0.1,1.03,5.6,18,0
516,202993,Bentancur,Rodrigo,Bentancur,3,19,6,55,0.2,a,,,0.0,0.0,0.0,370,15,4.0,4.0,4.0,344,666,0.02,0.12,0.14,5.59,12.6,69,0
517,550839,Odobert,Wilson,Odobert,3,19,6,55,0.0,i,0.0,0.0,0.0,0.0,0.0,0,0,0.0,0.0,0.0,24,13,0.0,0.0,0.0,0.0,0.0,0,0
518,482442,P.M.Sarr,Pape Matar,Sarr,3,19,6,49,0.1,u,0.0,0.0,0.0,0.0,0.0,0,0,0.0,0.0,0.0,0,647,0.0,0.0,0.0,0.0,0.0,0,0
519,232787,Gallagher,Conor,Gallagher,3,19,6,53,0.2,a,,,0.0,0.0,0.0,134,9,3.0,3.0,3.0,779,627,0.37,0.12,0.49,2.65,9.6,48,0
520,570526,Bergvall,Lucas,Bergvall,3,19,6,53,0.1,a,,,0.0,0.0,0.0,78,3,0.7,0.7,0.7,99,599,0.06,0.27,0.33,2.21,2.9,13,0
521,445044,Kulusevski,Dejan,Kulusevski,3,19,6,65,0.0,i,0.0,0.0,0.0,0.0,0.0,0,0,0.0,0.0,0.0,84,64,0.0,0.0,0.0,0.0,0.0,0,0
522,547701,Gray,Archie,Gray,3,19,6,49,0.2,a,,,0.0,0.0,0.0,307,9,1.7,1.7,1.7,452,1152,0.23,0.05,0.28,6.11,7.0,51,0
523,499721,Moore,Mikey,Moore,3,19,6,50,0.1,u,0.0,0.0,0.0,0.0,0.0,89,3,0.0,0.0,0.0,0,520,0.4,0.02,0.42,3.26,7.5,11,0
524,499726,Olusesi,Callum,Olusesi,3,19,6,44,1.0,a,,,0.0,0.0,0.0,0,0,0.0,0.0,0.0,6025,7424,0.0,0.0,0.0,0.0,0.0,0,0
525,551226,Fernandes,Mateus,Fernandes,3,19,6,57,0.8,a,,,0.0,0.0,4.0,249,7,1.3,1.3,1.3,449,6406,0.19,0.28,0.47,4.43,14.6,50,0
526,154566,Solanke,Dominic,Solanke-Mitchell,4,19,6,58,0.8,a,,,1.0,0.0,0.0,170,7,1.7,1.7,1.7,1779,5484,0.56,0.01,0.57,2.57,6.1,21,0
527,212319,Richarlison,Richarlison,de Andrade,4,19,6,59,0.6,u,0.0,0.0,0.0,0.0,0.0,67,2,0.0,0.0,0.0,0,5517,0.0,0.0,0.0,3.02,0.2,6,0
528,490145,Scarlett,Dane,Scarlett,4,19,6,45,1.1,u,0.0,0.0,0.0,0.0,0.0,0,0,0.0,0.0,0.0,0,7792,0.0,0.0,0.0,0.0,0.0,0,0
578,465920,Mudryk,Mykhailo,Mudryk,3,19,6,53,0.0,i,0.0,0.0,0.0,0.0,0.0,16,1,0.2,0.0,0.0,19,545,0.0,0.0,0.0,0.16,0.1,3,0
601,611917,Williams-Barnett,Luca,Williams-Barnett,3,19,6,45,0.1,a,,,0.0,0.0,0.0,0,0,0.0,0.0,0.0,162,739,0.0,0.0,0.0,0.0,0.0,0,0
501,135720,Danso,Kevin,Danso,2,20,56,50,0.2,a,,,0.0,0.0,0.0,270,3,1.0,1.0,1.0,1120,806,0.07,0.17,0.24,5.91,11.0,7,0
529,498016,Roefs,Robin,Roefs,1,20,56,49,2.4,a,,,0.0,0.0,0.0,450,11,2.5,2.5,2.5,1998,11199,0.0,0.01,0.01,8.66,7.3,41,0
530,232571,Patterson,Anthony,Patterson,1,20,56,40,0.1,u,0.0,0.0,0.0,0.0,0.0,0,0,0.0,0.0,0.0,0,337,0.0,0.0,0.0,0.0,0.0,0,0
531,515046,Ellborg,Melker,Ellborg,1,20,56,44,0.1,a,,,0.0,0.0,0.0,0,0,0.0,0.0,0.0,126,241,0.0,0.0,0.0,0.0,0.0,0,0
532,223827,Ballard,Daniel,Ballard,2,20,56,49,2.5,d,75.0,,0.0,0.0,0.0,450,14,3.5,2.6,3.5,3574,15920,0.31,0.16,0.47,8.66,16.3,31,0
533,200834,Mukiele,Nordi,Mukiele,2,20,56,54,1.9,a,100.0,100.0,0.0,0.0,0.0,360,13,3.2,3.2,3.2,4950,8497,0.75,0.28,1.03,6.86,22.3,44,1
534,487676,Hume,Trai,Hume,2,20,56,43,2.8,a,,,0.0,0.0,3.0,206,10,2.0,2.0,2.0,1186,28832,0.14,0.29,0.43,4.57,11.5,44,0
535,201895,Alderete,Omar,Alderete,2,20,56,48,0.2,a,100.0,100.0,0.0,0.0,0.0,23,1,0.0,0.0,0.0,211,1031,0.0,0.01,0.01,0.1,0.0,2,0
536,434399,Reinildo,Reinildo,Mandava,2,20,56,44,0.3,a,100.0,0.0,0.0,0.0,0.0,360,7,1.5,1.5,0.0,175,1535,0.0,0.32,0.32,5.05,9.5,37,0
537,519634,Seelt,Jenson,Seelt,2,20,56,45,0.0,u,0.0,0.0,0.0,0.0,0.0,0,0,0.0,0.0,0.0,0,22,0.0,0.0,0.0,0.0,0.0,0,0
538,477547,Hjelde,Leo Fuhr,Hjelde,2,20,56,40,0.0,u,0.0,0.0,0.0,0.0,0.0,0,0,0.0,0.0,0.0,0,149,0.0,0.0,0.0,0.0,0.0,0,0
539,167512,O'Nien,Luke,O'Nien,2,20,56,39,2.5,a,,,0.0,0.0,0.0,66,1,0.0,0.0,0.0,17133,11131,0.01,0.01,0.02,1.69,1.7,1,0
540,105717,Masuaku,Arthur,Masuaku,2,20,56,40,0.1,u,0.0,0.0,0.0,0.0,0.0,0,0,0.0,0.0,0.0,0,607,0.0,0.0,0.0,0.0,0.0,0,0
541,93605,Meunier,Thomas,Meunier,2,20,56,45,0.3,a,100.0,100.0,0.0,0.0,0.0,396,14,3.2,3.2,3.2,1560,828,0.34,0.58,0.92,5.94,15.6,42,0
542,484420,E.Le Fée,Enzo,Le Fée,3,20,56,57,3.4,a,,,2.0,3.0,1.0,438,18,4.0,4.0,4.0,10917,23141,2.06,1.34,3.4,8.46,31.0,90,1
543,547027,Diarra,Habib,Diarra,3,20,56,53,0.0,i,0.0,0.0,1.0,0.0,0.0,28,5,1.0,0.0,0.0,19,218,0.03,0.16,0.19,0.12,2.9,18,0
544,84450,Xhaka,Granit,Xhaka,3,20,56,55,3.6,a,,,0.0,2.0,2.0,450,21,3.0,3.0,3.0,5979,22532,0.06,1.32,1.38,8.66,28.8,116,5
545,577669,Sadiki,Noah,Sadiki,3,20,56,49,0.2,a,,,0.0,0.0,0.0,410,10,2.0,2.0,2.0,392,1298,0.44,0.24,0.68,6.47,19.2,75,0
546,535818,Adingra,Simon,Adingra,3,20,56,49,0.0,u,0.0,0.0,0.0,0.0,0.0,0,0,0.0,0.0,0.0,0,185,0.0,0.0,0.0,0.0,0.0,0,0
547,461199,Mundle,Romaine,Mundle,3,20,56,49,0.0,i,0.0,0.0,0.0,0.0,0.0,1,1,0.2,0.0,0.0,10,52,0.17,0.0,0.17,0.09,2.5,2,0
548,554197,Rigg,Chris,Rigg,3,20,56,49,0.0,a,,,0.0,0.0,0.0,17,2,0.2,0.2,0.2,29,220,0.0,0.0,0.0,0.44,0.0,6,0
549,549912,Talbi,Chemsdine,Talbi,3,20,56,53,0.1,a,,,0.0,0.0,0.0,31,1,0.0,0.0,0.0,104,550,0.0,0.0,0.0,0.14,0.0,1,0
550,699989,Jocelin.T,Djiamgone Jocelin Ta,Bi,3,20,56,50,0.0,a,,,0.0,0.0,0.0,0,0,0.0,0.0,0.0,27,39,0.0,0.0,0.0,0.0,0.0,0,0
551,536661,N.Angulo,Nilson,Angulo,3,20,56,50,0.1,a,,,0.0,1.0,0.0,313,16,2.8,2.8,2.8,492,755,0.6,0.13,0.73,4.56,15.7,67,0
552,441264,Brobbey,Brian,Brobbey,4,20,56,57,7.0,d,75.0,,0.0,0.0,0.0,399,24,5.5,4.1,5.5,192936,41794,2.94,0.11,3.05,8.18,31.7,113,3
553,437505,Isidor,Wilson,Isidor,4,20,56,55,1.3,a,,,0.0,0.0,0.0,117,15,3.5,3.5,3.5,3032,11267,1.49,0.01,1.5,3.78,6.7,51,3
612,638411,Methalie,Dayann,Méthalie,2,20,56,45,0.0,a,100.0,100.0,0.0,0.0,0.0,90,-1,-0.2,-0.2,-0.2,108,64,0.03,0.01,0.04,2.82,1.2,-8,0
613,696104,Ahoka,Jules,Ahoka,3,20,56,45,0.2,a,,,0.0,0.0,0.0,0,0,0.0,0.0,0.0,573,1557,0.0,0.0,0.0,0.0,0.0,0,0
646,549940,Fofana,Malick,Fofana,3,20,56,55,0.0,a,,,0.0,0.0,0.0,60,3,1.0,1.0,1.0,316,291,0.39,0.01,0.4,3.25,5.8,11,0
651,661313,J.Angulo,Juan,Angulo,4,20,56,45,0.7,a,,,0.0,0.0,0.0,0,0,0.0,0.0,0.0,8470,7074,0.0,0.0,0.0,0.0,0.0,0,0
