player_id,match_id,minutes_played,goals,assists,total_shots,xg,xa,shots_on_target,successful_dribbles,big_chances_missed,touches_opposition_box,touches,accurate_passes,accurate_passes_percent,chances_created,final_third_passes,accurate_crosses,accurate_crosses_percent,accurate_long_balls,accurate_long_balls_percent,tackles_won,interceptions,recoveries,blocks,clearances,headed_clearances,dribbled_past,duels_won,duels_lost,ground_duels_won,ground_duels_won_percent,aerial_duels_won,aerial_duels_won_percent,was_fouled,fouls_committed,saves,goals_conceded,xgot_faced,goals_prevented,sweeper_actions,gk_accurate_passes,gk_accurate_long_balls,dispossessed,high_claim,corners,saves_inside_box,offsides,successful_dribbles_percent,tackles_won_percent,xgot,tackles,start_min,finish_min,team_goals_conceded,penalties_scored,penalties_missed,top_speed,distance_covered,walking_distance,running_distance,sprinting_distance,number_of_sprints,defensive_contributions
640,25-26-prem-nottingham-forest-vs-wolverhampton-wanderers,0,0,0,0,0.0,0.0,0,0,0,0,0,0,0.0,0.0,0,0,0.0,0,0.0,0,0,0,0,0,0,0,0,0,0,0.0,0,0.0,0,0,0,0,0.0,0.0,0,0,0,0.0,0,0,0,0,0.0,0.0,0.0,0,0,90,0,0,0,0.0,0.0,0.0,0.0,0.0,0.0,0.0
791,25-26-prem-west-ham-united-vs-manchester-united,69,0,0,0,0.0,0.0,0,0,0,1,22,5,50.0,0.0,0,0,0.0,0,0.0,1,0,0,0,2,1,0,1,7,1,17.0,0,0.0,0,2,0,0,0.0,0.0,0,0,0,2.0,0,0,0,0,0.0,0.0,0.0,0,0,69,0,0,0,0.0,0.0,0.0,0.0,0.0,0.0,0.0
233,25-26-prem-chelsea-vs-leeds-united,79,0,0,0,0.0,0.01,0,0,0,0,85,73,99.0,0.0,1,0,0.0,1,50.0,1,1,3,0,2,2,0,1,1,1,50.0,0,0.0,0,1,0,0,0.0,0.0,0,0,0,0.0,0,0,0,0,0.0,0.0,0.0,0,0,79,2,0,0,0.0,0.0,0.0,0.0,0.0,0.0,0.0
252,25-26-prem-chelsea-vs-leeds-united,0,0,0,0,0.0,0.0,0,0,0,0,0,0,0.0,0.0,0,0,0.0,0,0.0,0,0,0,0,0,0,0,0,0,0,0.0,0,0.0,0,0,0,0,0.0,0.0,0,0,0,0.0,0,0,0,0,0.0,0.0,0.0,0,0,98,2,0,0,0.0,0.0,0.0,0.0,0.0,0.0,0.0
50,25-26-prem-aston-villa-vs-brighton-hove-albion,60,0,0,0,0.02,0.01,0,0,0,1,18,7,78.0,1.0,2,0,0.0,1,100.0,0,0,4,0,2,1,0,3,0,2,100.0,1,100.0,1,0,0,0,0.0,0.0,0,0,0,0.0,0,0,0,0,0.0,0.0,0.0,0,0,60,0,0,0,0.0,0.0,0.0,0.0,0.0,0.0,0.0
726,25-26-prem-tottenham-hotspur-vs-newcastle-united,20,0,0,0,0.0,0.16,0,0,0,1,21,9,75.0,1.0,2,1,100.0,0,0.0,1,0,3,0,1,0,0,2,3,1,25.0,1,100.0,0,0,0,0,0.0,0.0,0,0,0,3.0,0,0,0,0,0.0,0.0,0.0,0,70,91,0,0,0,0.0,0.0,0.0,0.0,0.0,0.0,0.0
488,25-26-prem-tottenham-hotspur-vs-newcastle-united,89,0,0,0,0.0,0.4,0,0,0,1,68,37,86.0,3.0,4,4,40.0,5,56.0,4,1,5,0,2,2,2,6,3,6,67.0,0,0.0,2,1,0,0,0.0,0.0,0,0,0,0.0,0,0,0,0,0.0,0.0,0.0,0,0,91,1,0,0,0.0,0.0,0.0,0.0,0.0,0.0,0.0
52,25-26-prem-tottenham-hotspur-vs-newcastle-united,75,1,0,0,0.4,0.02,1,0,0,7,38,19,86.0,0.0,2,0,0.0,0,0.0,1,0,2,2,0,0,0,3,3,3,50.0,0,0.0,2,2,0,0,0.0,0.0,0,0,0,0.0,0,0,0,0,0.0,0.0,0.67,0,0,75,1,0,0,0.0,0.0,0.0,0.0,0.0,0.0,0.0
293,25-26-prem-everton-vs-afc-bournemouth,69,0,0,0,0.0,0.01,0,0,0,0,35,16,73.0,0.0,2,0,0.0,2,100.0,2,0,3,1,0,0,0,6,8,2,33.0,4,50.0,0,2,0,0,0.0,0.0,0,0,0,1.0,0,0,0,0,0.0,0.0,0.0,0,0,96,2,0,0,0.0,0.0,0.0,0.0,0.0,0.0,0.0
20,25-26-prem-brentford-vs-arsenal,81,0,0,0,0.17,0.11,0,0,0,5,61,37,79.0,1.0,3,1,50.0,0,0.0,2,0,1,0,1,0,0,4,2,4,67.0,0,0.0,1,1,0,0,0.0,0.0,0,0,0,0.0,0,0,0,0,0.0,0.0,0.0,0,0,81,1,0,0,0.0,0.0,0.0,0.0,0.0,0.0,0.0
500,25-26-prem-tottenham-hotspur-vs-newcastle-united,2,0,0,0,0.0,0.0,0,0,0,0,3,0,0.0,0.0,0,0,0.0,0,0.0,0,0,1,0,0,0,1,0,2,0,0.0,0,0.0,0,0,0,0,0.0,0.0,0,0,0,0.0,0,0,0,0,0.0,0.0,0.0,0,88,91,0,0,0,0.0,0.0,0.0,0.0,0.0,0.0,0.0
720,25-26-prem-wolverhampton-wanderers-vs-arsenal,68,0,0,0,0.02,0.0,0,0,0,1,25,5,56.0,0.0,0,0,0.0,0,0.0,1,0,1,0,0,0,0,6,8,3,43.0,3,43.0,2,0,0,0,0.0,0.0,0,0,0,4.0,0,0,0,0,0.0,0.0,0.0,0,22,99,1,0,0,0.0,0.0,0.0,0.0,0.0,0.0,0.0
662,25-26-prem-wolverhampton-wanderers-vs-arsenal,0,0,0,0,0.0,0.0,0,0,0,0,0,0,0.0,0.0,0,0,0.0,0,0.0,0,0,0,0,0,0,0,0,0,0,0.0,0,0.0,0,0,0,0,0.0,0.0,0,0,0,0.0,0,0,0,0,0.0,0.0,0.0,0,0,99,2,0,0,0.0,0.0,0.0,0.0,0.0,0.0,0.0
10,25-26-prem-wolverhampton-wanderers-vs-arsenal,0,0,0,0,0.0,0.0,0,0,0,0,0,0,0.0,0.0,0,0,0.0,0,0.0,0,0,0,0,0,0,0,0,0,0,0.0,0,0.0,0,0,0,0,0.0,0.0,0,0,0,0.0,0,0,0,0,0.0,0.0,0.0,0,0,99,2,0,0,0.0,0.0,0.0,0.0,0.0,0.0,0.0
651,25-26-prem-wolverhampton-wanderers-vs-arsenal,6,1,0,0,0.16,0.0,1,0,0,1,8,2,67.0,0.0,0,0,0.0,1,100.0,1,0,0,0,0,0,0,2,2,2,50.0,0,0.0,0,0,0,0,0.0,0.0,0,0,0,1.0,0,0,0,0,0.0,0.0,0.81,0,84,99,0,0,0,0.0,0.0,0.0,0.0,0.0,0.0,0.0
749,25-26-prem-wolverhampton-wanderers-vs-arsenal,90,0,0,0,0.0,0.03,0,0,0,1,44,16,70.0,0.0,3,0,0.0,0,0.0,1,0,7,0,2,1,1,4,12,3,30.0,1,17.0,2,2,0,0,0.0,0.0,0,0,0,1.0,0,0,0,0,0.0,0.0,0.0,0,0,99,2,0,0,0.0,0.0,0.0,0.0,0.0,0.0,0.0
640,25-26-prem-wolverhampton-wanderers-vs-arsenal,0,0,0,0,0.0,0.0,0,0,0,0,0,0,0.0,0.0,0,0,0.0,0,0.0,0,0,0,0,0,0,0,0,0,0,0.0,0,0.0,0,0,0,0,0.0,0.0,0,0,0,0.0,0,0,0,0,0.0,0.0,0.0,0,0,99,2,0,0,0.0,0.0,0.0,0.0,0.0,0.0,0.0
290,25-26-prem-everton-vs-afc-bournemouth,90,0,0,0,0.16,0.01,0,0,0,4,66,40,75.0,0.0,7,0,0.0,4,44.0,1,2,1,0,6,3,0,6,0,2,100.0,4,100.0,1,0,0,0,0.0,0.0,0,0,0,0.0,0,0,0,0,0.0,0.0,0.0,0,0,96,2,0,0,0.0,0.0,0.0,0.0,0.0,0.0,0.0
605,25-26-prem-west-ham-united-vs-manchester-united,0,0,0,0,0.0,0.0,0,0,0,0,0,0,0.0,0.0,0,0,0.0,0,0.0,0,0,0,0,0,0,0,0,0,0,0.0,0,0.0,0,0,0,0,0.0,0.0,0,0,0,0.0,0,0,0,0,0.0,0.0,0.0,0,0,96,1,0,0,0.0,0.0,0.0,0.0,0.0,0.0,0.0
350,25-26-prem-chelsea-vs-leeds-united,89,0,0,0,0.03,0.01,0,0,0,1,26,17,94.0,0.0,1,0,0.0,0,0.0,1,0,3,0,0,0,1,2,5,2,33.0,0,0.0,1,1,0,0,0.0,0.0,0,0,0,1.0,0,0,0,0,0.0,0.0,0.0,0,0,95,2,0,0,0.0,0.0,0.0,0.0,0.0,0.0,0.0
229,25-26-prem-chelsea-vs-leeds-united,0,0,0,0,0.0,0.0,0,0,0,0,0,0,0.0,0.0,0,0,0.0,0,0.0,0,0,0,0,0,0,0,0,0,0,0.0,0,0.0,0,0,0,0,0.0,0.0,0,0,0,0.0,0,0,0,0,0.0,0.0,0.0,0,0,98,2,0,0,0.0,0.0,0.0,0.0,0.0,0.0,0.0
16,25-26-prem-brentford-vs-arsenal,20,0,0,0,0.0,0.0,0,0,0,1,6,2,67.0,0.0,0,0,0.0,0,0.0,0,0,0,0,1,0,0,1,2,0,0.0,1,50.0,0,1,0,0,0.0,0.0,0,0,0,0.0,0,0,0,0,0.0,0.0,0.0,0,70,95,1,0,0,0.0,0.0,0.0,0.0,0.0,0.0,0.0
116,25-26-prem-brentford-vs-arsenal,1,0,0,0,0.0,0.0,0,0,0,0,3,1,100.0,0.0,1,0,0.0,0,0.0,0,0,0,0,0,0,0,0,0,0,0.0,0,0.0,0,0,0,0,0.0,0.0,0,0,0,0.0,0,0,0,0,0.0,0.0,0.0,0,95,95,0,0,0,0.0,0.0,0.0,0.0,0.0,0.0,0.0
511,25-26-prem-nottingham-forest-vs-wolverhampton-wanderers,90,0,0,0,0.37,0.01,1,0,0,5,63,45,96.0,1.0,4,0,0.0,2,100.0,2,1,7,0,7,3,0,6,1,3,75.0,3,100.0,1,1,0,0,0.0,0.0,0,0,0,0.0,0,0,0,0,0.0,0.0,0.53,0,0,90,0,0,0,0.0,0.0,0.0,0.0,0.0,0.0,0.0
106,25-26-prem-brentford-vs-arsenal,0,0,0,0,0.0,0.0,0,0,0,0,0,0,0.0,0.0,0,0,0.0,0,0.0,0,0,0,0,0,0,0,0,0,0,0.0,0,0.0,0,0,0,0,0.0,0.0,0,0,0,0.0,0,0,0,0,0.0,0.0,0.0,0,0,95,1,0,0,0.0,0.0,0.0,0.0,0.0,0.0,0.0
18,25-26-prem-wolverhampton-wanderers-vs-arsenal,65,0,0,0,0.13,0.03,1,0,0,5,32,18,82.0,0.0,2,1,33.0,0,0.0,0,0,1,0,0,0,0,3,3,1,25.0,2,100.0,0,1,0,0,0.0,0.0,0,0,0,2.0,0,0,0,0,0.0,0.0,0.08,0,0,65,1,0,0,0.0,0.0,0.0,0.0,0.0,0.0,0.0
7,25-26-prem-wolverhampton-wanderers-vs-arsenal,1,0,0,0,0.0,0.01,0,0,0,0,5,2,40.0,0.0,1,0,0.0,0,0.0,0,0,0,0,0,0,0,1,1,0,0.0,1,50.0,0,0,0,0,0.0,0.0,0,0,0,0.0,0,0,0,0,0.0,0.0,0.0,0,93,99,1,0,0,0.0,0.0,0.0,0.0,0.0,0.0,0.0
388,25-26-prem-sunderland-vs-liverpool,15,0,0,0,0.03,0.07,0,0,0,2,27,17,100.0,1.0,2,0,0.0,0,0.0,1,0,0,0,0,0,1,3,2,3,75.0,0,0.0,1,0,0,0,0.0,0.0,0,0,0,0.0,0,0,0,0,0.0,0.0,0.0,0,75,92,0,0,0,0.0,0.0,0.0,0.0,0.0,0.0,0.0
730,25-26-prem-sunderland-vs-liverpool,90,0,0,0,0.1,0.08,0,0,0,6,23,9,82.0,0.0,0,0,0.0,0,0.0,1,0,2,1,1,0,0,3,12,2,40.0,1,10.0,0,1,0,0,0.0,0.0,0,0,0,1.0,0,0,0,0,0.0,0.0,0.0,0,0,92,1,0,0,0.0,0.0,0.0,0.0,0.0,0.0,0.0
98,25-26-prem-everton-vs-afc-bournemouth,32,0,0,0,0.09,0.0,0,0,0,1,15,6,75.0,0.0,1,0,0.0,0,0.0,0,0,1,0,1,1,0,2,10,0,0.0,2,22.0,1,3,0,0,0.0,0.0,0,0,0,0.0,0,0,0,0,0.0,0.0,0.0,0,58,96,0,0,0,0.0,0.0,0.0,0.0,0.0,0.0,0.0
431,25-26-prem-west-ham-united-vs-manchester-united,0,0,0,0,0.0,0.0,0,0,0,0,0,0,0.0,0.0,0,0,0.0,0,0.0,0,0,0,0,0,0,0,0,0,0,0.0,0,0.0,0,0,0,0,0.0,0.0,0,0,0,0.0,0,0,0,0,0.0,0.0,0.0,0,0,96,1,0,0,0.0,0.0,0.0,0.0,0.0,0.0,0.0
119,25-26-prem-west-ham-united-vs-manchester-united,90,0,1,0,0.13,0.09,0,0,0,4,51,30,83.0,2.0,2,2,50.0,0,0.0,1,0,6,0,1,0,2,2,5,1,20.0,1,50.0,0,0,0,0,0.0,0.0,0,0,0,0.0,0,0,0,0,0.0,0.0,0.0,0,0,96,1,0,0,0.0,0.0,0.0,0.0,0.0,0.0,0.0
615,25-26-prem-west-ham-united-vs-manchester-united,89,0,0,0,0.02,0.16,1,0,0,1,32,11,73.0,1.0,0,2,67.0,0,0.0,1,1,3,1,1,0,3,2,5,2,29.0,0,0.0,1,0,0,0,0.0,0.0,0,0,0,0.0,0,0,0,0,0.0,0.0,0.26,0,0,90,0,0,0,0.0,0.0,0.0,0.0,0.0,0.0,0.0
249,25-26-prem-chelsea-vs-leeds-united,90,1,0,0,1.03,0.15,1,0,0,12,35,15,75.0,1.0,2,0,0.0,0,0.0,0,0,1,0,0,0,0,6,5,1,50.0,5,56.0,1,0,0,0,0.0,0.0,0,0,0,1.0,0,0,0,0,0.0,0.0,0.37,0,0,98,2,0,0,0.0,0.0,0.0,0.0,0.0,0.0,0.0
356,25-26-prem-chelsea-vs-leeds-united,90,0,0,0,0.0,0.03,0,0,0,3,58,40,91.0,1.0,8,1,100.0,3,75.0,3,2,1,0,1,0,0,3,3,3,60.0,0,0.0,0,1,0,0,0.0,0.0,0,0,0,1.0,0,0,0,0,0.0,0.0,0.0,0,0,98,2,0,0,0.0,0.0,0.0,0.0,0.0,0.0,0.0
489,25-26-prem-tottenham-hotspur-vs-newcastle-united,15,0,0,0,0.0,0.01,0,0,0,0,8,2,100.0,0.0,0,0,0.0,0,0.0,2,0,0,0,1,0,0,2,2,2,67.0,0,0.0,0,0,0,0,0.0,0.0,0,0,0,0.0,0,0,0,0,0.0,0.0,0.0,0,75,91,0,0,0,0.0,0.0,0.0,0.0,0.0,0.0,0.0
670,25-26-prem-sunderland-vs-liverpool,90,0,0,0,0.0,0.0,0,0,0,0,65,0,0.0,0.0,14,0,0.0,0,0.0,0,0,10,0,5,0,0,2,0,2,100.0,0,0.0,1,0,2,1,1.44,0.44,1,27,8,0.0,2,0,1,0,0.0,0.0,0.0,0,0,92,1,0,0,0.0,0.0,0.0,0.0,0.0,0.0,0.0
628,25-26-prem-nottingham-forest-vs-wolverhampton-wanderers,90,0,0,0,0.0,0.0,0,0,0,0,65,0,0.0,0.0,14,0,0.0,0,0.0,0,0,12,0,2,0,0,1,0,0,0.0,1,100.0,0,0,10,0,2.04,2.04,0,20,13,0.0,3,0,7,0,0.0,0.0,0.0,0,0,90,0,0,0,0.0,0.0,0.0,0.0,0.0,0.0,0.0
646,25-26-prem-wolverhampton-wanderers-vs-arsenal,0,0,0,0,0.0,0.0,0,0,0,0,0,0,0.0,0.0,0,0,0.0,0,0.0,0,0,0,0,0,0,0,0,0,0,0.0,0,0.0,0,0,0,0,0.0,0.0,0,0,0,0.0,0,0,0,0,0.0,0.0,0.0,0,0,99,2,0,0,0.0,0.0,0.0,0.0,0.0,0.0,0.0
661,25-26-prem-sunderland-vs-liverpool,88,0,0,0,0.42,0.13,0,0,0,4,38,19,83.0,1.0,1,0,0.0,0,0.0,0,0,3,0,1,1,1,5,6,3,33.0,2,100.0,0,2,0,0,0.0,0.0,0,0,0,2.0,0,0,0,0,0.0,0.0,0.0,0,0,88,0,0,0,0.0,0.0,0.0,0.0,0.0,0.0,0.0
672,25-26-prem-chelsea-vs-leeds-united,45,0,0,0,0.0,0.21,0,0,0,1,28,21,100.0,1.0,0,2,100.0,0,0.0,0,0,1,1,1,0,0,0,3,0,0.0,0,0.0,0,2,0,0,0.0,0.0,0,0,0,0.0,0,0,0,0,0.0,0.0,0.0,0,46,98,2,0,0,0.0,0.0,0.0,0.0,0.0,0.0,0.0
382,25-26-prem-sunderland-vs-liverpool,90,0,0,0,0.62,0.1,2,0,0,8,81,54,89.0,2.0,5,0,0.0,3,100.0,1,0,6,0,0,0,1,4,7,4,36.0,0,0.0,1,3,0,0,0.0,0.0,0,0,0,3.0,0,0,0,0,0.0,0.0,0.49,0,0,92,0,0,0,0.0,0.0,0.0,0.0,0.0,0.0,0.0
88,25-26-prem-everton-vs-afc-bournemouth,10,0,0,0,0.0,0.0,0,0,0,0,4,1,50.0,0.0,0,0,0.0,0,0.0,0,0,0,0,1,0,0,0,3,0,0.0,0,0.0,0,1,0,0,0.0,0.0,0,0,0,0.0,0,0,0,0,0.0,0.0,0.0,0,80,96,0,0,0,0.0,0.0,0.0,0.0,0.0,0.0,0.0
7,25-26-prem-brentford-vs-arsenal,9,0,0,0,0.0,0.0,0,0,0,0,13,6,100.0,0.0,0,0,0.0,0,0.0,0,0,0,0,1,0,0,0,1,0,0.0,0,0.0,0,0,0,0,0.0,0.0,0,0,0,1.0,0,0,0,0,0.0,0.0,0.0,0,81,95,0,0,0,0.0,0.0,0.0,0.0,0.0,0.0,0.0
728,25-26-prem-everton-vs-afc-bournemouth,0,0,0,0,0.0,0.0,0,0,0,0,0,0,0.0,0.0,0,0,0.0,0,0.0,0,0,0,0,0,0,0,0,0,0,0.0,0,0.0,0,0,0,0,0.0,0.0,0,0,0,0.0,0,0,0,0,0.0,0.0,0.0,0,0,96,2,0,0,0.0,0.0,0.0,0.0,0.0,0.0,0.0
90,25-26-prem-everton-vs-afc-bournemouth,90,0,0,0,0.0,0.04,0,0,0,0,70,50,88.0,0.0,8,0,0.0,3,43.0,3,4,7,0,2,1,1,5,3,5,71.0,0,0.0,2,1,0,0,0.0,0.0,0,0,0,0.0,0,0,0,0,0.0,0.0,0.0,0,0,96,1,0,0,0.0,0.0,0.0,0.0,0.0,0.0,0.0
662,25-26-prem-brentford-vs-arsenal,90,0,0,0,0.0,0.01,0,0,0,0,64,44,94.0,0.0,6,0,0.0,2,67.0,3,0,5,2,8,7,1,6,5,3,50.0,3,60.0,0,2,0,0,0.0,0.0,0,0,0,0.0,0,0,0,0,0.0,0.0,0.0,0,0,95,1,0,0,0.0,0.0,0.0,0.0,0.0,0.0,0.0
143,25-26-prem-aston-villa-vs-brighton-hove-albion,29,0,0,0,0.0,0.0,0,0,0,0,27,17,89.0,0.0,5,0,0.0,0,0.0,1,1,2,0,1,0,0,1,2,1,50.0,0,0.0,0,0,0,0,0.0,0.0,0,0,0,1.0,0,0,0,0,0.0,0.0,0.0,0,61,90,1,0,0,0.0,0.0,0.0,0.0,0.0,0.0,0.0
44,25-26-prem-aston-villa-vs-brighton-hove-albion,90,0,0,0,0.0,0.01,0,0,0,1,49,30,88.0,0.0,3,0,0.0,1,33.0,2,1,3,1,3,2,1,4,4,3,75.0,1,25.0,1,0,0,0,0.0,0.0,0,0,0,0.0,0,0,0,0,0.0,0.0,0.0,0,0,90,0,0,0,0.0,0.0,0.0,0.0,0.0,0.0,0.0
17,25-26-prem-brentford-vs-arsenal,45,0,0,0,0.04,0.07,0,0,0,4,25,16,84.0,0.0,2,0,0.0,1,50.0,1,0,3,0,0,0,0,2,1,2,67.0,0,0.0,1,0,0,0,0.0,0.0,0,0,0,0.0,0,0,0,0,0.0,0.0,0.0,0,46,95,1,0,0,0.0,0.0,0.0,0.0,0.0,0.0,0.0
160,25-26-prem-aston-villa-vs-brighton-hove-albion,9,0,0,0,0.0,0.0,0,0,0,1,6,2,67.0,0.0,0,0,0.0,0,0.0,0,0,1,0,0,0,0,0,1,0,0.0,0,0.0,0,1,0,0,0.0,0.0,0,0,0,0.0,0,0,0,0,0.0,0.0,0.0,0,81,90,1,0,0,0.0,0.0,0.0,0.0,0.0,0.0,0.0
515,25-26-prem-nottingham-forest-vs-wolverhampton-wanderers,90,0,0,0,0.4,0.11,1,0,0,5,64,41,87.0,5.0,5,1,50.0,3,75.0,1,0,6,0,1,1,0,4,5,3,50.0,1,33.0,2,1,0,0,0.0,0.0,0,0,0,1.0,0,0,0,0,0.0,0.0,0.02,0,0,90,0,0,0,0.0,0.0,0.0,0.0,0.0,0.0,0.0
486,25-26-prem-tottenham-hotspur-vs-newcastle-united,75,0,0,0,0.0,0.24,0,0,0,6,49,20,83.0,2.0,3,2,20.0,1,100.0,1,1,3,0,0,0,0,4,4,3,43.0,1,100.0,1,1,0,0,0.0,0.0,0,0,0,0.0,0,0,0,0,0.0,0.0,0.0,0,0,75,1,0,0,0.0,0.0,0.0,0.0,0.0,0.0,0.0
181,25-26-prem-aston-villa-vs-brighton-hove-albion,9,0,0,0,0.0,0.01,0,0,0,2,5,3,75.0,0.0,0,0,0.0,0,0.0,0,0,0,0,0,0,0,0,2,0,0.0,0,0.0,0,0,0,0,0.0,0.0,0,0,0,0.0,0,0,0,0,0.0,0.0,0.0,0,81,90,1,0,0,0.0,0.0,0.0,0.0,0.0,0.0,0.0
108,25-26-prem-brentford-vs-arsenal,90,0,0,0,0.0,0.04,0,0,0,4,44,25,81.0,0.0,3,0,0.0,2,29.0,2,0,3,2,6,1,0,3,3,2,50.0,1,50.0,0,1,0,0,0.0,0.0,0,0,0,0.0,0,0,0,0,0.0,0.0,0.0,0,0,95,1,0,0,0.0,0.0,0.0,0.0,0.0,0.0,0.0
526,25-26-prem-nottingham-forest-vs-wolverhampton-wanderers,19,0,0,0,0.33,0.0,1,0,0,1,4,0,0.0,0.0,0,0,0.0,0,0.0,0,0,0,0,1,1,0,2,1,1,100.0,1,50.0,1,0,0,0,0.0,0.0,0,0,0,0.0,0,0,0,0,0.0,0.0,0.5,0,71,90,0,0,0,0.0,0.0,0.0,0.0,0.0,0.0,0.0
613,25-26-prem-west-ham-united-vs-manchester-united,90,1,0,0,0.48,0.01,1,0,0,2,36,23,82.0,0.0,3,0,0.0,0,0.0,1,1,4,1,3,1,1,2,6,1,20.0,1,33.0,0,3,0,0,0.0,0.0,0,0,0,0.0,0,0,0,0,0.0,0.0,0.81,0,0,96,1,0,0,0.0,0.0,0.0,0.0,0.0,0.0,0.0
725,25-26-prem-wolverhampton-wanderers-vs-arsenal,90,1,0,0,0.31,0.13,1,0,0,3,79,41,93.0,3.0,14,1,33.0,0,0.0,1,3,2,0,5,4,0,8,2,4,100.0,4,67.0,2,0,0,0,0.0,0.0,0,0,0,0.0,0,0,0,0,0.0,0.0,0.23,0,0,99,2,0,0,0.0,0.0,0.0,0.0,0.0,0.0,0.0
456,25-26-prem-aston-villa-vs-brighton-hove-albion,60,0,0,0,0.06,0.4,0,0,0,4,26,14,78.0,3.0,2,0,0.0,0,0.0,0,0,0,0,0,0,0,1,3,0,0.0,1,100.0,0,2,0,0,0.0,0.0,0,0,0,0.0,0,0,0,0,0.0,0.0,0.0,0,0,60,0,0,0,0.0,0.0,0.0,0.0,0.0,0.0,0.0
157,25-26-prem-aston-villa-vs-brighton-hove-albion,81,0,0,0,0.09,0.1,0,0,0,3,39,19,90.0,1.0,3,1,25.0,1,100.0,1,0,3,0,2,2,0,5,3,4,57.0,1,100.0,2,1,0,0,0.0,0.0,0,0,0,0.0,0,0,0,0,0.0,0.0,0.0,0,0,81,0,0,0,0.0,0.0,0.0,0.0,0.0,0.0,0.0
59,25-26-prem-aston-villa-vs-brighton-hove-albion,75,0,0,0,0.07,0.02,0,0,0,0,54,35,85.0,0.0,3,0,0.0,0,0.0,2,1,2,0,2,2,0,4,2,3,60.0,1,100.0,1,0,0,0,0.0,0.0,0,0,0,2.0,0,0,0,0,0.0,0.0,0.0,0,0,74,0,0,0,0.0,0.0,0.0,0.0,0.0,0.0,0.0
167,25-26-prem-aston-villa-vs-brighton-hove-albion,22,0,0,0,0.0,0.0,0,0,0,0,13,4,57.0,0.0,1,0,0.0,0,0.0,0,1,1,0,0,0,0,1,1,1,50.0,0,0.0,1,1,0,0,0.0,0.0,0,0,0,0.0,0,0,0,0,0.0,0.0,0.0,0,0,22,0,0,0,0.0,0.0,0.0,0.0,0.0,0.0,0.0
109,25-26-prem-brentford-vs-arsenal,89,0,0,0,0.0,0.01,0,0,0,0,48,19,76.0,0.0,0,0,0.0,1,50.0,0,1,4,0,4,2,0,4,4,3,60.0,1,33.0,2,0,0,0,0.0,0.0,0,0,0,0.0,0,0,0,0,0.0,0.0,0.0,0,0,95,1,0,0,0.0,0.0,0.0,0.0,0.0,0.0,0.0
643,25-26-prem-wolverhampton-wanderers-vs-arsenal,90,0,0,0,0.05,0.01,0,0,0,0,49,33,87.0,0.0,3,0,0.0,1,50.0,2,0,7,0,0,0,1,3,7,3,38.0,0,0.0,1,0,0,0,0.0,0.0,0,0,0,2.0,0,0,0,0,0.0,0.0,0.0,0,0,99,2,0,0,0.0,0.0,0.0,0.0,0.0,0.0,0.0
169,25-26-prem-aston-villa-vs-brighton-hove-albion,81,0,0,0,0.0,0.03,0,0,0,0,46,19,73.0,0.0,6,0,0.0,1,50.0,5,0,4,0,1,0,1,8,7,7,54.0,1,50.0,0,1,0,0,0.0,0.0,0,0,0,3.0,0,0,0,0,0.0,0.0,0.0,0,0,81,0,0,0,0.0,0.0,0.0,0.0,0.0,0.0,0.0
719,25-26-prem-aston-villa-vs-brighton-hove-albion,6,0,0,0,0.0,0.0,0,0,0,0,2,2,100.0,0.0,0,0,0.0,0,0.0,0,0,0,0,0,0,0,0,0,0,0.0,0,0.0,0,0,0,0,0.0,0.0,0,0,0,0.0,0,0,0,0,0.0,0.0,0.0,0,84,90,0,0,0,0.0,0.0,0.0,0.0,0.0,0.0,0.0
517,25-26-prem-nottingham-forest-vs-wolverhampton-wanderers,90,0,0,0,0.27,0.52,2,0,0,5,125,79,81.0,2.0,22,1,20.0,8,67.0,5,0,9,0,2,1,2,11,7,7,70.0,4,50.0,1,1,0,0,0.0,0.0,0,0,0,0.0,0,0,0,0,0.0,0.0,0.34,0,0,90,0,0,0,0.0,0.0,0.0,0.0,0.0,0.0,0.0
673,25-26-prem-tottenham-hotspur-vs-newcastle-united,45,0,0,0,0.0,0.05,0,0,0,3,40,23,74.0,1.0,7,0,0.0,0,0.0,0,0,1,3,3,1,0,3,1,1,50.0,2,100.0,0,1,0,0,0.0,0.0,0,0,0,0.0,0,0,0,0,0.0,0.0,0.0,0,46,91,2,0,0,0.0,0.0,0.0,0.0,0.0,0.0,0.0
634,25-26-prem-wolverhampton-wanderers-vs-arsenal,90,0,0,0,0.0,0.03,0,0,0,1,76,31,70.0,0.0,7,0,0.0,2,29.0,7,1,3,0,4,4,2,8,3,7,78.0,1,50.0,0,0,0,0,0.0,0.0,0,0,0,0.0,0,0,0,0,0.0,0.0,0.0,0,0,99,2,0,0,0.0,0.0,0.0,0.0,0.0,0.0,0.0
371,25-26-prem-sunderland-vs-liverpool,0,0,0,0,0.0,0.0,0,0,0,0,0,0,0.0,0.0,0,0,0.0,0,0.0,0,0,0,0,0,0,0,0,0,0,0.0,0,0.0,0,0,0,0,0.0,0.0,0,0,0,0.0,0,0,0,0,0.0,0.0,0.0,0,0,92,0,0,0,0.0,0.0,0.0,0.0,0.0,0.0,0.0
697,25-26-prem-everton-vs-afc-bournemouth,80,1,0,0,0.75,0.02,1,0,0,3,39,17,65.0,0.0,6,0,0.0,0,0.0,4,0,3,0,1,0,1,10,9,6,55.0,4,50.0,2,1,0,0,0.0,0.0,0,0,0,0.0,0,0,0,0,0.0,0.0,0.99,0,0,80,1,0,0,0.0,0.0,0.0,0.0,0.0,0.0,0.0
86,25-26-prem-everton-vs-afc-bournemouth,10,0,0,0,0.0,0.0,0,0,0,0,4,2,100.0,0.0,0,0,0.0,0,0.0,0,0,1,0,1,0,0,0,1,0,0.0,0,0.0,0,0,0,0,0.0,0.0,0,0,0,0.0,0,0,0,0,0.0,0.0,0.0,0,80,96,0,0,0,0.0,0.0,0.0,0.0,0.0,0.0,0.0
633,25-26-prem-wolverhampton-wanderers-vs-arsenal,90,1,0,0,0.04,0.03,1,0,0,0,71,29,83.0,0.0,6,2,40.0,2,67.0,5,1,10,1,0,0,3,9,8,7,54.0,2,50.0,1,0,0,0,0.0,0.0,0,0,0,2.0,0,0,0,0,0.0,0.0,0.33,0,0,99,2,0,0,0.0,0.0,0.0,0.0,0.0,0.0,0.0
87,25-26-prem-everton-vs-afc-bournemouth,80,0,0,0,0.03,0.05,0,0,0,1,55,36,80.0,1.0,7,0,0.0,2,100.0,0,0,3,0,0,0,0,5,3,3,60.0,2,67.0,2,1,0,0,0.0,0.0,0,0,0,1.0,0,0,0,0,0.0,0.0,0.0,0,0,80,1,0,0,0.0,0.0,0.0,0.0,0.0,0.0,0.0
83,25-26-prem-brentford-vs-arsenal,90,0,0,0,0.04,0.03,0,0,0,1,30,4,40.0,1.0,3,1,33.0,1,50.0,0,2,3,0,2,1,1,3,10,3,30.0,0,0.0,2,0,0,0,0.0,0.0,0,0,0,2.0,0,0,0,0,0.0,0.0,0.0,0,0,95,1,0,0,0.0,0.0,0.0,0.0,0.0,0.0,0.0
164,25-26-prem-aston-villa-vs-brighton-hove-albion,0,0,0,0,0.0,0.0,0,0,0,0,0,0,0.0,0.0,0,0,0.0,0,0.0,0,0,0,0,0,0,0,0,0,0,0.0,0,0.0,0,0,0,0,0.0,0.0,0,0,0,0.0,0,0,0,0,0.0,0.0,0.0,0,0,90,1,0,0,0.0,0.0,0.0,0.0,0.0,0.0,0.0
452,25-26-prem-west-ham-united-vs-manchester-united,90,0,0,0,0.02,0.05,0,0,0,5,60,37,92.0,0.0,0,0,0.0,2,100.0,2,0,5,0,2,0,0,6,2,6,75.0,0,0.0,1,0,0,0,0.0,0.0,0,0,0,1.0,0,0,0,0,0.0,0.0,0.0,0,0,96,1,0,0,0.0,0.0,0.0,0.0,0.0,0.0,0.0
47,25-26-prem-aston-villa-vs-brighton-hove-albion,90,0,0,0,0.22,0.03,1,0,0,7,41,16,70.0,2.0,4,0,0.0,1,100.0,1,0,2,0,0,0,0,3,5,3,50.0,0,0.0,2,1,0,0,0.0,0.0,0,0,0,1.0,0,0,0,0,0.0,0.0,0.09,0,0,90,0,0,0,0.0,0.0,0.0,0.0,0.0,0.0,0.0
238,25-26-prem-chelsea-vs-leeds-united,64,0,0,0,0.06,0.02,0,0,0,3,40,18,82.0,1.0,1,0,0.0,0,0.0,1,1,3,0,2,1,0,5,5,4,50.0,1,50.0,1,1,0,0,0.0,0.0,0,0,0,2.0,0,0,0,0,0.0,0.0,0.0,0,0,64,0,0,0,0.0,0.0,0.0,0.0,0.0,0.0,0.0
158,25-26-prem-aston-villa-vs-brighton-hove-albion,0,0,0,0,0.0,0.0,0,0,0,0,0,0,0.0,0.0,0,0,0.0,0,0.0,0,0,0,0,0,0,0,0,0,0,0.0,0,0.0,0,0,0,0,0.0,0.0,0,0,0,0.0,0,0,0,0,0.0,0.0,0.0,0,0,90,1,0,0,0.0,0.0,0.0,0.0,0.0,0.0,0.0
8,25-26-prem-brentford-vs-arsenal,90,0,0,0,0.0,0.1,0,0,0,2,57,29,83.0,1.0,5,2,67.0,3,75.0,1,1,4,0,1,1,1,3,4,3,43.0,0,0.0,2,1,0,0,0.0,0.0,0,0,0,2.0,0,0,0,0,0.0,0.0,0.0,0,0,95,1,0,0,0.0,0.0,0.0,0.0,0.0,0.0,0.0
358,25-26-prem-chelsea-vs-leeds-united,0,0,0,0,0.0,0.0,0,0,0,0,0,0,0.0,0.0,0,0,0.0,0,0.0,0,0,0,0,0,0,0,0,0,0,0.0,0,0.0,0,0,0,0,0.0,0.0,0,0,0,0.0,0,0,0,0,0.0,0.0,0.0,0,0,98,2,0,0,0.0,0.0,0.0,0.0,0.0,0.0,0.0
717,25-26-prem-tottenham-hotspur-vs-newcastle-united,90,0,0,0,0.16,0.27,0,0,0,3,75,36,84.0,5.0,6,4,67.0,1,100.0,2,3,4,0,0,0,0,8,4,8,73.0,0,0.0,4,2,0,0,0.0,0.0,0,0,0,0.0,0,0,0,0,0.0,0.0,0.0,0,0,91,2,0,0,0.0,0.0,0.0,0.0,0.0,0.0,0.0
458,25-26-prem-west-ham-united-vs-manchester-united,90,0,0,0,0.0,0.03,0,0,0,1,87,64,91.0,0.0,5,0,0.0,0,0.0,1,1,8,0,0,0,1,5,4,4,50.0,1,100.0,2,0,0,0,0.0,0.0,0,0,0,2.0,0,0,0,0,0.0,0.0,0.0,0,0,96,1,0,0,0.0,0.0,0.0,0.0,0.0,0.0,0.0
473,25-26-prem-tottenham-hotspur-vs-newcastle-united,1,0,0,0,0.0,0.0,0,0,0,0,5,0,0.0,0.0,0,0,0.0,0,0.0,1,0,1,0,1,1,0,1,0,1,100.0,0,0.0,0,0,0,0,0.0,0.0,0,0,0,0.0,0,0,0,0,0.0,0.0,0.0,0,91,91,0,0,0,0.0,0.0,0.0,0.0,0.0,0.0,0.0
747,25-26-prem-west-ham-united-vs-manchester-united,0,0,0,0,0.0,0.0,0,0,0,0,0,0,0.0,0.0,0,0,0.0,0,0.0,0,0,0,0,0,0,0,0,0,0,0.0,0,0.0,0,0,0,0,0.0,0.0,0,0,0,0.0,0,0,0,0,0.0,0.0,0.0,0,0,96,1,0,0,0.0,0.0,0.0,0.0,0.0,0.0,0.0
635,25-26-prem-wolverhampton-wanderers-vs-arsenal,20,0,0,0,0.0,0.0,0,0,0,1,12,2,40.0,0.0,0,0,0.0,0,0.0,3,0,0,1,1,0,0,4,1,3,100.0,1,50.0,0,0,0,0,0.0,0.0,0,0,0,0.0,0,0,0,0,0.0,0.0,0.0,0,70,99,0,0,0,0.0,0.0,0.0,0.0,0.0,0.0,0.0
243,25-26-prem-everton-vs-afc-bournemouth,62,0,0,0,0.0,0.02,0,0,0,2,37,19,70.0,0.0,1,0,0.0,0,0.0,0,1,4,0,0,0,1,0,8,0,0.0,0,0.0,0,2,0,0,0.0,0.0,0,0,0,3.0,0,0,0,0,0.0,0.0,0.0,0,0,62,1,0,0,0.0,0.0,0.0,0.0,0.0,0.0,0.0
516,25-26-prem-nottingham-forest-vs-wolverhampton-wanderers,65,0,0,0,0.25,0.28,2,0,0,6,62,37,92.0,5.0,0,1,14.0,1,50.0,0,2,4,0,0,0,0,3,3,3,50.0,0,0.0,1,0,0,0,0.0,0.0,0,0,0,1.0,0,0,0,0,0.0,0.0,0.14,0,0,65,0,0,0,0.0,0.0,0.0,0.0,0.0,0.0,0.0
572,25-26-prem-tottenham-hotspur-vs-newcastle-united,90,0,0,0,0.12,0.0,0,0,0,3,57,30,73.0,0.0,8,0,0.0,0,0.0,0,3,2,3,7,6,0,3,7,0,0.0,3,43.0,0,3,0,0,0.0,0.0,0,0,0,0.0,0,0,0,0,0.0,0.0,0.0,0,0,91,2,0,0,0.0,0.0,0.0,0.0,0.0,0.0,0.0
544,25-26-prem-sunderland-vs-liverpool,89,0,0,0,0.0,0.15,0,0,0,3,43,28,97.0,0.0,4,0,0.0,0,0.0,2,0,3,0,0,0,0,4,2,4,80.0,0,0.0,1,0,0,0,0.0,0.0,0,0,0,0.0,0,0,0,0,0.0,0.0,0.0,0,0,92,1,0,0,0.0,0.0,0.0,0.0,0.0,0.0,0.0
695,25-26-prem-wolverhampton-wanderers-vs-arsenal,70,0,0,0,0.0,0.02,0,0,0,1,31,11,65.0,1.0,2,1,25.0,0,0.0,1,0,2,0,3,2,1,2,6,1,25.0,1,25.0,0,1,0,0,0.0,0.0,0,0,0,2.0,0,0,0,0,0.0,0.0,0.0,0,0,70,2,0,0,0.0,0.0,0.0,0.0,0.0,0.0,0.0
97,25-26-prem-everton-vs-afc-bournemouth,58,0,0,0,0.12,0.01,2,0,0,1,14,8,73.0,0.0,0,0,0.0,0,0.0,0,0,1,0,1,1,0,0,0,0,0.0,0,0.0,0,0,0,0,0.0,0.0,0,0,0,0.0,0,0,0,0,0.0,0.0,0.29,0,0,58,1,0,0,0.0,0.0,0.0,0.0,0.0,0.0,0.0
296,25-26-prem-everton-vs-afc-bournemouth,0,0,0,0,0.0,0.0,0,0,0,0,0,0,0.0,0.0,0,0,0.0,0,0.0,0,0,0,0,0,0,0,0,0,0,0.0,0,0.0,0,0,0,0,0.0,0.0,0,0,0,0.0,0,0,0,0,0.0,0.0,0.0,0,0,96,2,0,0,0.0,0.0,0.0,0.0,0.0,0.0,0.0
100,25-26-prem-everton-vs-afc-bournemouth,32,0,0,0,0.0,0.16,0,0,0,0,15,7,78.0,1.0,0,0,0.0,0,0.0,0,0,1,0,2,0,0,0,2,0,0.0,0,0.0,0,1,0,0,0.0,0.0,0,0,0,0.0,0,0,0,0,0.0,0.0,0.0,0,58,96,0,0,0,0.0,0.0,0.0,0.0,0.0,0.0,0.0
170,25-26-prem-aston-villa-vs-brighton-hove-albion,68,0,0,0,0.08,0.05,1,0,0,4,34,21,91.0,1.0,2,0,0.0,1,50.0,2,3,1,0,1,1,0,3,3,2,50.0,1,50.0,0,2,0,0,0.0,0.0,0,0,0,0.0,0,0,0,0,0.0,0.0,0.12,0,22,90,1,0,0,0.0,0.0,0.0,0.0,0.0,0.0,0.0
666,25-26-prem-wolverhampton-wanderers-vs-arsenal,65,0,0,0,0.0,0.01,0,0,0,1,12,5,62.0,1.0,2,0,0.0,0,0.0,0,0,0,0,1,0,0,0,0,0,0.0,0,0.0,0,0,0,0,0.0,0.0,0,0,0,0.0,0,0,0,0,0.0,0.0,0.0,0,0,65,1,0,0,0.0,0.0,0.0,0.0,0.0,0.0,0.0
681,25-26-prem-west-ham-united-vs-manchester-united,21,1,0,0,0.12,0.0,2,0,0,3,5,0,0.0,0.0,0,0,0.0,0,0.0,0,0,0,0,0,0,0,0,3,0,0.0,0,0.0,0,1,0,0,0.0,0.0,0,0,0,1.0,0,0,0,0,0.0,0.0,0.48,0,69,96,0,0,0,0.0,0.0,0.0,0.0,0.0,0.0,0.0
301,25-26-prem-everton-vs-afc-bournemouth,0,0,0,0,0.0,0.0,0,0,0,0,0,0,0.0,0.0,0,0,0.0,0,0.0,0,0,0,0,0,0,0,0,0,0,0.0,0,0.0,0,0,0,0,0.0,0.0,0,0,0,0.0,0,0,0,0,0.0,0.0,0.0,0,0,96,2,0,0,0.0,0.0,0.0,0.0,0.0,0.0,0.0
341,25-26-prem-chelsea-vs-leeds-united,90,0,0,0,0.0,0.01,0,0,0,0,56,0,0.0,0.0,12,0,0.0,0,0.0,0,0,10,0,2,0,0,0,0,0,0.0,0,0.0,0,0,2,2,1.45,-0.55,0,23,9,0.0,0,0,0,0,0.0,0.0,0.0,0,0,98,2,0,0,0.0,0.0,0.0,0.0,0.0,0.0,0.0
346,25-26-prem-chelsea-vs-leeds-united,0,0,0,0,0.0,0.0,0,0,0,0,0,0,0.0,0.0,0,0,0.0,0,0.0,0,0,0,0,0,0,0,0,0,0,0.0,0,0.0,0,0,0,0,0.0,0.0,0,0,0,0.0,0,0,0,0,0.0,0.0,0.0,0,0,98,2,0,0,0.0,0.0,0.0,0.0,0.0,0.0,0.0
665,25-26-prem-chelsea-vs-leeds-united,0,0,0,0,0.0,0.0,0,0,0,0,0,0,0.0,0.0,0,0,0.0,0,0.0,0,0,0,0,0,0,0,0,0,0,0.0,0,0.0,0,0,0,0,0.0,0.0,0,0,0,0.0,0,0,0,0,0.0,0.0,0.0,0,0,98,2,0,0,0.0,0.0,0.0,0.0,0.0,0.0,0.0
706,25-26-prem-chelsea-vs-leeds-united,90,0,0,0,0.01,0.01,0,0,0,0,47,19,83.0,0.0,3,0,0.0,1,33.0,3,0,3,1,5,3,0,10,3,5,71.0,5,83.0,2,1,0,0,0.0,0.0,0,0,0,1.0,0,0,0,0,0.0,0.0,0.0,0,0,98,2,0,0,0.0,0.0,0.0,0.0,0.0,0.0,0.0
348,25-26-prem-chelsea-vs-leeds-united,90,0,0,0,0.0,0.0,0,0,0,0,64,47,94.0,0.0,4,0,0.0,3,75.0,1,3,2,0,8,5,0,3,2,2,100.0,1,33.0,1,0,0,0,0.0,0.0,0,0,0,0.0,0,0,0,0,0.0,0.0,0.0,0,0,98,2,0,0,0.0,0.0,0.0,0.0,0.0,0.0,0.0
353,25-26-prem-chelsea-vs-leeds-united,8,0,0,0,0.0,0.0,0,0,0,0,5,3,75.0,0.0,0,0,0.0,0,0.0,0,0,0,0,1,1,0,0,0,0,0.0,0,0.0,0,0,0,0,0.0,0.0,0,0,0,0.0,0,0,0,0,0.0,0.0,0.0,0,82,98,0,0,0,0.0,0.0,0.0,0.0,0.0,0.0,0.0
347,25-26-prem-chelsea-vs-leeds-united,90,0,0,0,0.0,0.0,0,0,0,0,42,20,71.0,0.0,1,0,0.0,0,0.0,0,0,4,0,1,1,2,3,6,1,14.0,2,100.0,1,2,0,0,0.0,0.0,0,0,0,1.0,0,0,0,0,0.0,0.0,0.0,0,0,98,2,0,0,0.0,0.0,0.0,0.0,0.0,0.0,0.0
124,25-26-prem-brentford-vs-arsenal,17,0,0,0,0.0,0.01,0,0,0,1,12,6,67.0,0.0,4,1,100.0,1,33.0,0,1,2,0,0,0,0,0,1,0,0.0,0,0.0,0,0,0,0,0.0,0.0,0,0,0,0.0,0,0,0,0,0.0,0.0,0.0,0,73,95,0,0,0,0.0,0.0,0.0,0.0,0.0,0.0,0.0
24,25-26-prem-brentford-vs-arsenal,0,0,0,0,0.0,0.0,0,0,0,0,0,0,0.0,0.0,0,0,0.0,0,0.0,0,0,0,0,0,0,0,0,0,0,0.0,0,0.0,0,0,0,0,0.0,0.0,0,0,0,0.0,0,0,0,0,0.0,0.0,0.0,0,0,95,1,0,0,0.0,0.0,0.0,0.0,0.0,0.0,0.0
163,25-26-prem-aston-villa-vs-brighton-hove-albion,90,0,0,0,0.16,0.12,0,0,0,3,59,43,90.0,1.0,4,0,0.0,1,33.0,1,1,3,0,1,1,0,4,5,2,33.0,2,67.0,1,4,0,0,0.0,0.0,0,0,0,0.0,0,0,0,0,0.0,0.0,0.0,0,0,90,1,0,0,0.0,0.0,0.0,0.0,0.0,0.0,0.0
664,25-26-prem-manchester-city-vs-fulham,0,0,0,0,0.0,0.0,0,0,0,0,0,0,0.0,0.0,0,0,0.0,0,0.0,0,0,0,0,0,0,0,0,0,0,0.0,0,0.0,0,0,0,0,0.0,0.0,0,0,0,0.0,0,0,0,0,0.0,0.0,0.0,0,0,90,3,0,0,0.0,0.0,0.0,0.0,0.0,0.0,0.0
314,25-26-prem-manchester-city-vs-fulham,90,0,0,0,0.0,0.0,0,0,0,0,45,0,0.0,0.0,2,0,0.0,0,0.0,0,0,6,0,0,0,0,0,0,0,0.0,0,0.0,0,0,2,3,1.62,-1.38,1,34,4,0.0,0,0,1,0,0.0,0.0,0.0,0,0,90,3,0,0,0.0,0.0,0.0,0.0,0.0,0.0,0.0
409,25-26-prem-manchester-city-vs-fulham,0,0,0,0,0.0,0.0,0,0,0,0,0,0,0.0,0.0,0,0,0.0,0,0.0,0,0,0,0,0,0,0,0,0,0,0.0,0,0.0,0,0,0,0,0.0,0.0,0,0,0,0.0,0,0,0,0,0.0,0.0,0.0,0,0,90,0,0,0,0.0,0.0,0.0,0.0,0.0,0.0,0.0
337,25-26-prem-manchester-city-vs-fulham,60,0,0,3,0.56,0.0,1,0,0,3,27,9,82.0,0.0,2,0,0.0,0,0.0,1,0,1,0,1,1,1,7,8,4,50.0,3,43.0,3,1,0,0,0.0,0.0,0,0,0,2.0,0,0,0,0,0.0,0.0,0.02,0,0,60,3,0,0,0.0,0.0,0.0,0.0,0.0,0.0,0.0
319,25-26-prem-manchester-city-vs-fulham,0,0,0,0,0.0,0.0,0,0,0,0,0,0,0.0,0.0,0,0,0.0,0,0.0,0,0,0,0,0,0,0,0,0,0,0.0,0,0.0,0,0,0,0,0.0,0.0,0,0,0,0.0,0,0,0,0,0.0,0.0,0.0,0,0,90,3,0,0,0.0,0.0,0.0,0.0,0.0,0.0,0.0
322,25-26-prem-manchester-city-vs-fulham,90,0,0,1,0.27,0.07,0,0,0,1,92,59,89.0,1.0,2,2,100.0,4,67.0,4,0,9,1,2,2,0,8,7,7,54.0,1,50.0,2,5,0,0,0.0,0.0,0,0,0,1.0,0,0,0,0,0.0,0.0,0.0,0,0,90,3,0,0,0.0,0.0,0.0,0.0,0.0,0.0,0.0
416,25-26-prem-manchester-city-vs-fulham,60,0,0,0,0.0,0.03,0,0,0,1,66,53,91.0,2.0,6,0,0.0,0,0.0,2,1,8,0,0,0,0,2,2,2,50.0,0,0.0,0,1,0,0,0.0,0.0,0,0,0,0.0,0,0,0,0,0.0,0.0,0.0,0,0,60,0,0,0,0.0,0.0,0.0,0.0,0.0,0.0,0.0
329,25-26-prem-manchester-city-vs-fulham,72,0,0,1,0.08,0.23,1,0,0,1,32,20,83.0,2.0,2,0,0.0,2,100.0,0,0,1,0,0,0,2,0,6,0,0.0,0,0.0,0,0,0,0,0.0,0.0,0,0,0,3.0,0,0,0,0,0.0,0.0,0.15,0,0,72,3,0,0,0.0,0.0,0.0,0.0,0.0,0.0,0.0
336,25-26-prem-manchester-city-vs-fulham,9,0,0,0,0.0,0.0,0,0,0,0,10,6,75.0,0.0,2,0,0.0,1,50.0,0,0,1,0,0,0,0,0,0,0,0.0,0,0.0,0,0,0,0,0.0,0.0,0,0,0,0.0,0,0,0,0,0.0,0.0,0.0,0,81,90,0,0,0,0.0,0.0,0.0,0.0,0.0,0.0,0.0
317,25-26-prem-manchester-city-vs-fulham,90,0,0,0,0.0,0.01,0,0,0,0,84,65,90.0,0.0,6,0,0.0,1,12.0,2,1,2,3,4,2,0,3,1,2,100.0,1,50.0,0,0,0,0,0.0,0.0,0,0,0,0.0,0,0,0,0,0.0,0.0,0.0,0,0,90,3,0,0,0.0,0.0,0.0,0.0,0.0,0.0,0.0
330,25-26-prem-manchester-city-vs-fulham,81,0,0,0,0.0,0.01,0,0,0,0,46,30,86.0,0.0,1,0,0.0,0,0.0,4,1,1,0,0,0,1,4,4,4,57.0,0,0.0,0,1,0,0,0.0,0.0,0,0,0,1.0,0,0,0,0,0.0,0.0,0.0,0,0,81,3,0,0,0.0,0.0,0.0,0.0,0.0,0.0,0.0
324,25-26-prem-manchester-city-vs-fulham,90,0,0,1,0.05,0.02,0,0,0,1,72,58,92.0,0.0,5,0,0.0,5,83.0,0,0,4,0,0,0,0,1,3,0,0.0,1,100.0,0,0,0,0,0.0,0.0,0,0,0,0.0,0,0,0,0,0.0,0.0,0.0,0,0,90,3,0,0,0.0,0.0,0.0,0.0,0.0,0.0,0.0
408,25-26-prem-manchester-city-vs-fulham,90,0,0,0,0.0,0.01,0,0,0,0,99,81,94.0,0.0,11,0,0.0,4,50.0,2,1,5,2,3,2,0,5,2,3,100.0,2,50.0,1,0,0,0,0.0,0.0,0,0,0,0.0,0,0,0,0,0.0,0.0,0.0,0,0,90,0,0,0,0.0,0.0,0.0,0.0,0.0,0.0,0.0
736,25-26-prem-manchester-city-vs-fulham,90,0,0,0,0.0,0.0,0,0,0,0,36,0,0.0,0.0,0,0,0.0,0,0.0,0,0,5,0,1,0,0,1,0,0,0.0,1,100.0,0,0,3,0,0.46,0.46,0,19,3,0.0,0,0,3,0,0.0,0.0,0.0,0,0,90,0,0,0,0.0,0.0,0.0,0.0,0.0,0.0,0.0
316,25-26-prem-manchester-city-vs-fulham,0,0,0,0,0.0,0.0,0,0,0,0,0,0,0.0,0.0,0,0,0.0,0,0.0,0,0,0,0,0,0,0,0,0,0,0.0,0,0.0,0,0,0,0,0.0,0.0,0,0,0,0.0,0,0,0,0,0.0,0.0,0.0,0,0,90,3,0,0,0.0,0.0,0.0,0.0,0.0,0.0,0.0
421,25-26-prem-manchester-city-vs-fulham,71,0,0,1,0.03,0.03,0,0,0,0,102,89,92.0,0.0,14,0,0.0,12,92.0,0,0,3,0,0,0,0,0,2,0,0.0,0,0.0,0,0,0,0,0.0,0.0,0,0,0,2.0,0,0,0,0,0.0,0.0,0.0,0,0,71,0,0,0,0.0,0.0,0.0,0.0,0.0,0.0,0.0
727,25-26-prem-manchester-city-vs-fulham,60,0,0,1,0.04,0.11,0,0,0,1,29,18,90.0,2.0,0,1,33.0,0,0.0,1,0,1,0,0,0,0,2,0,2,100.0,0,0.0,0,0,0,0,0.0,0.0,0,0,0,0.0,0,0,0,0,0.0,0.0,0.0,0,0,60,3,0,0,0.0,0.0,0.0,0.0,0.0,0.0,0.0
430,25-26-prem-manchester-city-vs-fulham,45,1,0,2,0.12,0.0,1,0,0,1,9,5,83.0,0.0,0,0,0.0,0,0.0,0,0,1,0,0,0,0,0,0,0,0.0,0,0.0,0,0,0,0,0.0,0.0,0,0,0,0.0,0,0,0,0,0.0,0.0,0.54,0,0,46,0,0,0,0.0,0.0,0.0,0.0,0.0,0.0,0.0
328,25-26-prem-manchester-city-vs-fulham,90,0,0,0,0.0,0.01,0,0,0,2,67,27,69.0,0.0,0,0,0.0,1,25.0,5,1,8,0,2,0,1,5,5,5,56.0,0,0.0,0,1,0,0,0.0,0.0,0,0,0,2.0,0,0,0,0,0.0,0.0,0.0,0,0,90,3,0,0,0.0,0.0,0.0,0.0,0.0,0.0,0.0
414,25-26-prem-manchester-city-vs-fulham,71,0,1,4,0.2,0.06,2,0,0,3,64,46,94.0,2.0,3,1,33.0,1,100.0,2,0,5,0,1,1,1,3,5,3,38.0,0,0.0,0,1,0,0,0.0,0.0,0,0,0,0.0,0,0,0,0,0.0,0.0,0.24,0,0,71,0,0,0,0.0,0.0,0.0,0.0,0.0,0.0,0.0
321,25-26-prem-manchester-city-vs-fulham,0,0,0,0,0.0,0.0,0,0,0,0,0,0,0.0,0.0,0,0,0.0,0,0.0,0,0,0,0,0,0,0,0,0,0,0.0,0,0.0,0,0,0,0,0.0,0.0,0,0,0,0.0,0,0,0,0,0.0,0.0,0.0,0,0,90,3,0,0,0.0,0.0,0.0,0.0,0.0,0.0,0.0
413,25-26-prem-manchester-city-vs-fulham,45,0,0,0,0.0,0.0,0,0,0,1,18,6,100.0,1.0,1,0,0.0,0,0.0,2,0,1,0,0,0,0,4,3,3,60.0,1,50.0,2,0,0,0,0.0,0.0,0,0,0,1.0,0,0,0,0,0.0,0.0,0.0,0,46,90,0,0,0,0.0,0.0,0.0,0.0,0.0,0.0,0.0
260,25-26-prem-manchester-city-vs-fulham,90,0,0,0,0.0,0.07,0,0,0,1,118,97,97.0,1.0,5,0,0.0,1,100.0,2,1,4,1,5,1,1,6,4,4,57.0,2,67.0,1,1,0,0,0.0,0.0,0,0,0,0.0,0,0,0,0,0.0,0.0,0.0,0,0,90,0,0,0,0.0,0.0,0.0,0.0,0.0,0.0,0.0
427,25-26-prem-manchester-city-vs-fulham,30,0,0,0,0.0,0.01,0,0,0,0,20,13,100.0,0.0,0,0,0.0,0,0.0,2,0,1,0,1,0,0,3,1,3,75.0,0,0.0,1,1,0,0,0.0,0.0,0,0,0,0.0,0,0,0,0,0.0,0.0,0.0,0,60,90,0,0,0,0.0,0.0,0.0,0.0,0.0,0.0,0.0
318,25-26-prem-manchester-city-vs-fulham,90,0,0,1,0.03,0.0,0,0,0,1,80,52,87.0,0.0,1,0,0.0,2,50.0,1,3,5,1,1,0,0,3,2,3,60.0,0,0.0,2,0,0,0,0.0,0.0,0,0,0,0.0,0,0,0,0,0.0,0.0,0.0,0,0,90,3,0,0,0.0,0.0,0.0,0.0,0.0,0.0,0.0
325,25-26-prem-manchester-city-vs-fulham,60,0,0,1,0.05,0.02,0,0,0,1,26,16,84.0,0.0,4,0,0.0,0,0.0,1,0,1,0,1,0,0,2,1,2,67.0,0,0.0,0,0,0,0,0.0,0.0,0,0,0,1.0,0,0,0,0,0.0,0.0,0.0,0,0,60,3,0,0,0.0,0.0,0.0,0.0,0.0,0.0,0.0
82,25-26-prem-manchester-city-vs-fulham,90,1,1,1,0.55,0.17,1,0,0,4,23,7,78.0,1.0,2,0,0.0,0,0.0,2,0,2,0,0,0,0,3,8,2,25.0,1,33.0,0,1,0,0,0.0,0.0,0,0,0,4.0,0,0,0,0,0.0,0.0,0.3,0,0,90,0,0,0,0.0,0.0,0.0,0.0,0.0,0.0,0.0
402,25-26-prem-manchester-city-vs-fulham,90,0,0,0,0.0,0.02,0,0,0,1,74,46,94.0,0.0,6,0,0.0,1,50.0,5,2,2,0,1,0,0,9,4,9,75.0,0,0.0,2,1,0,0,0.0,0.0,0,0,0,0.0,0,0,0,0,0.0,0.0,0.0,0,0,90,0,0,0,0.0,0.0,0.0,0.0,0.0,0.0,0.0
407,25-26-prem-manchester-city-vs-fulham,60,0,0,0,0.0,0.01,0,0,0,1,67,45,85.0,1.0,4,0,0.0,0,0.0,0,0,6,0,1,0,0,0,3,0,0.0,0,0.0,0,0,0,0,0.0,0.0,0,0,0,0.0,0,0,0,0,0.0,0.0,0.0,0,0,60,0,0,0,0.0,0.0,0.0,0.0,0.0,0.0,0.0
417,25-26-prem-manchester-city-vs-fulham,19,0,0,0,0.0,0.0,0,0,0,0,18,12,80.0,0.0,2,0,0.0,0,0.0,1,0,3,0,0,0,0,2,1,2,67.0,0,0.0,1,0,0,0,0.0,0.0,0,0,0,0.0,0,0,0,0,0.0,0.0,0.0,0,71,90,0,0,0,0.0,0.0,0.0,0.0,0.0,0.0,0.0
424,25-26-prem-manchester-city-vs-fulham,18,0,0,1,0.07,0.0,0,0,0,4,15,5,62.0,1.0,0,0,0.0,0,0.0,1,2,4,0,0,0,0,1,2,1,33.0,0,0.0,0,0,0,0,0.0,0.0,0,0,0,2.0,0,0,0,0,0.0,0.0,0.0,0,72,90,0,0,0,0.0,0.0,0.0,0.0,0.0,0.0,0.0
338,25-26-prem-manchester-city-vs-fulham,30,0,0,1,0.04,0.0,0,0,0,1,7,3,75.0,1.0,0,0,0.0,0,0.0,1,0,1,0,0,0,0,2,0,1,100.0,1,100.0,0,0,0,0,0.0,0.0,0,0,0,0.0,0,0,0,0,0.0,0.0,0.0,0,60,90,0,0,0,0.0,0.0,0.0,0.0,0.0,0.0,0.0
182,25-26-prem-manchester-city-vs-fulham,0,0,0,0,0.0,0.0,0,0,0,0,0,0,0.0,0.0,0,0,0.0,0,0.0,0,0,0,0,0,0,0,0,0,0,0.0,0,0.0,0,0,0,0,0.0,0.0,0,0,0,0.0,0,0,0,0,0.0,0.0,0.0,0,0,90,0,0,0,0.0,0.0,0.0,0.0,0.0,0.0,0.0
423,25-26-prem-manchester-city-vs-fulham,19,0,0,0,0.0,0.0,0,0,0,0,17,11,92.0,0.0,0,0,0.0,1,100.0,0,1,0,0,2,1,0,1,1,0,0.0,1,100.0,0,1,0,0,0.0,0.0,0,0,0,0.0,0,0,0,0,0.0,0.0,0.0,0,71,90,0,0,0,0.0,0.0,0.0,0.0,0.0,0.0,0.0
410,25-26-prem-manchester-city-vs-fulham,0,0,0,0,0.0,0.0,0,0,0,0,0,0,0.0,0.0,0,0,0.0,0,0.0,0,0,0,0,0,0,0,0,0,0,0.0,0,0.0,0,0,0,0,0.0,0.0,0,0,0,0.0,0,0,0,0,0.0,0.0,0.0,0,0,90,0,0,0,0.0,0.0,0.0,0.0,0.0,0.0,0.0
411,25-26-prem-manchester-city-vs-fulham,90,1,0,5,0.48,0.01,1,0,0,5,56,36,88.0,0.0,5,0,0.0,2,100.0,0,0,2,0,0,0,1,3,5,3,38.0,0,0.0,2,1,0,0,0.0,0.0,0,0,0,1.0,0,0,0,0,0.0,0.0,0.54,0,0,90,0,0,0,0.0,0.0,0.0,0.0,0.0,0.0,0.0
731,25-26-prem-manchester-city-vs-fulham,30,0,0,1,0.03,0.07,0,0,0,2,21,8,67.0,2.0,3,1,50.0,2,100.0,1,0,0,0,0,0,0,2,4,2,33.0,0,0.0,1,1,0,0,0.0,0.0,0,0,0,2.0,0,0,0,0,0.0,0.0,0.0,0,60,90,0,0,0,0.0,0.0,0.0,0.0,0.0,0.0,0.0
406,25-26-prem-manchester-city-vs-fulham,30,0,0,0,0.0,0.0,0,0,0,0,25,11,79.0,0.0,0,0,0.0,2,100.0,2,1,1,0,1,0,0,2,0,2,100.0,0,0.0,0,0,0,0,0.0,0.0,0,0,0,0.0,0,0,0,0,0.0,0.0,0.0,0,60,90,0,0,0,0.0,0.0,0.0,0.0,0.0,0.0,0.0
794,25-26-prem-manchester-city-vs-fulham,0,0,0,0,0.0,0.0,0,0,0,0,0,0,0.0,0.0,0,0,0.0,0,0.0,0,0,0,0,0,0,0,0,0,0,0.0,0,0.0,0,0,0,0,0.0,0.0,0,0,0,0.0,0,0,0,0,0.0,0.0,0.0,0,0,90,0,0,0,0.0,0.0,0.0,0.0,0.0,0.0,0.0
335,25-26-prem-manchester-city-vs-fulham,30,0,0,2,0.21,0.0,1,0,0,3,16,8,80.0,0.0,3,0,0.0,0,0.0,1,0,2,0,0,0,0,1,1,1,50.0,0,0.0,0,1,0,0,0.0,0.0,0,0,0,0.0,0,0,0,0,0.0,0.0,0.28,0,60,90,0,0,0,0.0,0.0,0.0,0.0,0.0,0.0,0.0
444,25-26-prem-west-ham-united-vs-manchester-united,22,0,0,0,0.0,0.01,0,0,0,0,24,15,75.0,0.0,3,0,0.0,1,33.0,1,1,1,2,0,0,0,1,0,1,100.0,0,0.0,0,0,0,0,0.0,0.0,0,0,0,0.0,0,0,0,0,0.0,0.0,0.0,0,68,96,0,0,0,0.0,0.0,0.0,0.0,0.0,0.0,0.0
105,25-26-prem-brentford-vs-arsenal,0,0,0,0,0.0,0.0,0,0,0,0,0,0,0.0,0.0,0,0,0.0,0,0.0,0,0,0,0,0,0,0,0,0,0,0.0,0,0.0,0,0,0,0,0.0,0.0,0,0,0,0.0,0,0,0,0,0.0,0.0,0.0,0,0,95,1,0,0,0.0,0.0,0.0,0.0,0.0,0.0,0.0
231,25-26-prem-chelsea-vs-leeds-united,0,0,0,0,0.0,0.0,0,0,0,0,0,0,0.0,0.0,0,0,0.0,0,0.0,0,0,0,0,0,0,0,0,0,0,0.0,0,0.0,0,0,0,0,0.0,0.0,0,0,0,0.0,0,0,0,0,0.0,0.0,0.0,0,0,98,2,0,0,0.0,0.0,0.0,0.0,0.0,0.0,0.0
551,25-26-prem-sunderland-vs-liverpool,0,0,0,0,0.0,0.0,0,0,0,0,0,0,0.0,0.0,0,0,0.0,0,0.0,0,0,0,0,0,0,0,0,0,0,0.0,0,0.0,0,0,0,0,0.0,0.0,0,0,0,0.0,0,0,0,0,0.0,0.0,0.0,0,0,92,1,0,0,0.0,0.0,0.0,0.0,0.0,0.0,0.0
440,25-26-prem-west-ham-united-vs-manchester-united,82,0,0,0,0.03,0.01,0,0,0,1,63,35,90.0,0.0,7,1,50.0,1,100.0,0,1,3,0,2,1,0,4,1,3,75.0,1,100.0,0,1,0,0,0.0,0.0,0,0,0,0.0,0,0,0,0,0.0,0.0,0.0,0,0,82,1,0,0,0.0,0.0,0.0,0.0,0.0,0.0,0.0
713,25-26-prem-everton-vs-afc-bournemouth,90,0,0,0,0.0,0.06,0,0,0,2,75,36,75.0,1.0,4,0,0.0,4,57.0,6,0,9,1,2,1,1,12,5,10,67.0,2,100.0,2,3,0,0,0.0,0.0,0,0,0,0.0,0,0,0,0,0.0,0.0,0.0,0,0,96,1,0,0,0.0,0.0,0.0,0.0,0.0,0.0,0.0
476,25-26-prem-tottenham-hotspur-vs-newcastle-united,90,0,0,0,0.07,0.01,0,0,0,3,56,29,78.0,1.0,5,0,0.0,0,0.0,5,0,3,1,3,3,1,8,4,5,71.0,3,60.0,0,1,0,0,0.0,0.0,0,0,0,0.0,0,0,0,0,0.0,0.0,0.0,0,0,91,1,0,0,0.0,0.0,0.0,0.0,0.0,0.0,0.0
478,25-26-prem-tottenham-hotspur-vs-newcastle-united,90,0,0,0,0.0,0.02,0,0,0,2,76,40,77.0,0.0,20,0,0.0,7,70.0,3,0,2,0,3,3,1,7,4,4,57.0,3,75.0,1,2,0,0,0.0,0.0,0,0,0,0.0,0,0,0,0,0.0,0.0,0.0,0,0,91,1,0,0,0.0,0.0,0.0,0.0,0.0,0.0,0.0
553,25-26-prem-sunderland-vs-liverpool,10,0,0,0,0.0,0.0,0,0,0,0,9,6,86.0,0.0,1,0,0.0,0,0.0,0,0,0,0,0,0,0,0,0,0,0.0,0,0.0,0,0,0,0,0.0,0.0,0,0,0,0.0,0,0,0,0,0.0,0.0,0.0,0,80,92,0,0,0,0.0,0.0,0.0,0.0,0.0,0.0,0.0
709,25-26-prem-nottingham-forest-vs-wolverhampton-wanderers,90,0,0,0,0.0,0.0,0,0,0,1,56,31,74.0,0.0,8,0,0.0,5,36.0,0,2,0,0,11,8,0,4,3,0,0.0,4,67.0,0,1,0,0,0.0,0.0,0,0,0,0.0,0,0,0,0,0.0,0.0,0.0,0,0,90,0,0,0,0.0,0.0,0.0,0.0,0.0,0.0,0.0
519,25-26-prem-nottingham-forest-vs-wolverhampton-wanderers,0,0,0,0,0.0,0.0,0,0,0,0,0,0,0.0,0.0,0,0,0.0,0,0.0,0,0,0,0,0,0,0,0,0,0,0.0,0,0.0,0,0,0,0,0.0,0.0,0,0,0,0.0,0,0,0,0,0.0,0.0,0.0,0,0,90,0,0,0,0.0,0.0,0.0,0.0,0.0,0.0,0.0
138,25-26-prem-aston-villa-vs-brighton-hove-albion,0,0,0,0,0.0,0.0,0,0,0,0,0,0,0.0,0.0,0,0,0.0,0,0.0,0,0,0,0,0,0,0,0,0,0,0.0,0,0.0,0,0,0,0,0.0,0.0,0,0,0,0.0,0,0,0,0,0.0,0.0,0.0,0,0,90,1,0,0,0.0,0.0,0.0,0.0,0.0,0.0,0.0
178,25-26-prem-aston-villa-vs-brighton-hove-albion,81,0,0,0,0.05,0.01,1,0,0,3,21,9,75.0,1.0,1,0,0.0,0,0.0,2,1,0,0,1,1,0,3,3,2,50.0,1,50.0,0,0,0,0,0.0,0.0,0,0,0,0.0,0,0,0,0,0.0,0.0,0.02,0,0,81,0,0,0,0.0,0.0,0.0,0.0,0.0,0.0,0.0
783,25-26-prem-aston-villa-vs-brighton-hove-albion,90,0,0,0,0.12,0.23,0,0,0,5,62,34,81.0,3.0,8,4,33.0,1,50.0,1,0,4,1,1,1,0,3,3,2,67.0,1,33.0,0,1,0,0,0.0,0.0,0,0,0,0.0,0,0,0,0,0.0,0.0,0.0,0,0,90,1,0,0,0.0,0.0,0.0,0.0,0.0,0.0,0.0
508,25-26-prem-nottingham-forest-vs-wolverhampton-wanderers,90,0,0,0,0.18,0.68,2,0,0,4,95,56,90.0,4.0,11,1,25.0,1,50.0,3,2,6,0,0,0,0,9,4,4,50.0,5,100.0,1,1,0,0,0.0,0.0,0,0,0,3.0,0,0,0,0,0.0,0.0,0.44,0,0,90,0,0,0,0.0,0.0,0.0,0.0,0.0,0.0,0.0
725,25-26-prem-brentford-vs-arsenal,81,0,1,0,0.0,0.15,0,0,0,3,61,36,92.0,1.0,3,1,14.0,2,67.0,3,0,4,0,4,4,1,7,2,5,71.0,2,100.0,1,1,0,0,0.0,0.0,0,0,0,0.0,0,0,0,0,0.0,0.0,0.0,0,0,81,1,0,0,0.0,0.0,0.0,0.0,0.0,0.0,0.0
354,25-26-prem-chelsea-vs-leeds-united,90,0,0,0,0.0,0.01,0,0,0,0,43,28,88.0,0.0,4,0,0.0,2,50.0,0,2,2,1,1,0,0,1,2,0,0.0,1,50.0,0,1,0,0,0.0,0.0,0,0,0,0.0,0,0,0,0,0.0,0.0,0.0,0,0,98,2,0,0,0.0,0.0,0.0,0.0,0.0,0.0,0.0
220,25-26-prem-chelsea-vs-leeds-united,90,0,0,0,0.0,0.01,0,0,0,0,48,0,0.0,0.0,9,0,0.0,0,0.0,0,0,7,0,0,0,0,0,0,0,0.0,0,0.0,0,0,0,2,1.74,-0.26,0,34,5,0.0,1,0,0,0,0.0,0.0,0.0,0,0,98,2,0,0,0.0,0.0,0.0,0.0,0.0,0.0,0.0
129,25-26-prem-brentford-vs-arsenal,73,0,0,0,0.0,0.0,0,0,0,0,28,21,95.0,0.0,2,0,0.0,3,75.0,0,1,2,0,0,0,0,1,4,1,20.0,0,0.0,1,3,0,0,0.0,0.0,0,0,0,0.0,0,0,0,0,0.0,0.0,0.0,0,0,73,1,0,0,0.0,0.0,0.0,0.0,0.0,0.0,0.0
718,25-26-prem-west-ham-united-vs-manchester-united,11,0,0,0,0.0,0.02,0,0,0,0,12,4,57.0,1.0,2,0,0.0,0,0.0,2,0,0,0,0,0,0,3,0,3,100.0,0,0.0,0,0,0,0,0.0,0.0,0,0,0,0.0,0,0,0,0,0.0,0.0,0.0,0,79,96,1,0,0,0.0,0.0,0.0,0.0,0.0,0.0,0.0
235,25-26-prem-chelsea-vs-leeds-united,90,1,1,0,1.69,0.52,2,0,0,10,61,33,87.0,4.0,3,1,33.0,2,100.0,1,0,1,0,1,0,0,6,4,6,67.0,0,0.0,3,0,0,0,0.0,0.0,0,0,0,1.0,0,0,0,0,0.0,0.0,0.96,0,0,98,2,1,0,0.0,0.0,0.0,0.0,0.0,0.0,0.0
351,25-26-prem-chelsea-vs-leeds-united,0,0,0,0,0.0,0.0,0,0,0,0,0,0,0.0,0.0,0,0,0.0,0,0.0,0,0,0,0,0,0,0,0,0,0,0.0,0,0.0,0,0,0,0,0.0,0.0,0,0,0,0.0,0,0,0,0,0.0,0.0,0.0,0,0,98,2,0,0,0.0,0.0,0.0,0.0,0.0,0.0,0.0
250,25-26-prem-chelsea-vs-leeds-united,11,0,0,0,0.17,0.0,0,0,0,1,6,4,80.0,0.0,0,0,0.0,0,0.0,0,0,2,0,0,0,0,0,0,0,0.0,0,0.0,0,0,0,0,0.0,0.0,0,0,0,0.0,0,0,0,0,0.0,0.0,0.0,0,79,98,0,0,0,0.0,0.0,0.0,0.0,0.0,0.0,0.0
241,25-26-prem-chelsea-vs-leeds-united,90,0,0,0,0.0,0.61,0,0,0,1,84,68,91.0,1.0,14,0,0.0,2,29.0,3,1,3,1,0,0,1,3,3,3,60.0,0,0.0,0,1,0,0,0.0,0.0,0,0,0,0.0,0,0,0,0,0.0,0.0,0.0,0,0,98,2,0,0,0.0,0.0,0.0,0.0,0.0,0.0,0.0
237,25-26-prem-chelsea-vs-leeds-united,90,0,0,0,0.13,0.69,1,0,0,2,99,77,92.0,5.0,6,1,33.0,5,83.0,2,0,3,0,1,0,0,5,4,5,83.0,0,0.0,3,1,0,0,0.0,0.0,0,0,0,0.0,0,0,0,0,0.0,0.0,0.13,0,0,98,2,0,0,0.0,0.0,0.0,0.0,0.0,0.0,0.0
228,25-26-prem-chelsea-vs-leeds-united,90,0,0,0,0.05,0.12,0,0,0,2,71,37,88.0,1.0,5,0,0.0,1,50.0,3,0,5,0,2,0,0,4,2,3,75.0,1,50.0,0,1,0,0,0.0,0.0,0,0,0,0.0,0,0,0,0,0.0,0.0,0.0,0,0,98,2,0,0,0.0,0.0,0.0,0.0,0.0,0.0,0.0
453,25-26-prem-chelsea-vs-leeds-united,0,0,0,0,0.0,0.0,0,0,0,0,0,0,0.0,0.0,0,0,0.0,0,0.0,0,0,0,0,0,0,0,0,0,0,0.0,0,0.0,0,0,0,0,0.0,0.0,0,0,0,0.0,0,0,0,0,0.0,0.0,0.0,0,0,98,2,0,0,0.0,0.0,0.0,0.0,0.0,0.0,0.0
67,25-26-prem-everton-vs-afc-bournemouth,90,0,0,0,0.0,0.0,0,0,0,0,40,0,0.0,0.0,6,0,0.0,0,0.0,0,0,7,0,1,0,0,1,0,0,0.0,1,100.0,0,0,5,1,2.47,1.47,1,15,3,0.0,0,0,4,0,0.0,0.0,0.0,0,0,96,1,0,0,0.0,0.0,0.0,0.0,0.0,0.0,0.0
632,25-26-prem-nottingham-forest-vs-wolverhampton-wanderers,0,0,0,0,0.0,0.0,0,0,0,0,0,0,0.0,0.0,0,0,0.0,0,0.0,0,0,0,0,0,0,0,0,0,0,0.0,0,0.0,0,0,0,0,0.0,0.0,0,0,0,0.0,0,0,0,0,0.0,0.0,0.0,0,0,90,0,0,0,0.0,0.0,0.0,0.0,0.0,0.0,0.0
627,25-26-prem-nottingham-forest-vs-wolverhampton-wanderers,0,0,0,0,0.0,0.0,0,0,0,0,0,0,0.0,0.0,0,0,0.0,0,0.0,0,0,0,0,0,0,0,0,0,0,0.0,0,0.0,0,0,0,0,0.0,0.0,0,0,0,0.0,0,0,0,0,0.0,0.0,0.0,0,0,90,0,0,0,0.0,0.0,0.0,0.0,0.0,0.0,0.0
135,25-26-prem-tottenham-hotspur-vs-newcastle-united,0,0,0,0,0.0,0.0,0,0,0,0,0,0,0.0,0.0,0,0,0.0,0,0.0,0,0,0,0,0,0,0,0,0,0,0.0,0,0.0,0,0,0,0,0.0,0.0,0,0,0,0.0,0,0,0,0,0.0,0.0,0.0,0,0,91,1,0,0,0.0,0.0,0.0,0.0,0.0,0.0,0.0
587,25-26-prem-tottenham-hotspur-vs-newcastle-united,45,0,0,0,0.0,0.0,0,0,0,0,24,19,95.0,0.0,0,0,0.0,0,0.0,1,0,0,1,1,1,0,1,2,1,33.0,0,0.0,0,2,0,0,0.0,0.0,0,0,0,0.0,0,0,0,0,0.0,0.0,0.0,0,0,46,0,0,0,0.0,0.0,0.0,0.0,0.0,0.0,0.0
632,25-26-prem-wolverhampton-wanderers-vs-arsenal,0,0,0,0,0.0,0.0,0,0,0,0,0,0,0.0,0.0,0,0,0.0,0,0.0,0,0,0,0,0,0,0,0,0,0,0.0,0,0.0,0,0,0,0,0.0,0.0,0,0,0,0.0,0,0,0,0,0.0,0.0,0.0,0,0,99,2,0,0,0.0,0.0,0.0,0.0,0.0,0.0,0.0
24,25-26-prem-wolverhampton-wanderers-vs-arsenal,0,0,0,0,0.0,0.0,0,0,0,0,0,0,0.0,0.0,0,0,0.0,0,0.0,0,0,0,0,0,0,0,0,0,0,0.0,0,0.0,0,0,0,0,0.0,0.0,0,0,0,0.0,0,0,0,0,0.0,0.0,0.0,0,0,99,2,0,0,0.0,0.0,0.0,0.0,0.0,0.0,0.0
392,25-26-prem-sunderland-vs-liverpool,69,0,0,0,0.04,0.01,0,0,0,2,43,20,87.0,0.0,2,0,0.0,1,50.0,2,0,3,0,6,5,1,7,4,3,60.0,4,67.0,1,1,0,0,0.0,0.0,0,0,0,0.0,0,0,0,0,0.0,0.0,0.0,0,0,69,0,0,0,0.0,0.0,0.0,0.0,0.0,0.0,0.0
373,25-26-prem-sunderland-vs-liverpool,90,1,0,0,0.79,0.01,1,0,0,4,78,52,90.0,0.0,13,0,0.0,3,43.0,0,0,1,0,13,10,0,9,1,1,100.0,8,89.0,1,0,0,0,0.0,0.0,0,0,0,0.0,0,0,0,0,0.0,0.0,0.95,0,0,92,0,0,0,0.0,0.0,0.0,0.0,0.0,0.0,0.0
381,25-26-prem-sunderland-vs-liverpool,90,0,1,0,0.42,0.25,0,0,0,12,57,27,79.0,1.0,2,1,12.0,1,20.0,1,0,6,0,1,1,0,2,5,2,33.0,0,0.0,1,1,0,0,0.0,0.0,0,0,0,2.0,0,0,0,0,0.0,0.0,0.0,0,0,92,0,0,0,0.0,0.0,0.0,0.0,0.0,0.0,0.0
366,25-26-prem-sunderland-vs-liverpool,90,0,0,0,0.0,0.0,0,0,0,0,38,0,0.0,0.0,8,0,0.0,0,0.0,0,0,12,0,2,0,0,0,0,0,0.0,0,0.0,0,0,2,0,0.52,0.52,0,18,7,0.0,2,0,1,0,0.0,0.0,0.0,0,0,92,0,0,0,0.0,0.0,0.0,0.0,0.0,0.0,0.0
372,25-26-prem-sunderland-vs-liverpool,90,0,0,0,0.01,0.13,0,0,0,1,76,56,89.0,3.0,10,1,25.0,1,20.0,0,1,6,0,1,0,0,0,2,0,0.0,0,0.0,0,2,0,0,0.0,0.0,0,0,0,0.0,0,0,0,0,0.0,0.0,0.0,0,0,92,0,0,0,0.0,0.0,0.0,0.0,0.0,0.0,0.0
539,25-26-prem-sunderland-vs-liverpool,0,0,0,0,0.0,0.0,0,0,0,0,0,0,0.0,0.0,0,0,0.0,0,0.0,0,0,0,0,0,0,0,0,0,0,0.0,0,0.0,0,0,0,0,0.0,0.0,0,0,0,0.0,0,0,0,0,0.0,0.0,0.0,0,0,92,1,0,0,0.0,0.0,0.0,0.0,0.0,0.0,0.0
376,25-26-prem-sunderland-vs-liverpool,21,0,0,0,0.0,0.0,0,0,0,0,21,12,92.0,0.0,1,0,0.0,2,100.0,1,0,0,0,1,0,1,2,2,2,50.0,0,0.0,0,0,0,0,0.0,0.0,0,0,0,1.0,0,0,0,0,0.0,0.0,0.0,0,69,92,0,0,0,0.0,0.0,0.0,0.0,0.0,0.0,0.0
73,25-26-prem-everton-vs-afc-bournemouth,1,0,0,0,0.0,0.0,0,0,0,0,2,0,0.0,0.0,1,0,0.0,0,0.0,0,0,0,0,0,0,0,1,0,0,0.0,1,100.0,1,0,0,0,0.0,0.0,0,0,0,0.0,0,0,0,0,0.0,0.0,0.0,0,93,96,0,0,0,0.0,0.0,0.0,0.0,0.0,0.0,0.0
671,25-26-prem-west-ham-united-vs-manchester-united,21,0,0,0,0.4,0.01,1,0,0,1,9,5,100.0,0.0,0,0,0.0,0,0.0,0,0,2,0,0,0,0,1,2,0,0.0,1,50.0,0,0,0,0,0.0,0.0,0,0,0,1.0,0,0,0,0,0.0,0.0,0.39,0,69,96,1,0,0,0.0,0.0,0.0,0.0,0.0,0.0,0.0
457,25-26-prem-west-ham-united-vs-manchester-united,90,0,0,0,0.0,0.03,0,0,0,3,92,56,79.0,0.0,6,0,0.0,1,25.0,4,1,3,1,1,1,0,8,4,5,71.0,3,60.0,0,1,0,0,0.0,0.0,0,0,0,0.0,0,0,0,0,0.0,0.0,0.0,0,0,96,1,0,0,0.0,0.0,0.0,0.0,0.0,0.0,0.0
39,25-26-prem-aston-villa-vs-brighton-hove-albion,90,0,0,0,0.03,0.08,0,0,0,5,64,21,75.0,2.0,1,2,100.0,1,100.0,2,2,3,0,7,4,3,5,9,2,18.0,3,100.0,0,0,0,0,0.0,0.0,0,0,0,2.0,0,0,0,0,0.0,0.0,0.0,0,0,90,0,0,0,0.0,0.0,0.0,0.0,0.0,0.0,0.0
151,25-26-prem-aston-villa-vs-brighton-hove-albion,61,0,0,0,0.0,0.01,0,0,0,0,45,27,77.0,0.0,3,0,0.0,1,14.0,1,3,1,0,2,1,1,4,2,3,60.0,1,100.0,2,2,0,0,0.0,0.0,0,0,0,0.0,0,0,0,0,0.0,0.0,0.0,0,0,61,0,0,0,0.0,0.0,0.0,0.0,0.0,0.0,0.0
139,25-26-prem-aston-villa-vs-brighton-hove-albion,90,0,0,0,0.0,0.0,0,0,0,0,42,0,0.0,0.0,6,0,0.0,0,0.0,0,0,9,0,0,0,0,0,0,0,0.0,0,0.0,0,0,2,1,0.09,0.09,1,30,8,0.0,0,0,1,0,0.0,0.0,0.0,0,0,90,1,0,0,0.0,0.0,0.0,0.0,0.0,0.0,0.0
470,25-26-prem-crystal-palace-vs-burnley,90,0,0,0,0.0,0.0,0,0,0,0,37,0,0.0,0.0,12,0,0.0,0,0.0,0,0,9,0,1,0,0,0,0,0,0.0,0,0.0,0,0,1,2,1.05,-0.95,1,14,5,0.0,0,0,1,0,0.0,0.0,0.0,0,0,90,2,0,0,0.0,0.0,0.0,0.0,0.0,0.0,0.0
218,25-26-prem-crystal-palace-vs-burnley,0,0,0,0,0.0,0.0,0,0,0,0,0,0,0.0,0.0,0,0,0.0,0,0.0,0,0,0,0,0,0,0,0,0,0,0.0,0,0.0,0,0,0,0,0.0,0.0,0,0,0,0.0,0,0,0,0,0.0,0.0,0.0,0,0,90,2,0,0,0.0,0.0,0.0,0.0,0.0,0.0,0.0
263,25-26-prem-crystal-palace-vs-burnley,0,0,0,0,0.0,0.0,0,0,0,0,0,0,0.0,0.0,0,0,0.0,0,0.0,0,0,0,0,0,0,0,0,0,0,0.0,0,0.0,0,0,0,0,0.0,0.0,0,0,0,0.0,0,0,0,0,0.0,0.0,0.0,0,0,90,3,0,0,0.0,0.0,0.0,0.0,0.0,0.0,0.0
187,25-26-prem-crystal-palace-vs-burnley,90,0,0,0,0.0,0.0,0,0,0,0,49,19,59.0,0.0,8,0,0.0,2,18.0,0,2,6,0,1,0,0,1,6,0,0.0,1,17.0,0,0,0,0,0.0,0.0,0,0,0,1.0,0,0,0,0,0.0,0.0,0.0,0,0,90,2,0,0,0.0,0.0,0.0,0.0,0.0,0.0,0.0
614,25-26-prem-crystal-palace-vs-burnley,7,0,0,0,0.0,0.01,0,0,0,0,8,1,50.0,0.0,1,1,50.0,0,0.0,1,0,0,0,0,0,0,3,0,2,100.0,1,100.0,1,0,0,0,0.0,0.0,0,0,0,0.0,0,0,0,0,0.0,0.0,0.0,0,83,90,0,0,0,0.0,0.0,0.0,0.0,0.0,0.0,0.0
270,25-26-prem-crystal-palace-vs-burnley,18,0,0,1,0.04,0.04,0,0,0,1,24,15,88.0,1.0,3,1,100.0,1,100.0,1,0,1,0,0,0,0,1,3,1,33.0,0,0.0,0,0,0,0,0.0,0.0,0,0,0,2.0,0,0,0,0,0.0,0.0,0.0,0,72,90,0,0,0,0.0,0.0,0.0,0.0,0.0,0.0,0.0
254,25-26-prem-crystal-palace-vs-burnley,0,0,0,0,0.0,0.0,0,0,0,0,0,0,0.0,0.0,0,0,0.0,0,0.0,0,0,0,0,0,0,0,0,0,0,0.0,0,0.0,0,0,0,0,0.0,0.0,0,0,0,0.0,0,0,0,0,0.0,0.0,0.0,0,0,90,3,0,0,0.0,0.0,0.0,0.0,0.0,0.0,0.0
272,25-26-prem-crystal-palace-vs-burnley,45,0,1,0,0.0,0.08,0,0,0,0,39,30,94.0,1.0,0,1,100.0,0,0.0,1,1,0,0,2,2,0,1,1,1,50.0,0,0.0,0,1,0,0,0.0,0.0,0,0,0,0.0,0,0,0,0,0.0,0.0,0.0,0,0,46,2,0,0,0.0,0.0,0.0,0.0,0.0,0.0,0.0
209,25-26-prem-crystal-palace-vs-burnley,90,0,0,2,0.08,0.02,0,0,0,0,51,27,71.0,0.0,2,0,0.0,2,40.0,2,0,3,1,0,0,0,4,8,2,33.0,2,33.0,0,3,0,0,0.0,0.0,0,0,0,2.0,0,0,0,0,0.0,0.0,0.0,0,0,90,2,0,0,0.0,0.0,0.0,0.0,0.0,0.0,0.0
271,25-26-prem-crystal-palace-vs-burnley,72,0,0,3,0.46,0.42,0,0,0,3,60,38,83.0,2.0,8,1,100.0,1,33.0,2,0,7,0,1,1,0,3,1,3,75.0,0,0.0,0,0,0,0,0.0,0.0,0,0,0,1.0,0,0,0,0,0.0,0.0,0.0,0,0,72,3,0,0,0.0,0.0,0.0,0.0,0.0,0.0,0.0
259,25-26-prem-crystal-palace-vs-burnley,0,0,0,0,0.0,0.0,0,0,0,0,0,0,0.0,0.0,0,0,0.0,0,0.0,0,0,0,0,0,0,0,0,0,0,0.0,0,0.0,0,0,0,0,0.0,0.0,0,0,0,0.0,0,0,0,0,0.0,0.0,0.0,0,0,90,3,0,0,0.0,0.0,0.0,0.0,0.0,0.0,0.0
206,25-26-prem-crystal-palace-vs-burnley,73,0,1,0,0.0,0.1,0,0,0,3,31,18,78.0,2.0,1,0,0.0,0,0.0,1,0,3,0,0,0,0,2,2,2,50.0,0,0.0,1,0,0,0,0.0,0.0,0,0,0,1.0,0,0,0,0,0.0,0.0,0.0,0,0,73,2,0,0,0.0,0.0,0.0,0.0,0.0,0.0,0.0
202,25-26-prem-crystal-palace-vs-burnley,17,0,0,1,0.07,0.0,0,0,0,0,10,1,33.0,0.0,1,0,0.0,0,0.0,1,0,1,1,2,0,0,4,0,1,100.0,3,100.0,0,0,0,0,0.0,0.0,0,0,0,0.0,0,0,0,0,0.0,0.0,0.0,0,73,90,0,0,0,0.0,0.0,0.0,0.0,0.0,0.0,0.0
199,25-26-prem-crystal-palace-vs-burnley,90,0,0,0,0.0,0.0,0,0,0,1,44,24,86.0,0.0,2,0,0.0,0,0.0,0,1,2,2,10,3,0,2,4,0,0.0,2,40.0,0,1,0,0,0.0,0.0,0,0,0,0.0,0,0,0,0,0.0,0.0,0.0,0,0,90,2,0,0,0.0,0.0,0.0,0.0,0.0,0.0,0.0
253,25-26-prem-crystal-palace-vs-burnley,90,0,0,0,0.0,0.01,0,0,0,0,36,0,0.0,0.0,4,0,0.0,0,0.0,0,0,9,0,0,0,0,0,0,0,0.0,0,0.0,0,0,1,3,1.51,-0.49,3,20,7,0.0,2,0,1,0,0.0,0.0,0.0,0,0,90,3,0,0,0.0,0.0,0.0,0.0,0.0,0.0,0.0
267,25-26-prem-crystal-palace-vs-burnley,90,0,0,2,0.15,0.02,1,0,0,4,50,17,63.0,0.0,2,1,50.0,0,0.0,1,0,3,0,0,0,0,3,11,1,20.0,2,22.0,0,1,0,0,0.0,0.0,0,0,0,3.0,0,0,0,0,0.0,0.0,0.41,0,0,90,3,0,0,0.0,0.0,0.0,0.0,0.0,0.0,0.0
722,25-26-prem-crystal-palace-vs-burnley,3,0,0,0,0.0,0.0,0,0,0,0,7,1,50.0,0.0,1,0,0.0,0,0.0,0,1,0,1,3,0,0,0,1,0,0.0,0,0.0,0,0,0,0,0.0,0.0,0,0,0,0.0,0,0,0,0,0.0,0.0,0.0,0,87,90,0,0,0,0.0,0.0,0.0,0.0,0.0,0.0,0.0
654,25-26-prem-crystal-palace-vs-burnley,90,2,0,3,0.34,0.03,2,0,0,4,36,18,69.0,0.0,3,0,0.0,0,0.0,0,1,1,0,0,0,1,6,5,1,25.0,5,71.0,1,2,0,0,0.0,0.0,0,0,0,0.0,0,0,0,0,0.0,0.0,0.64,0,0,90,3,0,0,0.0,0.0,0.0,0.0,0.0,0.0,0.0
190,25-26-prem-crystal-palace-vs-burnley,0,0,0,0,0.0,0.0,0,0,0,0,0,0,0.0,0.0,0,0,0.0,0,0.0,0,0,0,0,0,0,0,0,0,0,0.0,0,0.0,0,0,0,0,0.0,0.0,0,0,0,0.0,0,0,0,0,0.0,0.0,0.0,0,0,90,2,0,0,0.0,0.0,0.0,0.0,0.0,0.0,0.0
145,25-26-prem-aston-villa-vs-brighton-hove-albion,0,0,0,0,0.0,0.0,0,0,0,0,0,0,0.0,0.0,0,0,0.0,0,0.0,0,0,0,0,0,0,0,0,0,0,0.0,0,0.0,0,0,0,0,0.0,0.0,0,0,0,0.0,0,0,0,0,0.0,0.0,0.0,0,0,90,1,0,0,0.0,0.0,0.0,0.0,0.0,0.0,0.0
256,25-26-prem-crystal-palace-vs-burnley,72,0,0,2,0.11,0.89,0,0,0,8,67,45,87.0,5.0,8,3,100.0,2,67.0,1,0,5,0,0,0,1,1,3,1,33.0,0,0.0,0,1,0,0,0.0,0.0,0,0,0,0.0,0,0,0,0,0.0,0.0,0.0,0,0,72,3,0,0,0.0,0.0,0.0,0.0,0.0,0.0,0.0
215,25-26-prem-crystal-palace-vs-burnley,73,0,0,1,0.17,0.0,0,0,0,1,24,4,40.0,0.0,1,0,0.0,1,100.0,0,0,3,0,3,3,0,7,6,1,25.0,6,67.0,1,2,0,0,0.0,0.0,0,0,0,0.0,0,0,0,0,0.0,0.0,0.0,0,0,73,2,0,0,0.0,0.0,0.0,0.0,0.0,0.0,0.0
217,25-26-prem-crystal-palace-vs-burnley,17,0,0,0,0.0,0.0,0,0,0,0,6,1,33.0,0.0,0,0,0.0,0,0.0,0,0,1,0,1,0,0,1,6,1,50.0,0,0.0,1,1,0,0,0.0,0.0,0,0,0,0.0,0,0,0,0,0.0,0.0,0.0,0,73,90,0,0,0,0.0,0.0,0.0,0.0,0.0,0.0,0.0
257,25-26-prem-crystal-palace-vs-burnley,90,0,0,1,0.21,0.01,0,0,0,4,108,79,90.0,0.0,10,0,0.0,4,57.0,0,3,2,0,8,5,0,9,3,1,50.0,8,80.0,1,1,0,0,0.0,0.0,0,0,0,0.0,0,0,0,0,0.0,0.0,0.0,0,0,90,3,0,0,0.0,0.0,0.0,0.0,0.0,0.0,0.0
261,25-26-prem-crystal-palace-vs-burnley,90,0,0,2,0.16,0.01,0,0,0,6,87,55,86.0,1.0,3,0,0.0,0,0.0,2,1,6,0,3,1,0,5,4,2,67.0,3,50.0,0,1,0,0,0.0,0.0,0,0,0,0.0,0,0,0,0,0.0,0.0,0.0,0,0,90,3,0,0,0.0,0.0,0.0,0.0,0.0,0.0,0.0
712,25-26-prem-crystal-palace-vs-burnley,18,0,0,0,0.0,0.04,0,0,0,0,16,7,78.0,2.0,1,2,40.0,0,0.0,0,0,1,0,0,0,0,0,1,0,0.0,0,0.0,0,0,0,0,0.0,0.0,0,0,0,0.0,0,0,0,0,0.0,0.0,0.0,0,72,90,0,0,0,0.0,0.0,0.0,0.0,0.0,0.0,0.0
580,25-26-prem-crystal-palace-vs-burnley,32,0,0,1,0.03,0.1,0,0,0,2,20,8,73.0,1.0,2,0,0.0,2,67.0,0,0,1,0,1,1,0,2,1,0,0.0,2,100.0,1,0,0,0,0.0,0.0,0,0,0,0.0,0,0,0,0,0.0,0.0,0.0,0,58,90,0,0,0,0.0,0.0,0.0,0.0,0.0,0.0,0.0
677,25-26-prem-crystal-palace-vs-burnley,58,0,0,1,0.08,0.02,0,0,0,3,40,19,76.0,0.0,3,0,0.0,0,0.0,2,1,4,0,0,0,0,5,4,4,50.0,1,100.0,1,0,0,0,0.0,0.0,0,0,0,3.0,0,0,0,0,0.0,0.0,0.0,0,0,58,3,0,0,0.0,0.0,0.0,0.0,0.0,0.0,0.0
207,25-26-prem-crystal-palace-vs-burnley,83,1,0,1,0.09,0.03,1,0,0,2,49,19,68.0,0.0,11,1,25.0,1,25.0,3,0,8,2,0,0,0,10,2,9,90.0,1,50.0,5,0,0,0,0.0,0.0,0,0,0,1.0,0,0,0,0,0.0,0.0,0.54,0,0,83,2,0,0,0.0,0.0,0.0,0.0,0.0,0.0,0.0
258,25-26-prem-crystal-palace-vs-burnley,90,0,0,3,0.14,0.07,0,0,0,2,60,22,69.0,1.0,3,1,25.0,2,29.0,2,0,3,0,2,2,0,7,6,5,62.0,2,40.0,3,1,0,0,0.0,0.0,0,0,0,1.0,0,0,0,0,0.0,0.0,0.0,0,0,90,3,0,0,0.0,0.0,0.0,0.0,0.0,0.0,0.0
200,25-26-prem-crystal-palace-vs-burnley,90,1,0,2,0.09,0.13,1,0,0,6,44,19,86.0,2.0,1,1,33.0,0,0.0,2,0,4,0,2,1,0,4,4,4,50.0,0,0.0,1,0,0,0,0.0,0.0,0,0,0,1.0,0,0,0,0,0.0,0.0,0.51,0,0,90,2,0,0,0.0,0.0,0.0,0.0,0.0,0.0,0.0
262,25-26-prem-crystal-palace-vs-burnley,45,0,0,0,0.0,0.01,0,0,0,0,52,35,80.0,0.0,3,0,0.0,0,0.0,0,0,1,0,4,3,0,5,3,1,50.0,4,67.0,1,1,0,0,0.0,0.0,0,0,0,0.0,0,0,0,0,0.0,0.0,0.0,0,46,90,1,0,0,0.0,0.0,0.0,0.0,0.0,0.0,0.0
676,25-26-prem-crystal-palace-vs-burnley,87,0,1,0,0.0,0.0,0,0,0,1,34,14,74.0,1.0,4,0,0.0,1,50.0,3,2,3,1,3,2,2,3,5,3,43.0,0,0.0,0,1,0,0,0.0,0.0,0,0,0,1.0,0,0,0,0,0.0,0.0,0.0,0,0,87,2,0,0,0.0,0.0,0.0,0.0,0.0,0.0,0.0
193,25-26-prem-crystal-palace-vs-burnley,90,0,0,1,0.04,0.01,1,0,0,2,60,25,64.0,0.0,4,0,0.0,4,40.0,1,0,8,0,5,5,0,6,4,4,67.0,2,50.0,1,0,0,0,0.0,0.0,0,0,0,0.0,0,0,0,0,0.0,0.0,0.45,0,0,90,2,0,0,0.0,0.0,0.0,0.0,0.0,0.0,0.0
191,25-26-prem-crystal-palace-vs-burnley,90,0,0,0,0.0,0.02,0,0,0,3,52,25,69.0,0.0,5,0,0.0,0,0.0,2,1,6,1,6,3,0,8,3,3,100.0,5,62.0,0,0,0,0,0.0,0.0,0,0,0,0.0,0,0,0,0,0.0,0.0,0.0,0,0,90,2,0,0,0.0,0.0,0.0,0.0,0.0,0.0,0.0
210,25-26-prem-crystal-palace-vs-burnley,0,0,0,0,0.0,0.0,0,0,0,0,0,0,0.0,0.0,0,0,0.0,0,0.0,0,0,0,0,0,0,0,0,0,0,0.0,0,0.0,0,0,0,0,0.0,0.0,0,0,0,0.0,0,0,0,0,0.0,0.0,0.0,0,0,90,2,0,0,0.0,0.0,0.0,0.0,0.0,0.0,0.0
195,25-26-prem-crystal-palace-vs-burnley,0,0,0,0,0.0,0.0,0,0,0,0,0,0,0.0,0.0,0,0,0.0,0,0.0,0,0,0,0,0,0,0,0,0,0,0.0,0,0.0,0,0,0,0,0.0,0.0,0,0,0,0.0,0,0,0,0,0.0,0.0,0.0,0,0,90,2,0,0,0.0,0.0,0.0,0.0,0.0,0.0,0.0
273,25-26-prem-crystal-palace-vs-burnley,83,0,1,2,0.06,0.31,0,0,0,1,84,51,76.0,1.0,14,1,25.0,2,29.0,2,1,7,0,4,2,3,2,6,2,25.0,0,0.0,0,1,0,0,0.0,0.0,0,0,0,1.0,0,0,0,0,0.0,0.0,0.0,0,0,83,3,0,0,0.0,0.0,0.0,0.0,0.0,0.0,0.0
183,25-26-prem-crystal-palace-vs-burnley,0,0,0,0,0.0,0.0,0,0,0,0,0,0,0.0,0.0,0,0,0.0,0,0.0,0,0,0,0,0,0,0,0,0,0,0.0,0,0.0,0,0,0,0,0.0,0.0,0,0,0,0.0,0,0,0,0,0.0,0.0,0.0,0,0,90,2,0,0,0.0,0.0,0.0,0.0,0.0,0.0,0.0
276,25-26-prem-crystal-palace-vs-burnley,0,0,0,0,0.0,0.0,0,0,0,0,0,0,0.0,0.0,0,0,0.0,0,0.0,0,0,0,0,0,0,0,0,0,0,0.0,0,0.0,0,0,0,0,0.0,0.0,0,0,0,0.0,0,0,0,0,0.0,0.0,0.0,0,0,90,3,0,0,0.0,0.0,0.0,0.0,0.0,0.0,0.0
732,25-26-prem-crystal-palace-vs-burnley,7,0,0,0,0.0,0.0,0,0,0,1,6,3,75.0,0.0,0,0,0.0,0,0.0,0,0,0,0,0,0,0,1,3,0,0.0,1,50.0,0,1,0,0,0.0,0.0,0,0,0,0.0,0,0,0,0,0.0,0.0,0.0,0,83,90,0,0,0,0.0,0.0,0.0,0.0,0.0,0.0,0.0
72,25-26-prem-everton-vs-afc-bournemouth,90,0,0,0,0.0,0.0,0,0,0,1,57,36,75.0,0.0,5,0,0.0,2,22.0,1,0,4,3,3,2,0,2,4,2,67.0,0,0.0,1,1,0,0,0.0,0.0,0,0,0,0.0,0,0,0,0,0.0,0.0,0.0,0,0,96,1,0,0,0.0,0.0,0.0,0.0,0.0,0.0,0.0
21,25-26-prem-brentford-vs-arsenal,90,0,0,0,0.0,0.11,0,0,0,3,84,64,93.0,3.0,2,2,67.0,3,100.0,2,0,7,0,3,1,0,5,1,4,80.0,1,100.0,1,0,0,0,0.0,0.0,0,0,0,0.0,0,0,0,0,0.0,0.0,0.0,0,0,95,1,0,0,0.0,0.0,0.0,0.0,0.0,0.0,0.0
666,25-26-prem-brentford-vs-arsenal,90,0,0,0,0.0,0.41,0,0,0,3,29,8,47.0,1.0,2,0,0.0,0,0.0,0,0,1,0,1,1,1,2,4,1,20.0,1,100.0,1,1,0,0,0.0,0.0,0,0,0,0.0,0,0,0,0,0.0,0.0,0.0,0,0,95,1,0,0,0.0,0.0,0.0,0.0,0.0,0.0,0.0
527,25-26-prem-nottingham-forest-vs-wolverhampton-wanderers,0,0,0,0,0.0,0.0,0,0,0,0,0,0,0.0,0.0,0,0,0.0,0,0.0,0,0,0,0,0,0,0,0,0,0,0.0,0,0.0,0,0,0,0,0.0,0.0,0,0,0,0.0,0,0,0,0,0.0,0.0,0.0,0,0,90,0,0,0,0.0,0.0,0.0,0.0,0.0,0.0,0.0
507,25-26-prem-nottingham-forest-vs-wolverhampton-wanderers,90,0,0,0,0.08,0.17,0,0,0,2,73,46,90.0,2.0,5,2,50.0,3,75.0,0,1,5,0,5,4,1,6,2,3,60.0,3,100.0,2,0,0,0,0.0,0.0,0,0,0,1.0,0,0,0,0,0.0,0.0,0.0,0,0,90,0,0,0,0.0,0.0,0.0,0.0,0.0,0.0,0.0
41,25-26-prem-aston-villa-vs-brighton-hove-albion,0,0,0,0,0.0,0.0,0,0,0,0,0,0,0.0,0.0,0,0,0.0,0,0.0,0,0,0,0,0,0,0,0,0,0,0.0,0,0.0,0,0,0,0,0.0,0.0,0,0,0,0.0,0,0,0,0,0.0,0.0,0.0,0,0,90,0,0,0,0.0,0.0,0.0,0.0,0.0,0.0,0.0
485,25-26-prem-tottenham-hotspur-vs-newcastle-united,88,0,1,0,0.49,0.11,0,0,0,7,34,13,81.0,1.0,1,0,0.0,0,0.0,1,0,2,0,0,0,1,6,3,5,71.0,1,50.0,2,0,0,0,0.0,0.0,0,0,0,1.0,0,0,0,0,0.0,0.0,0.0,0,0,88,1,0,0,0.0,0.0,0.0,0.0,0.0,0.0,0.0
466,25-26-prem-west-ham-united-vs-manchester-united,8,0,0,0,0.09,0.0,0,0,0,1,10,3,60.0,0.0,1,0,0.0,0,0.0,1,0,1,0,0,0,0,2,1,1,100.0,1,50.0,0,0,0,0,0.0,0.0,0,0,0,0.0,0,0,0,0,0.0,0.0,0.0,0,82,96,0,0,0,0.0,0.0,0.0,0.0,0.0,0.0,0.0
679,25-26-prem-west-ham-united-vs-manchester-united,90,0,0,0,0.0,0.0,0,0,0,0,45,0,0.0,0.0,5,0,0.0,0,0.0,0,0,11,0,1,0,0,1,0,0,0.0,1,100.0,0,0,2,1,0.48,-0.52,0,24,7,0.0,1,0,0,0,0.0,0.0,0.0,0,0,96,1,0,0,0.0,0.0,0.0,0.0,0.0,0.0,0.0
608,25-26-prem-west-ham-united-vs-manchester-united,10,0,0,0,0.0,0.01,0,0,0,0,11,6,86.0,1.0,2,0,0.0,1,50.0,0,1,1,0,0,0,0,0,0,0,0.0,0,0.0,0,0,0,0,0.0,0.0,0,0,0,0.0,0,0,0,0,0.0,0.0,0.0,0,80,96,1,0,0,0.0,0.0,0.0,0.0,0.0,0.0,0.0
32,25-26-prem-aston-villa-vs-brighton-hove-albion,90,0,0,0,0.0,0.01,0,0,0,0,73,0,0.0,0.0,11,0,0.0,0,0.0,0,0,17,0,1,0,0,4,0,2,100.0,2,100.0,2,0,3,0,0.33,0.33,1,38,9,0.0,3,0,1,0,0.0,0.0,0.0,0,0,90,0,0,0,0.0,0.0,0.0,0.0,0.0,0.0,0.0
708,25-26-prem-west-ham-united-vs-manchester-united,90,0,0,0,0.0,0.02,0,0,0,0,61,36,88.0,0.0,5,0,0.0,2,67.0,5,0,8,0,2,2,1,7,6,6,50.0,1,100.0,1,3,0,0,0.0,0.0,0,0,0,1.0,0,0,0,0,0.0,0.0,0.0,0,0,96,1,0,0,0.0,0.0,0.0,0.0,0.0,0.0,0.0
152,25-26-prem-aston-villa-vs-brighton-hove-albion,90,0,0,0,0.0,0.01,0,0,0,2,65,35,81.0,0.0,5,0,0.0,2,67.0,0,1,2,2,2,0,0,2,3,1,33.0,1,50.0,1,2,0,0,0.0,0.0,0,0,0,0.0,0,0,0,0,0.0,0.0,0.0,0,0,90,1,0,0,0.0,0.0,0.0,0.0,0.0,0.0,0.0
40,25-26-prem-aston-villa-vs-brighton-hove-albion,90,0,0,0,0.16,0.0,0,0,0,2,74,55,83.0,0.0,7,0,0.0,5,42.0,1,0,4,0,4,4,0,1,1,1,100.0,0,0.0,0,0,0,0,0.0,0.0,0,0,0,0.0,0,0,0,0,0.0,0.0,0.0,0,0,90,0,0,0,0.0,0.0,0.0,0.0,0.0,0.0,0.0
2,25-26-prem-wolverhampton-wanderers-vs-arsenal,0,0,0,0,0.0,0.0,0,0,0,0,0,0,0.0,0.0,0,0,0.0,0,0.0,0,0,0,0,0,0,0,0,0,0,0.0,0,0.0,0,0,0,0,0.0,0.0,0,0,0,0.0,0,0,0,0,0.0,0.0,0.0,0,0,99,2,0,0,0.0,0.0,0.0,0.0,0.0,0.0,0.0
49,25-26-prem-aston-villa-vs-brighton-hove-albion,30,0,0,0,0.0,0.23,0,0,0,2,14,5,83.0,3.0,1,2,100.0,0,0.0,0,0,1,0,0,0,0,2,5,1,17.0,1,100.0,1,2,0,0,0.0,0.0,0,0,0,0.0,0,0,0,0,0.0,0.0,0.0,0,60,90,0,0,0,0.0,0.0,0.0,0.0,0.0,0.0,0.0
38,25-26-prem-aston-villa-vs-brighton-hove-albion,90,0,0,0,0.16,0.02,0,0,0,2,59,49,100.0,0.0,1,0,0.0,3,100.0,0,1,4,0,3,1,0,2,1,0,0.0,2,67.0,0,0,0,0,0.0,0.0,0,0,0,0.0,0,0,0,0,0.0,0.0,0.0,0,0,90,0,0,0,0.0,0.0,0.0,0.0,0.0,0.0,0.0
426,25-26-prem-nottingham-forest-vs-wolverhampton-wanderers,0,0,0,0,0.0,0.0,0,0,0,0,0,0,0.0,0.0,0,0,0.0,0,0.0,0,0,0,0,0,0,0,0,0,0,0.0,0,0.0,0,0,0,0,0.0,0.0,0,0,0,0.0,0,0,0,0,0.0,0.0,0.0,0,0,90,0,0,0,0.0,0.0,0.0,0.0,0.0,0.0,0.0
584,25-26-prem-tottenham-hotspur-vs-newcastle-united,55,0,0,0,0.55,0.07,0,0,0,4,39,13,87.0,2.0,1,1,50.0,1,50.0,1,0,5,0,0,0,1,6,10,5,42.0,1,25.0,2,1,0,0,0.0,0.0,0,0,0,4.0,0,0,0,0,0.0,0.0,0.0,0,35,91,2,0,0,0.0,0.0,0.0,0.0,0.0,0.0,0.0
591,25-26-prem-tottenham-hotspur-vs-newcastle-united,90,1,0,0,0.57,0.29,1,0,0,3,55,27,84.0,1.0,8,1,50.0,3,43.0,1,0,1,0,3,1,0,4,6,4,57.0,0,0.0,1,0,0,0,0.0,0.0,0,0,0,2.0,0,0,0,0,0.0,0.0,0.7,0,0,91,2,0,0,0.0,0.0,0.0,0.0,0.0,0.0,0.0
588,25-26-prem-tottenham-hotspur-vs-newcastle-united,35,0,0,0,0.0,0.04,0,0,0,1,9,6,75.0,1.0,0,0,0.0,0,0.0,0,0,1,0,0,0,0,0,0,0,0.0,0,0.0,0,0,0,0,0.0,0.0,0,0,0,0.0,0,0,0,0,0.0,0.0,0.0,0,0,35,0,0,0,0.0,0.0,0.0,0.0,0.0,0.0,0.0
541,25-26-prem-sunderland-vs-liverpool,90,0,0,0,0.0,0.14,0,0,0,1,53,31,86.0,1.0,2,1,100.0,2,50.0,0,1,7,3,4,4,1,4,3,3,60.0,1,50.0,2,1,0,0,0.0,0.0,0,0,0,0.0,0,0,0,0,0.0,0.0,0.0,0,0,92,1,0,0,0.0,0.0,0.0,0.0,0.0,0.0,0.0
694,25-26-prem-sunderland-vs-liverpool,90,0,0,0,0.11,0.13,0,0,0,5,58,26,90.0,2.0,2,1,9.0,1,50.0,2,0,7,1,5,3,0,6,4,4,80.0,2,40.0,1,0,0,0,0.0,0.0,0,0,0,0.0,0,0,0,0,0.0,0.0,0.0,0,0,92,1,0,0,0.0,0.0,0.0,0.0,0.0,0.0,0.0
85,25-26-prem-everton-vs-afc-bournemouth,0,0,0,0,0.0,0.0,0,0,0,0,0,0,0.0,0.0,0,0,0.0,0,0.0,0,0,0,0,0,0,0,0,0,0,0.0,0,0.0,0,0,0,0,0.0,0.0,0,0,0,0.0,0,0,0,0,0.0,0.0,0.0,0,0,96,1,0,0,0.0,0.0,0.0,0.0,0.0,0.0,0.0
288,25-26-prem-everton-vs-afc-bournemouth,0,0,0,0,0.0,0.0,0,0,0,0,0,0,0.0,0.0,0,0,0.0,0,0.0,0,0,0,0,0,0,0,0,0,0,0.0,0,0.0,0,0,0,0,0.0,0.0,0,0,0,0.0,0,0,0,0,0.0,0.0,0.0,0,0,96,2,0,0,0.0,0.0,0.0,0.0,0.0,0.0,0.0
745,25-26-prem-tottenham-hotspur-vs-newcastle-united,0,0,0,0,0.0,0.0,0,0,0,0,0,0,0.0,0.0,0,0,0.0,0,0.0,0,0,0,0,0,0,0,0,0,0,0.0,0,0.0,0,0,0,0,0.0,0.0,0,0,0,0.0,0,0,0,0,0.0,0.0,0.0,0,0,91,2,0,0,0.0,0.0,0.0,0.0,0.0,0.0,0.0
326,25-26-prem-west-ham-united-vs-manchester-united,1,0,0,0,0.15,0.0,0,0,0,1,5,1,100.0,0.0,0,0,0.0,0,0.0,0,0,0,0,0,0,0,1,1,1,50.0,0,0.0,0,0,0,0,0.0,0.0,0,0,0,0.0,0,0,0,0,0.0,0.0,0.0,0,90,96,1,0,0,0.0,0.0,0.0,0.0,0.0,0.0,0.0
624,25-26-prem-west-ham-united-vs-manchester-united,89,0,1,0,0.04,0.51,0,0,0,3,50,20,80.0,1.0,7,0,0.0,1,100.0,0,1,7,0,1,1,1,5,11,3,25.0,2,50.0,2,1,0,0,0.0,0.0,0,0,0,4.0,0,0,0,0,0.0,0.0,0.0,0,0,90,0,0,0,0.0,0.0,0.0,0.0,0.0,0.0,0.0
226,25-26-prem-chelsea-vs-leeds-united,90,0,0,0,0.0,0.03,0,0,0,0,122,101,98.0,0.0,3,0,0.0,0,0.0,0,2,2,0,9,8,0,7,5,2,50.0,5,62.0,2,2,0,0,0.0,0.0,0,0,0,1.0,0,0,0,0,0.0,0.0,0.0,0,0,98,2,0,0,0.0,0.0,0.0,0.0,0.0,0.0,0.0
121,25-26-prem-brentford-vs-arsenal,17,0,0,0,0.0,0.01,0,0,0,2,13,7,100.0,1.0,0,0,0.0,0,0.0,1,2,2,0,0,0,0,1,2,1,33.0,0,0.0,0,0,0,0,0.0,0.0,0,0,0,1.0,0,0,0,0,0.0,0.0,0.0,0,73,95,0,0,0,0.0,0.0,0.0,0.0,0.0,0.0,0.0
113,25-26-prem-brentford-vs-arsenal,90,0,1,0,0.05,0.27,0,0,0,2,55,38,90.0,1.0,4,0,0.0,0,0.0,1,2,2,1,5,5,0,3,3,1,50.0,2,50.0,0,0,0,0,0.0,0.0,0,0,0,1.0,0,0,0,0,0.0,0.0,0.0,0,0,95,1,0,0,0.0,0.0,0.0,0.0,0.0,0.0,0.0
475,25-26-prem-tottenham-hotspur-vs-newcastle-united,90,0,0,0,0.69,0.0,0,0,0,4,47,30,94.0,0.0,1,0,0.0,2,100.0,1,0,3,3,5,3,0,6,5,1,50.0,5,56.0,0,0,0,0,0.0,0.0,0,0,0,1.0,0,0,0,0,0.0,0.0,0.0,0,0,91,1,0,0,0.0,0.0,0.0,0.0,0.0,0.0,0.0
20,25-26-prem-wolverhampton-wanderers-vs-arsenal,16,0,0,0,0.02,0.0,0,0,0,1,11,2,50.0,0.0,0,0,0.0,0,0.0,1,0,2,0,0,0,0,1,3,1,25.0,0,0.0,0,0,0,0,0.0,0.0,0,0,0,2.0,0,0,0,0,0.0,0.0,0.0,0,73,93,0,0,0,0.0,0.0,0.0,0.0,0.0,0.0,0.0
628,25-26-prem-wolverhampton-wanderers-vs-arsenal,90,0,0,0,0.0,0.0,0,0,0,0,44,0,0.0,0.0,5,0,0.0,0,0.0,0,0,6,0,4,0,0,0,0,0,0.0,0,0.0,0,0,2,2,1.26,-0.74,1,20,8,0.0,2,0,2,0,0.0,0.0,0.0,0,0,99,2,0,0,0.0,0.0,0.0,0.0,0.0,0.0,0.0
386,25-26-prem-sunderland-vs-liverpool,90,0,0,0,0.02,0.04,0,0,0,0,69,47,90.0,2.0,4,0,0.0,2,67.0,5,0,3,0,2,1,3,8,5,8,67.0,0,0.0,1,0,0,0,0.0,0.0,0,0,0,0.0,0,0,0,0,0.0,0.0,0.0,0,0,92,0,0,0,0.0,0.0,0.0,0.0,0.0,0.0,0.0
292,25-26-prem-everton-vs-afc-bournemouth,89,0,0,0,0.0,0.6,0,0,0,2,62,28,88.0,2.0,11,4,67.0,0,0.0,2,0,1,0,2,1,0,6,3,6,67.0,0,0.0,2,1,0,0,0.0,0.0,0,0,0,0.0,0,0,0,0,0.0,0.0,0.0,0,0,93,2,0,0,0.0,0.0,0.0,0.0,0.0,0.0,0.0
242,25-26-prem-everton-vs-afc-bournemouth,90,0,0,0,0.16,0.09,0,0,0,5,68,35,88.0,0.0,3,1,17.0,0,0.0,1,0,4,0,1,0,0,7,7,5,45.0,2,67.0,4,1,0,0,0.0,0.0,0,0,0,3.0,0,0,0,0,0.0,0.0,0.0,0,0,96,2,0,0,0.0,0.0,0.0,0.0,0.0,0.0,0.0
565,25-26-prem-tottenham-hotspur-vs-newcastle-united,90,0,0,0,0.0,0.0,0,0,0,0,41,0,0.0,0.0,6,0,0.0,0,0.0,0,0,5,0,2,0,0,0,0,0,0.0,0,0.0,0,0,3,2,1.59,-0.41,1,26,6,0.0,1,0,2,0,0.0,0.0,0.0,0,0,91,2,0,0,0.0,0.0,0.0,0.0,0.0,0.0,0.0
573,25-26-prem-tottenham-hotspur-vs-newcastle-united,90,0,0,0,0.0,0.01,0,0,0,0,58,29,91.0,0.0,4,0,0.0,2,40.0,2,0,5,0,4,3,0,3,6,3,43.0,0,0.0,0,1,0,0,0.0,0.0,0,0,0,1.0,0,0,0,0,0.0,0.0,0.0,0,0,91,2,0,0,0.0,0.0,0.0,0.0,0.0,0.0,0.0
796,25-26-prem-tottenham-hotspur-vs-newcastle-united,70,0,0,0,0.0,0.03,0,0,0,1,31,15,79.0,3.0,2,0,0.0,1,100.0,1,0,3,0,0,0,2,4,8,4,36.0,0,0.0,3,2,0,0,0.0,0.0,0,0,0,1.0,0,0,0,0,0.0,0.0,0.0,0,0,70,2,0,0,0.0,0.0,0.0,0.0,0.0,0.0,0.0
603,25-26-prem-west-ham-united-vs-manchester-united,80,0,0,0,0.0,0.01,0,0,0,0,51,27,71.0,0.0,4,0,0.0,5,45.0,1,1,3,0,2,2,2,1,3,1,33.0,0,0.0,0,0,0,0,0.0,0.0,0,0,0,0.0,0,0,0,0,0.0,0.0,0.0,0,0,80,0,0,0,0.0,0.0,0.0,0.0,0.0,0.0,0.0
493,25-26-prem-chelsea-vs-leeds-united,1,0,0,0,0.0,0.0,0,0,0,0,0,0,0.0,0.0,0,0,0.0,0,0.0,0,0,0,0,0,0,0,0,1,0,0.0,0,0.0,0,1,0,0,0.0,0.0,0,0,0,0.0,0,0,0,0,0.0,0.0,0.0,0,95,98,0,0,0,0.0,0.0,0.0,0.0,0.0,0.0,0.0
74,25-26-prem-everton-vs-afc-bournemouth,90,0,1,0,0.02,0.49,0,0,0,0,58,24,75.0,1.0,2,1,20.0,1,25.0,4,1,5,0,6,1,0,4,8,4,57.0,0,0.0,0,2,0,0,0.0,0.0,0,0,0,1.0,0,0,0,0,0.0,0.0,0.0,0,0,96,1,0,0,0.0,0.0,0.0,0.0,0.0,0.0,0.0
16,25-26-prem-wolverhampton-wanderers-vs-arsenal,73,1,0,0,0.55,0.13,1,0,0,6,56,20,69.0,1.0,4,2,67.0,0,0.0,4,3,9,0,3,1,0,13,6,11,73.0,2,50.0,1,2,0,0,0.0,0.0,0,0,0,2.0,0,0,0,0,0.0,0.0,0.61,0,0,73,1,0,0,0.0,0.0,0.0,0.0,0.0,0.0,0.0
19,25-26-prem-wolverhampton-wanderers-vs-arsenal,90,0,0,0,0.42,0.12,1,0,0,6,65,26,76.0,2.0,0,1,17.0,0,0.0,2,0,7,0,0,0,1,4,14,3,21.0,1,25.0,0,0,0,0,0.0,0.0,0,0,0,7.0,0,0,0,0,0.0,0.0,0.34,0,0,99,2,0,0,0.0,0.0,0.0,0.0,0.0,0.0,0.0
437,25-26-prem-west-ham-united-vs-manchester-united,90,0,0,0,0.0,0.03,0,0,0,0,121,102,93.0,0.0,17,0,0.0,2,33.0,3,1,9,0,1,0,1,5,3,4,57.0,1,100.0,0,0,0,0,0.0,0.0,0,0,0,1.0,0,0,0,0,0.0,0.0,0.0,0,0,96,1,0,0,0.0,0.0,0.0,0.0,0.0,0.0,0.0
450,25-26-prem-west-ham-united-vs-manchester-united,69,0,0,0,0.0,0.01,0,0,0,1,36,24,83.0,0.0,3,0,0.0,0,0.0,1,0,2,0,1,1,0,1,2,1,33.0,0,0.0,0,0,0,0,0.0,0.0,0,0,0,1.0,0,0,0,0,0.0,0.0,0.0,0,0,69,1,0,0,0.0,0.0,0.0,0.0,0.0,0.0,0.0
236,25-26-prem-chelsea-vs-leeds-united,26,0,0,0,0.0,0.22,0,0,0,1,22,11,92.0,1.0,0,1,20.0,0,0.0,0,0,1,0,1,1,0,0,2,0,0.0,0,0.0,0,0,0,0,0.0,0.0,0,0,0,0.0,0,0,0,0,0.0,0.0,0.0,0,64,98,2,0,0,0.0,0.0,0.0,0.0,0.0,0.0,0.0
365,25-26-prem-chelsea-vs-leeds-united,82,1,1,0,0.79,0.46,1,0,0,3,29,8,73.0,1.0,0,0,0.0,0,0.0,1,1,1,0,0,0,0,3,6,2,33.0,1,33.0,2,2,0,0,0.0,0.0,0,0,0,2.0,0,0,0,0,0.0,0.0,0.76,0,0,82,2,1,0,0.0,0.0,0.0,0.0,0.0,0.0,0.0
344,25-26-prem-chelsea-vs-leeds-united,90,0,0,0,0.0,0.0,0,0,0,1,50,33,89.0,0.0,2,0,0.0,2,67.0,1,1,1,1,9,4,0,4,2,1,50.0,3,75.0,0,1,0,0,0.0,0.0,0,0,0,0.0,0,0,0,0,0.0,0.0,0.0,0,0,98,2,0,0,0.0,0.0,0.0,0.0,0.0,0.0,0.0
224,25-26-prem-chelsea-vs-leeds-united,45,0,0,0,0.0,0.02,0,0,0,0,29,19,95.0,1.0,0,1,50.0,1,100.0,0,0,2,0,1,0,1,0,2,0,0.0,0,0.0,0,0,0,0,0.0,0.0,0,0,0,0.0,0,0,0,0,0.0,0.0,0.0,0,0,46,0,0,0,0.0,0.0,0.0,0.0,0.0,0.0,0.0
698,25-26-prem-chelsea-vs-leeds-united,35,1,0,0,0.61,0.0,1,0,0,2,17,3,60.0,0.0,0,0,0.0,0,0.0,0,0,0,0,0,0,1,2,7,1,20.0,1,25.0,0,0,0,0,0.0,0.0,0,0,0,3.0,0,0,0,0,0.0,0.0,0.98,0,55,98,1,0,0,0.0,0.0,0.0,0.0,0.0,0.0,0.0
107,25-26-prem-brentford-vs-arsenal,73,1,0,0,0.56,0.02,1,0,0,4,28,13,81.0,0.0,0,0,0.0,0,0.0,1,1,5,0,0,0,0,3,3,3,50.0,0,0.0,1,1,0,0,0.0,0.0,0,0,0,1.0,0,0,0,0,0.0,0.0,0.81,0,0,73,1,0,0,0.0,0.0,0.0,0.0,0.0,0.0,0.0
644,25-26-prem-nottingham-forest-vs-wolverhampton-wanderers,12,0,0,0,0.07,0.0,0,0,0,1,3,0,0.0,0.0,0,0,0.0,0,0.0,0,0,0,0,1,1,0,0,2,0,0.0,0,0.0,0,2,0,0,0.0,0.0,0,0,0,0.0,0,0,0,0,0.0,0.0,0.0,0,78,90,0,0,0,0.0,0.0,0.0,0.0,0.0,0.0,0.0
302,25-26-prem-everton-vs-afc-bournemouth,90,0,0,0,0.04,0.03,0,0,0,2,73,53,93.0,1.0,6,0,0.0,0,0.0,1,1,6,2,1,0,0,2,2,1,50.0,1,50.0,0,0,0,0,0.0,0.0,0,0,0,0.0,0,0,0,0,0.0,0.0,0.0,0,0,96,2,0,0,0.0,0.0,0.0,0.0,0.0,0.0,0.0
522,25-26-prem-nottingham-forest-vs-wolverhampton-wanderers,0,0,0,0,0.0,0.0,0,0,0,0,0,0,0.0,0.0,0,0,0.0,0,0.0,0,0,0,0,0,0,0,0,0,0,0.0,0,0.0,0,0,0,0,0.0,0.0,0,0,0,0.0,0,0,0,0,0.0,0.0,0.0,0,0,90,0,0,0,0.0,0.0,0.0,0.0,0.0,0.0,0.0
459,25-26-prem-west-ham-united-vs-manchester-united,0,0,0,0,0.0,0.0,0,0,0,0,0,0,0.0,0.0,0,0,0.0,0,0.0,0,0,0,0,0,0,0,0,0,0,0.0,0,0.0,0,0,0,0,0.0,0.0,0,0,0,0.0,0,0,0,0,0.0,0.0,0.0,0,0,96,1,0,0,0.0,0.0,0.0,0.0,0.0,0.0,0.0
596,25-26-prem-tottenham-hotspur-vs-newcastle-united,90,0,0,0,0.27,0.0,0,0,0,7,30,9,75.0,0.0,0,0,0.0,0,0.0,2,0,2,0,4,3,0,5,5,2,50.0,3,50.0,0,0,0,0,0.0,0.0,0,0,0,2.0,0,0,0,0,0.0,0.0,0.0,0,0,91,2,0,0,0.0,0.0,0.0,0.0,0.0,0.0,0.0
733,25-26-prem-west-ham-united-vs-manchester-united,90,0,0,0,0.0,0.0,0,0,0,0,29,0,0.0,0.0,1,0,0.0,0,0.0,0,0,3,0,1,0,0,0,0,0,0.0,0,0.0,0,0,2,1,1.45,0.45,1,21,5,0.0,0,0,0,0,0.0,0.0,0.0,0,0,96,1,0,0,0.0,0.0,0.0,0.0,0.0,0.0,0.0
623,25-26-prem-west-ham-united-vs-manchester-united,79,0,0,0,0.0,0.01,0,0,0,0,39,21,84.0,0.0,1,0,0.0,0,0.0,2,5,1,0,1,0,1,5,4,2,50.0,3,60.0,0,0,0,0,0.0,0.0,0,0,0,1.0,0,0,0,0,0.0,0.0,0.0,0,0,79,0,0,0,0.0,0.0,0.0,0.0,0.0,0.0,0.0
17,25-26-prem-wolverhampton-wanderers-vs-arsenal,0,0,0,0,0.0,0.0,0,0,0,0,0,0,0.0,0.0,0,0,0.0,0,0.0,0,0,0,0,0,0,0,0,0,0,0.0,0,0.0,0,0,0,0,0.0,0.0,0,0,0,0.0,0,0,0,0,0.0,0.0,0.0,0,0,99,2,0,0,0.0,0.0,0.0,0.0,0.0,0.0,0.0
18,25-26-prem-brentford-vs-arsenal,70,1,0,0,0.19,0.05,1,0,0,7,44,16,67.0,0.0,2,1,20.0,0,0.0,5,0,1,0,0,0,2,8,3,6,67.0,2,100.0,1,1,0,0,0.0,0.0,0,0,0,0.0,0,0,0,0,0.0,0.0,0.79,0,0,70,0,0,0,0.0,0.0,0.0,0.0,0.0,0.0,0.0
305,25-26-prem-everton-vs-afc-bournemouth,28,0,0,0,0.33,0.03,1,0,0,2,23,15,88.0,0.0,0,0,0.0,0,0.0,1,0,2,0,0,0,0,4,1,2,100.0,2,67.0,1,1,0,0,0.0,0.0,0,0,0,0.0,0,0,0,0,0.0,0.0,0.72,0,62,96,1,0,0,0.0,0.0,0.0,0.0,0.0,0.0,0.0
390,25-26-prem-sunderland-vs-liverpool,90,0,0,0,0.02,0.08,0,0,0,1,74,45,83.0,1.0,7,0,0.0,2,50.0,1,1,3,1,6,1,0,2,2,1,50.0,1,50.0,0,0,0,0,0.0,0.0,0,0,0,0.0,0,0,0,0,0.0,0.0,0.0,0,0,92,0,0,0,0.0,0.0,0.0,0.0,0.0,0.0,0.0
644,25-26-prem-wolverhampton-wanderers-vs-arsenal,84,0,0,0,0.0,0.01,0,0,0,0,45,31,84.0,1.0,8,0,0.0,1,50.0,2,0,5,0,0,0,2,2,8,2,29.0,0,0.0,0,2,0,0,0.0,0.0,0,0,0,1.0,0,0,0,0,0.0,0.0,0.0,0,0,84,2,0,0,0.0,0.0,0.0,0.0,0.0,0.0,0.0
720,25-26-prem-nottingham-forest-vs-wolverhampton-wanderers,90,0,0,0,0.12,0.01,0,0,0,1,41,12,80.0,1.0,0,0,0.0,0,0.0,0,0,0,1,3,2,0,6,13,2,40.0,4,29.0,1,1,0,0,0.0,0.0,0,0,0,1.0,0,0,0,0,0.0,0.0,0.0,0,0,90,0,0,0,0.0,0.0,0.0,0.0,0.0,0.0,0.0
148,25-26-prem-aston-villa-vs-brighton-hove-albion,90,0,0,0,0.03,0.01,1,0,0,0,52,29,91.0,0.0,5,0,0.0,2,67.0,2,1,5,0,0,0,0,4,1,4,100.0,0,0.0,2,0,0,0,0.0,0.0,0,0,0,0.0,0,0,0,0,0.0,0.0,0.19,0,0,90,1,0,0,0.0,0.0,0.0,0.0,0.0,0.0,0.0
125,25-26-prem-brentford-vs-arsenal,90,0,0,0,0.0,0.04,0,0,0,1,54,33,85.0,1.0,3,1,50.0,4,57.0,1,1,3,0,4,1,2,4,5,3,38.0,1,100.0,1,3,0,0,0.0,0.0,0,0,0,0.0,0,0,0,0,0.0,0.0,0.0,0,0,95,1,0,0,0.0,0.0,0.0,0.0,0.0,0.0,0.0
758,25-26-prem-west-ham-united-vs-manchester-united,0,0,0,0,0.0,0.0,0,0,0,0,0,0,0.0,0.0,0,0,0.0,0,0.0,0,0,0,0,0,0,0,0,0,0,0.0,0,0.0,0,0,0,0,0.0,0.0,0,0,0,0.0,0,0,0,0,0.0,0.0,0.0,0,0,96,1,0,0,0.0,0.0,0.0,0.0,0.0,0.0,0.0
295,25-26-prem-everton-vs-afc-bournemouth,1,0,0,0,0.0,0.01,0,0,0,4,5,1,33.0,0.0,0,0,0.0,0,0.0,0,0,0,0,0,0,0,3,1,0,0.0,3,75.0,0,0,0,0,0.0,0.0,0,0,0,0.0,0,0,0,0,0.0,0.0,0.0,0,93,96,0,0,0,0.0,0.0,0.0,0.0,0.0,0.0,0.0
447,25-26-prem-west-ham-united-vs-manchester-united,0,0,0,0,0.0,0.0,0,0,0,0,0,0,0.0,0.0,0,0,0.0,0,0.0,0,0,0,0,0,0,0,0,0,0,0.0,0,0.0,0,0,0,0,0.0,0.0,0,0,0,0.0,0,0,0,0,0.0,0.0,0.0,0,0,96,1,0,0,0.0,0.0,0.0,0.0,0.0,0.0,0.0
11,25-26-prem-brentford-vs-arsenal,0,0,0,0,0.0,0.0,0,0,0,0,0,0,0.0,0.0,0,0,0.0,0,0.0,0,0,0,0,0,0,0,0,0,0,0.0,0,0.0,0,0,0,0,0.0,0.0,0,0,0,0.0,0,0,0,0,0.0,0.0,0.0,0,0,95,1,0,0,0.0,0.0,0.0,0.0,0.0,0.0,0.0
699,25-26-prem-aston-villa-vs-brighton-hove-albion,84,0,0,0,0.0,0.07,0,0,0,0,79,50,83.0,2.0,10,1,20.0,3,43.0,2,1,8,0,0,0,1,7,4,7,70.0,0,0.0,5,1,0,0,0.0,0.0,0,0,0,1.0,0,0,0,0,0.0,0.0,0.0,0,0,84,0,0,0,0.0,0.0,0.0,0.0,0.0,0.0,0.0
287,25-26-prem-everton-vs-afc-bournemouth,90,0,0,0,0.0,0.01,0,0,0,0,57,0,0.0,0.0,20,0,0.0,0,0.0,0,0,11,0,0,0,0,0,0,0,0.0,0,0.0,0,0,2,2,2.06,0.06,0,32,14,0.0,1,0,1,0,0.0,0.0,0.0,0,0,96,2,0,0,0.0,0.0,0.0,0.0,0.0,0.0,0.0
31,25-26-prem-brentford-vs-arsenal,0,0,0,0,0.0,0.0,0,0,0,0,0,0,0.0,0.0,0,0,0.0,0,0.0,0,0,0,0,0,0,0,0,0,0,0.0,0,0.0,0,0,0,0,0.0,0.0,0,0,0,0.0,0,0,0,0,0.0,0.0,0.0,0,0,95,1,0,0,0.0,0.0,0.0,0.0,0.0,0.0,0.0
126,25-26-prem-brentford-vs-arsenal,90,0,0,0,0.0,0.35,0,0,0,1,46,22,71.0,4.0,3,2,29.0,1,20.0,2,0,5,0,0,0,0,3,6,3,43.0,0,0.0,1,2,0,0,0.0,0.0,0,0,0,1.0,0,0,0,0,0.0,0.0,0.0,0,0,95,1,0,0,0.0,0.0,0.0,0.0,0.0,0.0,0.0
634,25-26-prem-nottingham-forest-vs-wolverhampton-wanderers,90,0,0,0,0.0,0.0,0,0,0,0,37,13,87.0,0.0,5,0,0.0,1,33.0,1,1,1,0,7,3,1,3,4,2,40.0,1,50.0,2,0,0,0,0.0,0.0,0,0,0,0.0,0,0,0,0,0.0,0.0,0.0,0,0,90,0,0,0,0.0,0.0,0.0,0.0,0.0,0.0,0.0
695,25-26-prem-nottingham-forest-vs-wolverhampton-wanderers,30,0,0,0,0.0,0.0,0,0,0,0,13,2,33.0,0.0,1,0,0.0,0,0.0,0,0,0,0,3,3,0,1,1,1,50.0,0,0.0,1,1,0,0,0.0,0.0,0,0,0,0.0,0,0,0,0,0.0,0.0,0.0,0,60,90,0,0,0,0.0,0.0,0.0,0.0,0.0,0.0,0.0
606,25-26-prem-west-ham-united-vs-manchester-united,90,0,0,0,0.0,0.01,0,0,0,0,37,26,90.0,0.0,6,0,0.0,3,75.0,2,1,1,0,2,1,0,2,0,2,100.0,0,0.0,0,0,0,0,0.0,0.0,0,0,0,0.0,0,0,0,0,0.0,0.0,0.0,0,0,96,1,0,0,0.0,0.0,0.0,0.0,0.0,0.0,0.0
510,25-26-prem-nottingham-forest-vs-wolverhampton-wanderers,0,0,0,0,0.0,0.0,0,0,0,0,0,0,0.0,0.0,0,0,0.0,0,0.0,0,0,0,0,0,0,0,0,0,0,0.0,0,0.0,0,0,0,0,0.0,0.0,0,0,0,0.0,0,0,0,0,0.0,0.0,0.0,0,0,90,0,0,0,0.0,0.0,0.0,0.0,0.0,0.0,0.0
659,25-26-prem-west-ham-united-vs-manchester-united,1,0,0,0,0.0,0.0,0,0,0,0,2,2,100.0,0.0,0,0,0.0,0,0.0,0,0,0,0,0,0,0,0,0,0,0.0,0,0.0,0,0,0,0,0.0,0.0,0,0,0,0.0,0,0,0,0,0.0,0.0,0.0,0,90,96,1,0,0,0.0,0.0,0.0,0.0,0.0,0.0,0.0
714,25-26-prem-tottenham-hotspur-vs-newcastle-united,2,0,0,0,0.0,0.0,0,0,0,0,2,1,100.0,0.0,0,0,0.0,0,0.0,1,0,0,0,0,0,0,1,0,1,100.0,0,0.0,0,0,0,0,0.0,0.0,0,0,0,0.0,0,0,0,0,0.0,0.0,0.0,0,88,91,0,0,0,0.0,0.0,0.0,0.0,0.0,0.0,0.0
64,25-26-prem-aston-villa-vs-brighton-hove-albion,74,0,0,0,0.04,0.02,0,0,0,2,18,10,77.0,0.0,2,0,0.0,1,100.0,0,0,0,0,0,0,0,0,4,0,0.0,0,0.0,0,3,0,0,0.0,0.0,0,0,0,0.0,0,0,0,0,0.0,0.0,0.0,0,0,75,0,0,0,0.0,0.0,0.0,0.0,0.0,0.0,0.0
230,25-26-prem-chelsea-vs-leeds-united,11,0,0,0,0.0,0.0,0,0,0,0,20,13,87.0,0.0,3,0,0.0,0,0.0,1,1,1,0,1,1,0,4,0,2,100.0,2,100.0,0,0,0,0,0.0,0.0,0,0,0,0.0,0,0,0,0,0.0,0.0,0.0,0,79,98,0,0,0,0.0,0.0,0.0,0.0,0.0,0.0,0.0
683,25-26-prem-sunderland-vs-liverpool,80,0,0,0,0.0,0.01,0,0,0,2,40,23,79.0,1.0,4,0,0.0,1,20.0,0,1,2,1,7,2,0,0,3,0,0.0,0,0.0,0,0,0,0,0.0,0.0,0,0,0,0.0,0,0,0,0,0.0,0.0,0.0,0,0,80,1,0,0,0.0,0.0,0.0,0.0,0.0,0.0,0.0
311,25-26-prem-everton-vs-afc-bournemouth,28,0,0,0,0.1,0.01,1,0,0,2,12,4,50.0,0.0,0,0,0.0,0,0.0,0,0,1,0,0,0,0,2,3,0,0.0,2,67.0,0,2,0,0,0.0,0.0,0,0,0,0.0,0,0,0,0,0.0,0.0,0.19,0,62,96,1,0,0,0.0,0.0,0.0,0.0,0.0,0.0,0.0
345,25-26-prem-chelsea-vs-leeds-united,55,0,0,0,0.0,0.0,0,0,0,2,24,11,85.0,0.0,2,0,0.0,1,100.0,1,0,1,3,2,1,1,3,5,2,40.0,1,33.0,0,2,0,0,0.0,0.0,0,0,0,0.0,0,0,0,0,0.0,0.0,0.0,0,0,55,1,0,0,0.0,0.0,0.0,0.0,0.0,0.0,0.0
33,25-26-prem-aston-villa-vs-brighton-hove-albion,0,0,0,0,0.0,0.0,0,0,0,0,0,0,0.0,0.0,0,0,0.0,0,0.0,0,0,0,0,0,0,0,0,0,0,0.0,0,0.0,0,0,0,0,0.0,0.0,0,0,0,0.0,0,0,0,0,0.0,0.0,0.0,0,0,90,0,0,0,0.0,0.0,0.0,0.0,0.0,0.0,0.0
146,25-26-prem-aston-villa-vs-brighton-hove-albion,90,0,0,0,0.0,0.02,0,0,0,0,66,52,90.0,0.0,8,0,0.0,6,86.0,0,1,4,1,1,0,0,2,1,0,0.0,2,67.0,0,0,0,0,0.0,0.0,0,0,0,0.0,0,0,0,0,0.0,0.0,0.0,0,0,90,1,0,0,0.0,0.0,0.0,0.0,0.0,0.0,0.0
37,25-26-prem-aston-villa-vs-brighton-hove-albion,0,0,0,0,0.0,0.0,0,0,0,0,0,0,0.0,0.0,0,0,0.0,0,0.0,0,0,0,0,0,0,0,0,0,0,0.0,0,0.0,0,0,0,0,0.0,0.0,0,0,0,0.0,0,0,0,0,0.0,0.0,0.0,0,0,90,0,0,0,0.0,0.0,0.0,0.0,0.0,0.0,0.0
55,25-26-prem-aston-villa-vs-brighton-hove-albion,30,0,0,0,0.02,0.02,0,0,0,0,12,6,86.0,0.0,2,0,0.0,0,0.0,0,1,1,0,0,0,0,1,2,1,50.0,0,0.0,0,0,0,0,0.0,0.0,0,0,0,0.0,0,0,0,0,0.0,0.0,0.0,0,60,90,0,0,0,0.0,0.0,0.0,0.0,0.0,0.0,0.0
303,25-26-prem-everton-vs-afc-bournemouth,90,0,0,0,0.1,0.48,1,0,0,1,78,50,96.0,2.0,11,5,62.0,1,50.0,2,1,4,0,3,3,1,4,2,4,67.0,0,0.0,0,0,0,0,0.0,0.0,0,0,0,1.0,0,0,0,0,0.0,0.0,0.01,0,0,96,2,0,0,0.0,0.0,0.0,0.0,0.0,0.0,0.0
19,25-26-prem-brentford-vs-arsenal,9,0,0,0,0.07,0.0,1,0,0,1,8,2,50.0,0.0,1,0,0.0,0,0.0,0,0,0,0,1,1,0,2,0,1,100.0,1,100.0,1,0,0,0,0.0,0.0,0,0,0,0.0,0,0,0,0,0.0,0.0,0.16,0,81,95,0,0,0,0.0,0.0,0.0,0.0,0.0,0.0,0.0
560,25-26-prem-sunderland-vs-liverpool,1,0,0,0,0.0,0.0,0,0,0,0,0,0,0.0,0.0,0,0,0.0,0,0.0,0,0,0,0,0,0,0,0,2,0,0.0,0,0.0,0,1,0,0,0.0,0.0,0,0,0,0.0,0,0,0,0,0.0,0.0,0.0,0,92,92,0,0,0,0.0,0.0,0.0,0.0,0.0,0.0,0.0
168,25-26-prem-chelsea-vs-leeds-united,0,0,0,0,0.0,0.0,0,0,0,0,0,0,0.0,0.0,0,0,0.0,0,0.0,0,0,0,0,0,0,0,0,0,0,0.0,0,0.0,0,0,0,0,0.0,0.0,0,0,0,0.0,0,0,0,0,0.0,0.0,0.0,0,0,98,2,0,0,0.0,0.0,0.0,0.0,0.0,0.0,0.0
246,25-26-prem-chelsea-vs-leeds-united,79,0,0,0,0.0,0.04,0,0,0,1,82,69,97.0,0.0,7,0,0.0,1,100.0,2,1,1,0,1,0,0,5,2,5,100.0,0,0.0,3,0,0,0,0.0,0.0,0,0,0,0.0,0,0,0,0,0.0,0.0,0.0,0,0,79,2,0,0,0.0,0.0,0.0,0.0,0.0,0.0,0.0
636,25-26-prem-nottingham-forest-vs-wolverhampton-wanderers,90,0,0,0,0.0,0.14,0,0,0,0,29,20,91.0,1.0,3,1,100.0,3,75.0,0,0,0,2,3,2,0,2,4,1,33.0,1,33.0,1,2,0,0,0.0,0.0,0,0,0,0.0,0,0,0,0,0.0,0.0,0.0,0,0,90,0,0,0,0.0,0.0,0.0,0.0,0.0,0.0,0.0
101,25-26-prem-brentford-vs-arsenal,90,0,0,0,0.0,0.0,0,0,0,0,48,0,0.0,0.0,11,0,0.0,0,0.0,0,0,4,0,1,0,0,0,0,0,0.0,0,0.0,0,0,1,1,0.95,-0.05,1,26,8,0.0,0,0,1,0,0.0,0.0,0.0,0,0,95,1,0,0,0.0,0.0,0.0,0.0,0.0,0.0,0.0
521,25-26-prem-nottingham-forest-vs-wolverhampton-wanderers,90,0,0,0,0.0,0.1,0,0,0,1,45,31,91.0,1.0,3,0,0.0,2,100.0,4,0,4,0,0,0,1,5,7,4,40.0,1,50.0,0,4,0,0,0.0,0.0,0,0,0,0.0,0,0,0,0,0.0,0.0,0.0,0,0,90,0,0,0,0.0,0.0,0.0,0.0,0.0,0.0,0.0
494,25-26-prem-tottenham-hotspur-vs-newcastle-united,88,0,0,0,0.11,0.17,1,0,0,9,47,19,83.0,2.0,2,1,50.0,1,100.0,2,0,6,0,0,0,2,3,11,3,23.0,0,0.0,1,3,0,0,0.0,0.0,0,0,0,4.0,0,0,0,0,0.0,0.0,0.01,0,0,88,1,0,0,0.0,0.0,0.0,0.0,0.0,0.0,0.0
5,25-26-prem-wolverhampton-wanderers-vs-arsenal,90,0,1,0,0.0,0.15,0,0,0,0,67,56,92.0,1.0,7,0,0.0,5,71.0,0,1,5,0,5,5,0,4,0,0,0.0,4,100.0,0,0,0,0,0.0,0.0,0,0,0,0.0,0,0,0,0,0.0,0.0,0.0,0,0,99,2,0,0,0.0,0.0,0.0,0.0,0.0,0.0,0.0
532,25-26-prem-sunderland-vs-liverpool,80,0,0,0,0.14,0.03,0,0,0,2,48,9,60.0,1.0,2,1,33.0,0,0.0,2,0,1,2,3,0,2,6,6,5,56.0,1,33.0,2,0,0,0,0.0,0.0,0,0,0,0.0,0,0,0,0,0.0,0.0,0.0,0,0,80,1,0,0,0.0,0.0,0.0,0.0,0.0,0.0,0.0
385,25-26-prem-sunderland-vs-liverpool,2,0,0,0,0.0,0.0,0,0,0,1,8,4,67.0,0.0,1,0,0.0,0,0.0,0,1,0,0,0,0,0,0,2,0,0.0,0,0.0,0,1,0,0,0.0,0.0,0,0,0,1.0,0,0,0,0,0.0,0.0,0.0,0,88,92,0,0,0,0.0,0.0,0.0,0.0,0.0,0.0,0.0
384,25-26-prem-sunderland-vs-liverpool,75,0,0,0,0.13,0.29,0,0,0,7,43,19,83.0,3.0,1,1,12.0,1,100.0,1,0,3,0,0,0,0,5,3,3,75.0,2,50.0,1,0,0,0,0.0,0.0,0,0,0,0.0,0,0,0,0,0.0,0.0,0.0,0,0,75,0,0,0,0.0,0.0,0.0,0.0,0.0,0.0,0.0
548,25-26-prem-sunderland-vs-liverpool,10,0,0,0,0.0,0.01,0,0,0,3,13,7,100.0,0.0,0,0,0.0,0,0.0,0,0,1,0,0,0,1,0,3,0,0.0,0,0.0,0,0,0,0,0.0,0.0,0,0,0,0.0,0,0,0,0,0.0,0.0,0.0,0,80,92,0,0,0,0.0,0.0,0.0,0.0,0.0,0.0,0.0
77,25-26-prem-everton-vs-afc-bournemouth,90,0,1,0,0.0,0.22,0,0,0,1,77,40,80.0,1.0,6,0,0.0,1,17.0,3,3,2,1,13,7,0,12,2,4,100.0,8,80.0,2,0,0,0,0.0,0.0,0,0,0,0.0,0,0,0,0,0.0,0.0,0.0,0,0,96,1,0,0,0.0,0.0,0.0,0.0,0.0,0.0,0.0
299,25-26-prem-everton-vs-afc-bournemouth,90,1,0,0,0.97,0.56,2,0,0,8,66,31,79.0,2.0,4,1,33.0,0,0.0,1,2,8,0,0,0,1,6,9,5,42.0,1,33.0,4,1,0,0,0.0,0.0,0,0,0,1.0,0,0,0,0,0.0,0.0,1.13,0,0,96,2,1,0,0.0,0.0,0.0,0.0,0.0,0.0,0.0
610,25-26-prem-west-ham-united-vs-manchester-united,90,0,0,0,0.0,0.01,0,0,0,0,48,18,75.0,0.0,7,1,50.0,1,33.0,0,3,4,1,3,1,1,2,4,1,25.0,1,50.0,0,1,0,0,0.0,0.0,0,0,0,2.0,0,0,0,0,0.0,0.0,0.0,0,0,96,1,0,0,0.0,0.0,0.0,0.0,0.0,0.0,0.0
442,25-26-prem-west-ham-united-vs-manchester-united,68,0,0,0,0.01,0.02,0,0,0,2,62,51,96.0,0.0,1,0,0.0,1,100.0,2,2,1,0,2,1,0,5,0,4,100.0,1,100.0,2,0,0,0,0.0,0.0,0,0,0,0.0,0,0,0,0,0.0,0.0,0.0,0,0,68,1,0,0,0.0,0.0,0.0,0.0,0.0,0.0,0.0
443,25-26-prem-west-ham-united-vs-manchester-united,90,0,0,0,0.17,0.15,1,0,0,1,79,53,88.0,2.0,6,1,25.0,3,75.0,2,1,3,0,1,1,0,8,3,5,83.0,3,60.0,2,1,0,0,0.0,0.0,0,0,0,0.0,0,0,0,0,0.0,0.0,0.0,0,0,96,1,0,0,0.0,0.0,0.0,0.0,0.0,0.0,0.0
449,25-26-prem-west-ham-united-vs-manchester-united,90,0,0,0,0.0,0.26,0,0,0,0,85,60,86.0,4.0,21,2,40.0,5,71.0,1,0,2,0,0,0,0,3,5,3,60.0,0,0.0,2,0,0,0,0.0,0.0,0,0,0,1.0,0,0,0,0,0.0,0.0,0.0,0,0,96,1,0,0,0.0,0.0,0.0,0.0,0.0,0.0,0.0
438,25-26-prem-west-ham-united-vs-manchester-united,0,0,0,0,0.0,0.0,0,0,0,0,0,0,0.0,0.0,0,0,0.0,0,0.0,0,0,0,0,0,0,0,0,0,0,0.0,0,0.0,0,0,0,0,0.0,0.0,0,0,0,0.0,0,0,0,0,0.0,0.0,0.0,0,0,96,1,0,0,0.0,0.0,0.0,0.0,0.0,0.0,0.0
535,25-26-prem-sunderland-vs-liverpool,0,0,0,0,0.0,0.0,0,0,0,0,0,0,0.0,0.0,0,0,0.0,0,0.0,0,0,0,0,0,0,0,0,0,0,0.0,0,0.0,0,0,0,0,0.0,0.0,0,0,0,0.0,0,0,0,0,0.0,0.0,0.0,0,0,92,1,0,0,0.0,0.0,0.0,0.0,0.0,0.0,0.0
685,25-26-prem-everton-vs-afc-bournemouth,0,0,0,0,0.0,0.0,0,0,0,0,0,0,0.0,0.0,0,0,0.0,0,0.0,0,0,0,0,0,0,0,0,0,0,0.0,0,0.0,0,0,0,0,0.0,0.0,0,0,0,0.0,0,0,0,0,0.0,0.0,0.0,0,0,96,1,0,0,0.0,0.0,0.0,0.0,0.0,0.0,0.0
595,25-26-prem-tottenham-hotspur-vs-newcastle-united,0,0,0,0,0.0,0.0,0,0,0,0,0,0,0.0,0.0,0,0,0.0,0,0.0,0,0,0,0,0,0,0,0,0,0,0.0,0,0.0,0,0,0,0,0.0,0.0,0,0,0,0.0,0,0,0,0,0.0,0.0,0.0,0,0,91,2,0,0,0.0,0.0,0.0,0.0,0.0,0.0,0.0
505,25-26-prem-nottingham-forest-vs-wolverhampton-wanderers,90,0,0,0,0.01,0.0,0,0,0,0,58,44,90.0,0.0,3,0,0.0,2,100.0,0,0,3,0,6,4,0,4,4,0,0.0,4,57.0,0,1,0,0,0.0,0.0,0,0,0,0.0,0,0,0,0,0.0,0.0,0.0,0,0,90,0,0,0,0.0,0.0,0.0,0.0,0.0,0.0,0.0
110,25-26-prem-brentford-vs-arsenal,90,0,0,0,0.08,0.06,0,0,0,0,51,15,83.0,0.0,2,0,0.0,2,67.0,2,1,3,0,6,3,0,4,3,4,67.0,0,0.0,1,0,0,0,0.0,0.0,0,0,0,0.0,0,0,0,0,0.0,0.0,0.0,0,0,95,1,0,0,0.0,0.0,0.0,0.0,0.0,0.0,0.0
1,25-26-prem-brentford-vs-arsenal,90,0,0,0,0.0,0.0,0,0,0,0,48,0,0.0,0.0,10,0,0.0,0,0.0,0,0,11,0,2,0,0,1,0,0,0.0,1,100.0,0,0,2,1,1.87,0.87,2,26,15,0.0,1,0,2,0,0.0,0.0,0.0,0,0,95,1,0,0,0.0,0.0,0.0,0.0,0.0,0.0,0.0
130,25-26-prem-brentford-vs-arsenal,0,0,0,0,0.0,0.0,0,0,0,0,0,0,0.0,0.0,0,0,0.0,0,0.0,0,0,0,0,0,0,0,0,0,0,0.0,0,0.0,0,0,0,0,0.0,0.0,0,0,0,0.0,0,0,0,0,0.0,0.0,0.0,0,0,95,1,0,0,0.0,0.0,0.0,0.0,0.0,0.0,0.0
675,25-26-prem-nottingham-forest-vs-wolverhampton-wanderers,0,0,0,0,0.0,0.0,0,0,0,0,0,0,0.0,0.0,0,0,0.0,0,0.0,0,0,0,0,0,0,0,0,0,0,0.0,0,0.0,0,0,0,0,0.0,0.0,0,0,0,0.0,0,0,0,0,0.0,0.0,0.0,0,0,90,0,0,0,0.0,0.0,0.0,0.0,0.0,0.0,0.0
367,25-26-prem-sunderland-vs-liverpool,0,0,0,0,0.0,0.0,0,0,0,0,0,0,0.0,0.0,0,0,0.0,0,0.0,0,0,0,0,0,0,0,0,0,0,0.0,0,0.0,0,0,0,0,0.0,0.0,0,0,0,0.0,0,0,0,0,0.0,0.0,0.0,0,0,92,0,0,0,0.0,0.0,0.0,0.0,0.0,0.0,0.0
1,25-26-prem-wolverhampton-wanderers-vs-arsenal,90,0,0,0,0.0,0.0,0,0,0,0,26,0,0.0,0.0,5,0,0.0,0,0.0,0,0,6,0,1,0,0,0,0,0,0.0,0,0.0,0,0,0,2,1.14,-0.86,1,9,2,0.0,0,0,0,0,0.0,0.0,0.0,0,0,99,2,0,0,0.0,0.0,0.0,0.0,0.0,0.0,0.0
547,25-26-prem-sunderland-vs-liverpool,90,0,0,0,0.0,0.24,0,0,0,0,59,28,82.0,0.0,3,0,0.0,0,0.0,3,1,3,2,1,0,2,6,7,5,42.0,1,100.0,2,1,0,0,0.0,0.0,0,0,0,2.0,0,0,0,0,0.0,0.0,0.0,0,0,92,1,0,0,0.0,0.0,0.0,0.0,0.0,0.0,0.0
491,25-26-prem-tottenham-hotspur-vs-newcastle-united,15,0,0,0,0.0,0.0,0,0,0,0,9,2,67.0,0.0,0,0,0.0,0,0.0,0,0,2,0,2,1,0,1,2,1,50.0,0,0.0,1,0,0,0,0.0,0.0,0,0,0,1.0,0,0,0,0,0.0,0.0,0.0,0,75,91,0,0,0,0.0,0.0,0.0,0.0,0.0,0.0,0.0
575,25-26-prem-tottenham-hotspur-vs-newcastle-united,90,0,0,0,0.17,0.01,0,0,0,1,82,59,91.0,0.0,5,0,0.0,4,50.0,1,0,6,2,9,6,0,3,2,2,67.0,1,50.0,1,1,0,0,0.0,0.0,0,0,0,0.0,0,0,0,0,0.0,0.0,0.0,0,0,91,2,0,0,0.0,0.0,0.0,0.0,0.0,0.0,0.0
31,25-26-prem-wolverhampton-wanderers-vs-arsenal,25,0,0,0,0.0,0.01,0,0,0,2,17,9,90.0,0.0,1,0,0.0,0,0.0,0,1,3,0,0,0,0,3,4,1,25.0,2,67.0,0,1,0,0,0.0,0.0,0,0,0,1.0,0,0,0,0,0.0,0.0,0.0,0,65,99,1,0,0,0.0,0.0,0.0,0.0,0.0,0.0,0.0
5,25-26-prem-brentford-vs-arsenal,90,0,0,0,0.12,0.03,0,0,0,1,81,54,93.0,0.0,7,1,100.0,3,75.0,4,2,4,3,9,4,0,13,6,5,62.0,8,73.0,1,2,0,0,0.0,0.0,0,0,0,1.0,0,0,0,0,0.0,0.0,0.0,0,0,95,1,0,0,0.0,0.0,0.0,0.0,0.0,0.0,0.0
709,25-26-prem-wolverhampton-wanderers-vs-arsenal,90,0,0,0,0.0,0.07,0,0,0,2,75,42,72.0,0.0,3,0,0.0,4,33.0,1,4,5,0,3,2,1,5,4,1,50.0,4,57.0,0,0,0,0,0.0,0.0,0,0,0,0.0,0,0,0,0,0.0,0.0,0.0,0,0,99,2,0,0,0.0,0.0,0.0,0.0,0.0,0.0,0.0
380,25-26-prem-sunderland-vs-liverpool,0,0,0,0,0.0,0.0,0,0,0,0,0,0,0.0,0.0,0,0,0.0,0,0.0,0,0,0,0,0,0,0,0,0,0,0.0,0,0.0,0,0,0,0,0.0,0.0,0,0,0,0.0,0,0,0,0,0.0,0.0,0.0,0,0,92,0,0,0,0.0,0.0,0.0,0.0,0.0,0.0,0.0
593,25-26-prem-tottenham-hotspur-vs-newcastle-united,90,0,1,0,0.01,0.41,1,0,0,2,62,40,91.0,1.0,7,0,0.0,5,100.0,4,1,6,0,8,5,0,6,3,5,62.0,1,100.0,0,2,0,0,0.0,0.0,0,0,0,1.0,0,0,0,0,0.0,0.0,0.03,0,0,91,2,0,0,0.0,0.0,0.0,0.0,0.0,0.0,0.0
266,25-26-prem-wolverhampton-wanderers-vs-arsenal,25,0,0,0,0.15,0.01,0,0,0,1,15,10,83.0,0.0,1,0,0.0,0,0.0,0,0,1,0,0,0,0,2,0,1,100.0,1,100.0,0,0,0,0,0.0,0.0,0,0,0,0.0,0,0,0,0,0.0,0.0,0.0,0,65,99,1,0,0,0.0,0.0,0.0,0.0,0.0,0.0,0.0
746,25-26-prem-sunderland-vs-liverpool,0,0,0,0,0.0,0.0,0,0,0,0,0,0,0.0,0.0,0,0,0.0,0,0.0,0,0,0,0,0,0,0,0,0,0,0.0,0,0.0,0,0,0,0,0.0,0.0,0,0,0,0.0,0,0,0,0,0.0,0.0,0.0,0,0,92,0,0,0,0.0,0.0,0.0,0.0,0.0,0.0,0.0
633,25-26-prem-nottingham-forest-vs-wolverhampton-wanderers,60,0,0,0,0.0,0.04,0,0,0,4,46,18,75.0,0.0,5,0,0.0,0,0.0,2,1,5,0,0,0,0,5,3,5,83.0,0,0.0,2,0,0,0,0.0,0.0,0,0,0,0.0,0,0,0,0,0.0,0.0,0.0,0,0,60,0,0,0,0.0,0.0,0.0,0.0,0.0,0.0,0.0
469,25-26-prem-tottenham-hotspur-vs-newcastle-united,90,0,0,0,0.0,0.0,0,0,0,0,27,0,0.0,0.0,8,0,0.0,0,0.0,0,0,9,0,1,0,0,0,0,0,0.0,0,0.0,0,0,1,1,0.73,-0.27,0,8,5,0.0,2,0,0,0,0.0,0.0,0.0,0,0,91,1,0,0,0.0,0.0,0.0,0.0,0.0,0.0,0.0
304,25-26-prem-everton-vs-afc-bournemouth,0,0,0,0,0.0,0.0,0,0,0,0,0,0,0.0,0.0,0,0,0.0,0,0.0,0,0,0,0,0,0,0,0,0,0,0.0,0,0.0,0,0,0,0,0.0,0.0,0,0,0,0.0,0,0,0,0,0.0,0.0,0.0,0,0,96,2,0,0,0.0,0.0,0.0,0.0,0.0,0.0,0.0
136,25-26-prem-brentford-vs-arsenal,90,0,0,0,0.77,0.22,2,0,0,7,37,5,26.0,1.0,3,0,0.0,0,0.0,1,0,4,0,0,0,0,6,14,4,44.0,2,18.0,2,2,0,0,0.0,0.0,0,0,0,2.0,0,0,0,0,0.0,0.0,1.06,0,0,95,1,0,0,0.0,0.0,0.0,0.0,0.0,0.0,0.0
707,25-26-prem-everton-vs-afc-bournemouth,0,0,0,0,0.0,0.0,0,0,0,0,0,0,0.0,0.0,0,0,0.0,0,0.0,0,0,0,0,0,0,0,0,0,0,0.0,0,0.0,0,0,0,0,0.0,0.0,0,0,0,0.0,0,0,0,0,0.0,0.0,0.0,0,0,96,2,0,0,0.0,0.0,0.0,0.0,0.0,0.0,0.0
487,25-26-prem-tottenham-hotspur-vs-newcastle-united,90,0,0,0,0.25,0.05,1,0,0,8,47,25,81.0,0.0,5,1,33.0,1,50.0,1,1,3,0,0,0,0,4,3,4,57.0,0,0.0,3,1,0,0,0.0,0.0,0,0,0,1.0,0,0,0,0,0.0,0.0,0.11,0,0,91,1,0,0,0.0,0.0,0.0,0.0,0.0,0.0,0.0
646,25-26-prem-nottingham-forest-vs-wolverhampton-wanderers,90,0,0,0,0.0,0.01,0,0,0,0,64,38,83.0,0.0,4,0,0.0,0,0.0,6,1,10,0,3,1,2,8,7,7,50.0,1,100.0,0,2,0,0,0.0,0.0,0,0,0,2.0,0,0,0,0,0.0,0.0,0.0,0,0,90,0,0,0,0.0,0.0,0.0,0.0,0.0,0.0,0.0
342,25-26-prem-chelsea-vs-leeds-united,90,0,0,0,0.0,0.01,0,0,0,5,43,22,81.0,0.0,3,0,0.0,0,0.0,0,0,2,1,3,2,0,4,4,2,33.0,2,100.0,2,1,0,0,0.0,0.0,0,0,0,3.0,0,0,0,0,0.0,0.0,0.0,0,0,98,2,0,0,0.0,0.0,0.0,0.0,0.0,0.0,0.0
10,25-26-prem-brentford-vs-arsenal,0,0,0,0,0.0,0.0,0,0,0,0,0,0,0.0,0.0,0,0,0.0,0,0.0,0,0,0,0,0,0,0,0,0,0,0.0,0,0.0,0,0,0,0,0.0,0.0,0,0,0,0.0,0,0,0,0,0.0,0.0,0.0,0,0,95,1,0,0,0.0,0.0,0.0,0.0,0.0,0.0,0.0
362,25-26-prem-chelsea-vs-leeds-united,0,0,0,0,0.0,0.0,0,0,0,0,0,0,0.0,0.0,0,0,0.0,0,0.0,0,0,0,0,0,0,0,0,0,0,0.0,0,0.0,0,0,0,0,0.0,0.0,0,0,0,0.0,0,0,0,0,0.0,0.0,0.0,0,0,98,2,0,0,0.0,0.0,0.0,0.0,0.0,0.0,0.0
552,25-26-prem-sunderland-vs-liverpool,90,0,0,0,0.0,0.06,0,0,0,0,56,42,95.0,1.0,7,0,0.0,4,80.0,1,2,2,2,1,1,2,2,3,2,40.0,0,0.0,1,0,0,0,0.0,0.0,0,0,0,0.0,0,0,0,0,0.0,0.0,0.0,0,0,92,1,0,0,0.0,0.0,0.0,0.0,0.0,0.0,0.0
686,25-26-prem-sunderland-vs-liverpool,0,0,0,0,0.0,0.0,0,0,0,0,0,0,0.0,0.0,0,0,0.0,0,0.0,0,0,0,0,0,0,0,0,0,0,0.0,0,0.0,0,0,0,0,0.0,0.0,0,0,0,0.0,0,0,0,0,0.0,0.0,0.0,0,0,92,0,0,0,0.0,0.0,0.0,0.0,0.0,0.0,0.0
291,25-26-prem-everton-vs-afc-bournemouth,90,0,0,0,0.24,0.02,1,0,0,2,41,23,85.0,0.0,1,0,0.0,1,100.0,0,0,2,2,7,2,0,9,3,3,75.0,6,75.0,3,2,0,0,0.0,0.0,0,0,0,0.0,0,0,0,0,0.0,0.0,0.42,0,0,96,2,0,0,0.0,0.0,0.0,0.0,0.0,0.0,0.0
8,25-26-prem-wolverhampton-wanderers-vs-arsenal,90,0,0,0,0.0,0.03,0,0,0,3,75,41,80.0,0.0,11,0,0.0,1,20.0,2,1,6,0,1,1,0,5,5,4,50.0,1,50.0,1,0,0,0,0.0,0.0,0,0,0,1.0,0,0,0,0,0.0,0.0,0.0,0,0,99,2,0,0,0.0,0.0,0.0,0.0,0.0,0.0,0.0
2,25-26-prem-brentford-vs-arsenal,0,0,0,0,0.0,0.0,0,0,0,0,0,0,0.0,0.0,0,0,0.0,0,0.0,0,0,0,0,0,0,0,0,0,0,0.0,0,0.0,0,0,0,0,0.0,0.0,0,0,0,0.0,0,0,0,0,0.0,0.0,0.0,0,0,95,1,0,0,0.0,0.0,0.0,0.0,0.0,0.0,0.0
6,25-26-prem-wolverhampton-wanderers-vs-arsenal,90,0,0,0,0.0,0.01,0,0,0,0,77,59,89.0,0.0,11,0,0.0,1,25.0,3,0,5,0,5,3,0,6,9,3,43.0,3,38.0,0,2,0,0,0.0,0.0,0,0,0,2.0,0,0,0,0,0.0,0.0,0.0,0,0,99,2,0,0,0.0,0.0,0.0,0.0,0.0,0.0,0.0
635,25-26-prem-nottingham-forest-vs-wolverhampton-wanderers,60,0,0,0,0.0,0.0,0,0,0,2,29,8,62.0,0.0,1,0,0.0,0,0.0,4,1,3,1,1,0,1,5,5,5,56.0,0,0.0,1,1,0,0,0.0,0.0,0,0,0,0.0,0,0,0,0,0.0,0.0,0.0,0,0,60,0,0,0,0.0,0.0,0.0,0.0,0.0,0.0,0.0
627,25-26-prem-wolverhampton-wanderers-vs-arsenal,0,0,0,0,0.0,0.0,0,0,0,0,0,0,0.0,0.0,0,0,0.0,0,0.0,0,0,0,0,0,0,0,0,0,0,0.0,0,0.0,0,0,0,0,0.0,0.0,0,0,0,0.0,0,0,0,0,0.0,0.0,0.0,0,0,99,2,0,0,0.0,0.0,0.0,0.0,0.0,0.0,0.0
266,25-26-prem-brentford-vs-arsenal,45,0,0,0,0.0,0.02,0,0,0,1,17,9,82.0,0.0,0,0,0.0,0,0.0,0,1,0,0,1,0,0,2,3,2,50.0,0,0.0,2,1,0,0,0.0,0.0,0,0,0,1.0,0,0,0,0,0.0,0.0,0.0,0,0,46,0,0,0,0.0,0.0,0.0,0.0,0.0,0.0,0.0
682,25-26-prem-nottingham-forest-vs-wolverhampton-wanderers,30,0,0,0,0.0,0.0,0,0,0,0,9,4,100.0,0.0,0,0,0.0,0,0.0,1,0,1,0,1,0,0,1,1,1,100.0,0,0.0,0,0,0,0,0.0,0.0,0,0,0,0.0,0,0,0,0,0.0,0.0,0.0,0,60,90,0,0,0,0.0,0.0,0.0,0.0,0.0,0.0,0.0
669,25-26-prem-nottingham-forest-vs-wolverhampton-wanderers,25,0,0,0,0.13,0.02,1,0,0,3,21,9,100.0,2.0,0,0,0.0,0,0.0,1,0,0,0,0,0,0,3,4,3,43.0,0,0.0,1,1,0,0,0.0,0.0,0,0,0,2.0,0,0,0,0,0.0,0.0,0.06,0,65,90,0,0,0,0.0,0.0,0.0,0.0,0.0,0.0,0.0
111,25-26-prem-brentford-vs-arsenal,0,0,0,0,0.0,0.0,0,0,0,0,0,0,0.0,0.0,0,0,0.0,0,0.0,0,0,0,0,0,0,0,0,0,0,0.0,0,0.0,0,0,0,0,0.0,0.0,0,0,0,0.0,0,0,0,0,0.0,0.0,0.0,0,0,95,1,0,0,0.0,0.0,0.0,0.0,0.0,0.0,0.0
651,25-26-prem-nottingham-forest-vs-wolverhampton-wanderers,0,0,0,0,0.0,0.0,0,0,0,0,0,0,0.0,0.0,0,0,0.0,0,0.0,0,0,0,0,0,0,0,0,0,0,0.0,0,0.0,0,0,0,0,0.0,0.0,0,0,0,0.0,0,0,0,0,0.0,0.0,0.0,0,0,90,0,0,0,0.0,0.0,0.0,0.0,0.0,0.0,0.0
807,25-26-prem-everton-vs-afc-bournemouth,89,1,0,0,0.34,0.1,1,0,0,2,31,17,94.0,2.0,2,1,50.0,0,0.0,0,0,5,0,0,0,1,1,5,1,25.0,0,0.0,1,1,0,0,0.0,0.0,0,0,0,1.0,0,0,0,0,0.0,0.0,0.79,0,0,93,1,0,0,0.0,0.0,0.0,0.0,0.0,0.0,0.0
310,25-26-prem-everton-vs-afc-bournemouth,62,0,0,0,0.86,0.0,0,0,0,2,22,10,62.0,0.0,1,0,0.0,0,0.0,0,1,1,0,0,0,0,3,8,0,0.0,3,33.0,0,2,0,0,0.0,0.0,0,0,0,0.0,0,0,0,0,0.0,0.0,0.0,0,0,62,1,0,0,0.0,0.0,0.0,0.0,0.0,0.0,0.0
801,25-26-prem-everton-vs-afc-bournemouth,58,0,0,0,0.0,0.08,0,0,0,2,26,15,83.0,2.0,0,0,0.0,0,0.0,0,0,2,0,1,0,1,0,3,0,0.0,0,0.0,0,0,0,0,0.0,0.0,0,0,0,0.0,0,0,0,0,0.0,0.0,0.0,0,0,58,1,0,0,0.0,0.0,0.0,0.0,0.0,0.0,0.0
674,25-26-prem-tottenham-hotspur-vs-newcastle-united,0,0,0,0,0.0,0.0,0,0,0,0,0,0,0.0,0.0,0,0,0.0,0,0.0,0,0,0,0,0,0,0,0,0,0,0.0,0,0.0,0,0,0,0,0.0,0.0,0,0,0,0.0,0,0,0,0,0.0,0.0,0.0,0,0,91,1,0,0,0.0,0.0,0.0,0.0,0.0,0.0,0.0
636,25-26-prem-wolverhampton-wanderers-vs-arsenal,90,0,1,0,0.0,0.02,0,0,0,2,48,34,92.0,2.0,6,0,0.0,5,83.0,2,1,3,0,0,0,1,4,4,3,60.0,1,33.0,1,1,0,0,0.0,0.0,0,0,0,0.0,0,0,0,0,0.0,0.0,0.0,0,0,99,2,0,0,0.0,0.0,0.0,0.0,0.0,0.0,0.0
684,25-26-prem-tottenham-hotspur-vs-newcastle-united,90,1,0,0,0.49,0.19,2,0,0,6,48,32,91.0,1.0,2,0,0.0,2,100.0,0,0,4,2,8,5,1,5,2,0,0.0,5,83.0,0,0,0,0,0.0,0.0,0,0,0,0.0,0,0,0,0,0.0,0.0,0.8,0,0,91,1,0,0,0.0,0.0,0.0,0.0,0.0,0.0,0.0
26,25-26-prem-brentford-vs-arsenal,90,0,0,0,0.0,0.3,0,0,0,1,47,35,95.0,0.0,3,0,0.0,0,0.0,1,0,1,0,4,2,0,2,1,1,50.0,1,100.0,0,0,0,0,0.0,0.0,0,0,0,1.0,0,0,0,0,0.0,0.0,0.0,0,0,95,1,0,0,0.0,0.0,0.0,0.0,0.0,0.0,0.0
721,25-26-prem-everton-vs-afc-bournemouth,0,0,0,0,0.0,0.0,0,0,0,0,0,0,0.0,0.0,0,0,0.0,0,0.0,0,0,0,0,0,0,0,0,0,0,0.0,0,0.0,0,0,0,0,0.0,0.0,0,0,0,0.0,0,0,0,0,0.0,0.0,0.0,0,0,96,1,0,0,0.0,0.0,0.0,0.0,0.0,0.0,0.0
724,25-26-prem-sunderland-vs-liverpool,10,0,0,0,0.0,0.08,0,0,0,0,21,16,94.0,1.0,2,1,100.0,1,100.0,2,0,0,0,0,0,1,2,1,2,67.0,0,0.0,0,0,0,0,0.0,0.0,0,0,0,0.0,0,0,0,0,0.0,0.0,0.0,0,80,92,0,0,0,0.0,0.0,0.0,0.0,0.0,0.0,0.0
531,25-26-prem-sunderland-vs-liverpool,90,0,0,0,0.05,0.0,0,0,0,2,69,48,92.0,1.0,2,0,0.0,1,33.0,0,2,2,1,10,6,1,3,2,0,0.0,3,100.0,0,1,0,0,0.0,0.0,0,0,0,0.0,0,0,0,0,0.0,0.0,0.0,0,0,92,1,0,0,0.0,0.0,0.0,0.0,0.0,0.0,0.0
561,25-26-prem-sunderland-vs-liverpool,0,0,0,0,0.0,0.0,0,0,0,0,0,0,0.0,0.0,0,0,0.0,0,0.0,0,0,0,0,0,0,0,0,0,0,0.0,0,0.0,0,0,0,0,0.0,0.0,0,0,0,0.0,0,0,0,0,0.0,0.0,0.0,0,0,92,1,0,0,0.0,0.0,0.0,0.0,0.0,0.0,0.0
396,25-26-prem-sunderland-vs-liverpool,0,0,0,0,0.0,0.0,0,0,0,0,0,0,0.0,0.0,0,0,0.0,0,0.0,0,0,0,0,0,0,0,0,0,0,0.0,0,0.0,0,0,0,0,0.0,0.0,0,0,0,0.0,0,0,0,0,0.0,0.0,0.0,0,0,92,0,0,0,0.0,0.0,0.0,0.0,0.0,0.0,0.0
11,25-26-prem-wolverhampton-wanderers-vs-arsenal,0,0,0,0,0.0,0.0,0,0,0,0,0,0,0.0,0.0,0,0,0.0,0,0.0,0,0,0,0,0,0,0,0,0,0,0.0,0,0.0,0,0,0,0,0.0,0.0,0,0,0,0.0,0,0,0,0,0.0,0.0,0.0,0,0,99,2,0,0,0.0,0.0,0.0,0.0,0.0,0.0,0.0
26,25-26-prem-wolverhampton-wanderers-vs-arsenal,90,0,0,0,0.0,0.02,0,0,0,0,72,46,84.0,0.0,8,0,0.0,1,100.0,3,1,4,0,4,3,1,10,3,5,62.0,5,100.0,2,2,0,0,0.0,0.0,0,0,0,0.0,0,0,0,0,0.0,0.0,0.0,0,0,99,2,0,0,0.0,0.0,0.0,0.0,0.0,0.0,0.0
374,25-26-prem-sunderland-vs-liverpool,90,0,0,0,0.02,0.02,0,0,0,0,58,42,88.0,1.0,7,0,0.0,1,20.0,2,1,1,1,4,2,0,8,1,3,100.0,5,83.0,1,0,0,0,0.0,0.0,0,0,0,0.0,0,0,0,0,0.0,0.0,0.0,0,0,92,0,0,0,0.0,0.0,0.0,0.0,0.0,0.0,0.0
448,25-26-prem-west-ham-united-vs-manchester-united,0,0,0,0,0.0,0.0,0,0,0,0,0,0,0.0,0.0,0,0,0.0,0,0.0,0,0,0,0,0,0,0,0,0,0,0.0,0,0.0,0,0,0,0,0.0,0.0,0,0,0,0.0,0,0,0,0,0.0,0.0,0.0,0,0,96,1,0,0,0.0,0.0,0.0,0.0,0.0,0.0,0.0
682,25-26-prem-wolverhampton-wanderers-vs-arsenal,0,0,0,0,0.0,0.0,0,0,0,0,0,0,0.0,0.0,0,0,0.0,0,0.0,0,0,0,0,0,0,0,0,0,0,0.0,0,0.0,0,0,0,0,0.0,0.0,0,0,0,0.0,0,0,0,0,0.0,0.0,0.0,0,0,99,2,0,0,0.0,0.0,0.0,0.0,0.0,0.0,0.0
567,25-26-prem-tottenham-hotspur-vs-newcastle-united,0,0,0,0,0.0,0.0,0,0,0,0,0,0,0.0,0.0,0,0,0.0,0,0.0,0,0,0,0,0,0,0,0,0,0,0.0,0,0.0,0,0,0,0,0.0,0.0,0,0,0,0.0,0,0,0,0,0.0,0.0,0.0,0,0,91,2,0,0,0.0,0.0,0.0,0.0,0.0,0.0,0.0
481,25-26-prem-tottenham-hotspur-vs-newcastle-united,0,0,0,0,0.0,0.0,0,0,0,0,0,0,0.0,0.0,0,0,0.0,0,0.0,0,0,0,0,0,0,0,0,0,0,0.0,0,0.0,0,0,0,0,0.0,0.0,0,0,0,0.0,0,0,0,0,0.0,0.0,0.0,0,0,91,1,0,0,0.0,0.0,0.0,0.0,0.0,0.0,0.0
21,25-26-prem-wolverhampton-wanderers-vs-arsenal,90,0,1,0,0.03,0.41,0,0,0,3,79,51,80.0,1.0,14,1,100.0,2,29.0,4,3,9,0,0,0,0,7,1,5,83.0,2,100.0,0,0,0,0,0.0,0.0,0,0,0,0.0,0,0,0,0,0.0,0.0,0.0,0,0,99,2,0,0,0.0,0.0,0.0,0.0,0.0,0.0,0.0
749,25-26-prem-nottingham-forest-vs-wolverhampton-wanderers,90,0,0,0,0.19,0.01,2,0,0,2,44,11,73.0,0.0,1,0,0.0,0,0.0,4,0,4,1,2,2,1,9,11,9,53.0,0,0.0,3,1,0,0,0.0,0.0,0,0,0,3.0,0,0,0,0,0.0,0.0,0.2,0,0,90,0,0,0,0.0,0.0,0.0,0.0,0.0,0.0,0.0
600,25-26-prem-west-ham-united-vs-manchester-united,0,0,0,0,0.0,0.0,0,0,0,0,0,0,0.0,0.0,0,0,0.0,0,0.0,0,0,0,0,0,0,0,0,0,0,0.0,0,0.0,0,0,0,0,0.0,0.0,0,0,0,0.0,0,0,0,0,0.0,0.0,0.0,0,0,96,1,0,0,0.0,0.0,0.0,0.0,0.0,0.0,0.0
693,25-26-prem-nottingham-forest-vs-wolverhampton-wanderers,90,0,0,0,0.09,0.25,0,0,0,6,57,23,92.0,4.0,0,4,29.0,1,100.0,2,0,1,0,2,1,1,5,7,5,42.0,0,0.0,2,2,0,0,0.0,0.0,0,0,0,1.0,0,0,0,0,0.0,0.0,0.0,0,0,90,0,0,0,0.0,0.0,0.0,0.0,0.0,0.0,0.0
808,25-26-prem-aston-villa-vs-brighton-hove-albion,15,0,0,0,0.0,0.0,0,0,0,3,6,2,67.0,0.0,1,0,0.0,0,0.0,1,0,0,0,0,0,0,1,1,1,100.0,0,0.0,0,0,0,0,0.0,0.0,0,0,0,0.0,0,0,0,0,0.0,0.0,0.0,0,75,90,0,0,0,0.0,0.0,0.0,0.0,0.0,0.0,0.0
